Date,Invoice No,Medicine Name,Dosage Form,Category,Unit Price (₹),Quantity Sold,Gross Sales (₹),Discount %,Discount (₹),Net Sales Before GST (₹),GST %,GST (₹),Total Bill (₹),Payment Mode,Customer Type,Day,Month
2026-06-15,INV-10001,Cough Syrup 100ml,Syrup,Cough & Cold,₹85.00,2,₹170.00,0.0,₹0.00,₹170.00,5.0,₹8.50,₹178.50,UPI,Walk-in,Monday,June
2026-06-15,INV-10002,ORS Orange,Sachet,Hydration,₹20.00,2,₹40.00,0.0,₹0.00,₹40.00,5.0,₹2.00,₹42.00,UPI,Walk-in,Monday,June
2026-06-15,INV-10003,Metformin 500mg,Tablet,Diabetes,₹1.50,2,₹3.00,0.0,₹0.00,₹3.00,5.0,₹0.15,₹3.15,UPI,Walk-in,Monday,June
2026-06-15,INV-10004,Electral ORS,Sachet,Hydration,₹20.00,6,₹120.00,5.0,₹6.00,₹114.00,5.0,₹5.70,₹119.70,UPI,Walk-in,Monday,June
2026-06-15,INV-10005,Pantoprazole 40mg,Tablet,Gastro,₹4.50,3,₹13.50,0.0,₹0.00,₹13.50,5.0,₹0.68,₹14.18,Cash,Walk-in,Monday,June
2026-06-15,INV-10006,ORS Orange,Sachet,Hydration,₹20.00,5,₹100.00,0.0,₹0.00,₹100.00,5.0,₹5.00,₹105.00,UPI,Walk-in,Monday,June
2026-06-15,INV-10007,Cheston Cold,Tablet,Cough & Cold,₹4.00,2,₹8.00,0.0,₹0.00,₹8.00,18.0,₹1.44,₹9.44,Card,Chronic,Monday,June
2026-06-15,INV-10008,Levocetirizine 5mg,Tablet,Allergy,₹2.20,5,₹11.00,0.0,₹0.00,₹11.00,5.0,₹0.55,₹11.55,Card,Walk-in,Monday,June
2026-06-15,INV-10009,Volini Gel 30g,Gel,Pain Relief,₹110.00,1,₹110.00,0.0,₹0.00,₹110.00,12.0,₹13.20,₹123.20,UPI,Walk-in,Monday,June
2026-06-15,INV-10010,Telmisartan 40mg,Tablet,Cardiac,₹4.20,2,₹8.40,0.0,₹0.00,₹8.40,12.0,₹1.01,₹9.41,UPI,Walk-in,Monday,June
2026-06-15,INV-10011,Meftal Spas,Tablet,Pain Relief,₹3.80,1,₹3.80,5.0,₹0.19,₹3.61,5.0,₹0.18,₹3.79,UPI,Walk-in,Monday,June
2026-06-15,INV-10012,Electral ORS,Sachet,Hydration,₹20.00,4,₹80.00,0.0,₹0.00,₹80.00,5.0,₹4.00,₹84.00,UPI,Chronic,Monday,June
2026-06-15,INV-10013,Electral ORS,Sachet,Hydration,₹20.00,2,₹40.00,0.0,₹0.00,₹40.00,5.0,₹2.00,₹42.00,UPI,Regular,Monday,June
2026-06-15,INV-10014,Ondansetron 4mg,Tablet,Gastro,₹2.50,1,₹2.50,0.0,₹0.00,₹2.50,12.0,₹0.30,₹2.80,UPI,Regular,Monday,June
2026-06-15,INV-10015,Cheston Cold,Tablet,Cough & Cold,₹4.00,5,₹20.00,0.0,₹0.00,₹20.00,12.0,₹2.40,₹22.40,Cash,Regular,Monday,June
2026-06-15,INV-10016,Azithromycin 500mg,Tablet,Antibiotic,₹12.50,2,₹25.00,2.0,₹0.50,₹24.50,5.0,₹1.23,₹25.73,UPI,Regular,Monday,June
2026-06-15,INV-10017,Pantoprazole 40mg,Tablet,Gastro,₹4.50,1,₹4.50,0.0,₹0.00,₹4.50,5.0,₹0.23,₹4.73,Cash,Regular,Monday,June
2026-06-15,INV-10018,Ondansetron 4mg,Tablet,Gastro,₹2.50,2,₹5.00,3.0,₹0.15,₹4.85,12.0,₹0.58,₹5.43,Cash,Walk-in,Monday,June
2026-06-15,INV-10019,Crocin Advance,Tablet,Pain Relief,₹3.00,1,₹3.00,0.0,₹0.00,₹3.00,18.0,₹0.54,₹3.54,Cash,Walk-in,Monday,June
2026-06-15,INV-10020,Vicks Action 500,Tablet,Cough & Cold,₹5.00,4,₹20.00,0.0,₹0.00,₹20.00,5.0,₹1.00,₹21.00,Card,Chronic,Monday,June
2026-06-15,INV-10021,Cheston Cold,Tablet,Cough & Cold,₹4.00,5,₹20.00,0.0,₹0.00,₹20.00,5.0,₹1.00,₹21.00,UPI,Chronic,Monday,June
2026-06-15,INV-10022,Dolo 650,Tablet,Pain Relief,₹3.20,1,₹3.20,0.0,₹0.00,₹3.20,18.0,₹0.58,₹3.78,UPI,Chronic,Monday,June
2026-06-15,INV-10023,Ondansetron 4mg,Tablet,Gastro,₹2.50,1,₹2.50,0.0,₹0.00,₹2.50,5.0,₹0.12,₹2.62,UPI,Walk-in,Monday,June
2026-06-15,INV-10024,Vitamin C 500mg,Tablet,Vitamins,₹2.80,2,₹5.60,3.0,₹0.17,₹5.43,12.0,₹0.65,₹6.08,UPI,Regular,Monday,June
2026-06-15,INV-10025,Multivitamin Syrup 200ml,Syrup,Vitamins,₹145.00,2,₹290.00,5.0,₹14.50,₹275.50,5.0,₹13.78,₹289.28,Card,Walk-in,Monday,June
2026-06-15,INV-10026,Cetirizine 10mg,Tablet,Allergy,₹1.80,2,₹3.60,0.0,₹0.00,₹3.60,5.0,₹0.18,₹3.78,Cash,Regular,Monday,June
2026-06-15,INV-10027,Dolo 650,Tablet,Pain Relief,₹3.20,1,₹3.20,0.0,₹0.00,₹3.20,5.0,₹0.16,₹3.36,Card,Walk-in,Monday,June
2026-06-15,INV-10028,Dettol Antiseptic 100ml,Liquid,Antiseptic,₹75.00,2,₹150.00,5.0,₹7.50,₹142.50,12.0,₹17.10,₹159.60,Cash,Regular,Monday,June
2026-06-15,INV-10029,Cheston Cold,Tablet,Cough & Cold,₹4.00,1,₹4.00,0.0,₹0.00,₹4.00,12.0,₹0.48,₹4.48,UPI,Regular,Monday,June
2026-06-15,INV-10030,Paracetamol 500mg,Tablet,Pain Relief,₹2.50,2,₹5.00,0.0,₹0.00,₹5.00,5.0,₹0.25,₹5.25,UPI,Walk-in,Monday,June
2026-06-15,INV-10031,Vitamin C 500mg,Tablet,Vitamins,₹2.80,1,₹2.80,0.0,₹0.00,₹2.80,5.0,₹0.14,₹2.94,UPI,Walk-in,Monday,June
2026-06-15,INV-10032,Volini Gel 30g,Gel,Pain Relief,₹110.00,1,₹110.00,0.0,₹0.00,₹110.00,5.0,₹5.50,₹115.50,Cash,Regular,Monday,June
2026-06-15,INV-10033,Vicks Action 500,Tablet,Cough & Cold,₹5.00,5,₹25.00,0.0,₹0.00,₹25.00,18.0,₹4.50,₹29.50,UPI,Walk-in,Monday,June
2026-06-15,INV-10034,ORS Orange,Sachet,Hydration,₹20.00,4,₹80.00,0.0,₹0.00,₹80.00,12.0,₹9.60,₹89.60,UPI,Chronic,Monday,June
2026-06-16,INV-10035,Dolo 650,Tablet,Pain Relief,₹3.20,3,₹9.60,0.0,₹0.00,₹9.60,5.0,₹0.48,₹10.08,UPI,Walk-in,Tuesday,June
2026-06-16,INV-10036,Paracetamol 500mg,Tablet,Pain Relief,₹2.50,3,₹7.50,0.0,₹0.00,₹7.50,12.0,₹0.90,₹8.40,UPI,Regular,Tuesday,June
2026-06-16,INV-10037,Glimepiride 1mg,Tablet,Diabetes,₹2.00,1,₹2.00,0.0,₹0.00,₹2.00,18.0,₹0.36,₹2.36,Cash,Walk-in,Tuesday,June
2026-06-16,INV-10038,Multivitamin Syrup 200ml,Syrup,Vitamins,₹145.00,2,₹290.00,3.0,₹8.70,₹281.30,5.0,₹14.06,₹295.36,UPI,Chronic,Tuesday,June
2026-06-16,INV-10039,Vitamin C 500mg,Tablet,Vitamins,₹2.80,2,₹5.60,0.0,₹0.00,₹5.60,5.0,₹0.28,₹5.88,Cash,Regular,Tuesday,June
2026-06-16,INV-10040,Amoxicillin 500mg,Capsule,Antibiotic,₹8.50,1,₹8.50,0.0,₹0.00,₹8.50,18.0,₹1.53,₹10.03,Cash,New Customer,Tuesday,June
2026-06-16,INV-10041,Amoxicillin 500mg,Capsule,Antibiotic,₹8.50,5,₹42.50,0.0,₹0.00,₹42.50,5.0,₹2.12,₹44.62,Cash,New Customer,Tuesday,June
2026-06-16,INV-10042,Betadine 100ml,Solution,Antiseptic,₹85.00,6,₹510.00,5.0,₹25.50,₹484.50,5.0,₹24.23,₹508.73,UPI,Walk-in,Tuesday,June
2026-06-16,INV-10043,Meftal Spas,Tablet,Pain Relief,₹3.80,4,₹15.20,0.0,₹0.00,₹15.20,18.0,₹2.74,₹17.94,Cash,Regular,Tuesday,June
2026-06-16,INV-10044,Omeprazole 20mg,Capsule,Gastro,₹3.80,3,₹11.40,0.0,₹0.00,₹11.40,18.0,₹2.05,₹13.45,Cash,Regular,Tuesday,June
2026-06-16,INV-10045,Omeprazole 20mg,Capsule,Gastro,₹3.80,1,₹3.80,0.0,₹0.00,₹3.80,12.0,₹0.46,₹4.26,Card,Regular,Tuesday,June
2026-06-16,INV-10046,Crocin Advance,Tablet,Pain Relief,₹3.00,3,₹9.00,0.0,₹0.00,₹9.00,12.0,₹1.08,₹10.08,Cash,Chronic,Tuesday,June
2026-06-16,INV-10047,Telmisartan 40mg,Tablet,Cardiac,₹4.20,4,₹16.80,3.0,₹0.50,₹16.30,12.0,₹1.96,₹18.26,UPI,Regular,Tuesday,June
2026-06-16,INV-10048,Glimepiride 1mg,Tablet,Diabetes,₹2.00,3,₹6.00,0.0,₹0.00,₹6.00,5.0,₹0.30,₹6.30,UPI,Chronic,Tuesday,June
2026-06-16,INV-10049,Glimepiride 1mg,Tablet,Diabetes,₹2.00,2,₹4.00,0.0,₹0.00,₹4.00,5.0,₹0.20,₹4.20,UPI,Walk-in,Tuesday,June
2026-06-16,INV-10050,Crocin Advance,Tablet,Pain Relief,₹3.00,2,₹6.00,0.0,₹0.00,₹6.00,5.0,₹0.30,₹6.30,UPI,Walk-in,Tuesday,June
2026-06-16,INV-10051,Cough Syrup 100ml,Syrup,Cough & Cold,₹85.00,4,₹340.00,0.0,₹0.00,₹340.00,12.0,₹40.80,₹380.80,Cash,Regular,Tuesday,June
2026-06-16,INV-10052,Ondansetron 4mg,Tablet,Gastro,₹2.50,1,₹2.50,0.0,₹0.00,₹2.50,5.0,₹0.12,₹2.62,Cash,Walk-in,Tuesday,June
2026-06-16,INV-10053,Vicks Action 500,Tablet,Cough & Cold,₹5.00,2,₹10.00,0.0,₹0.00,₹10.00,5.0,₹0.50,₹10.50,UPI,New Customer,Tuesday,June
2026-06-16,INV-10054,Ondansetron 4mg,Tablet,Gastro,₹2.50,2,₹5.00,2.0,₹0.10,₹4.90,5.0,₹0.24,₹5.14,Cash,Walk-in,Tuesday,June
2026-06-16,INV-10055,Paracetamol 500mg,Tablet,Pain Relief,₹2.50,1,₹2.50,5.0,₹0.12,₹2.38,5.0,₹0.12,₹2.50,UPI,Regular,Tuesday,June
2026-06-16,INV-10056,Ondansetron 4mg,Tablet,Gastro,₹2.50,1,₹2.50,0.0,₹0.00,₹2.50,12.0,₹0.30,₹2.80,Cash,Regular,Tuesday,June
2026-06-16,INV-10057,Cough Syrup 100ml,Syrup,Cough & Cold,₹85.00,3,₹255.00,0.0,₹0.00,₹255.00,12.0,₹30.60,₹285.60,Card,Regular,Tuesday,June
2026-06-16,INV-10058,Electral ORS,Sachet,Hydration,₹20.00,3,₹60.00,0.0,₹0.00,₹60.00,12.0,₹7.20,₹67.20,Cash,Walk-in,Tuesday,June
2026-06-16,INV-10059,Atorvastatin 10mg,Tablet,Cardiac,₹3.20,1,₹3.20,0.0,₹0.00,₹3.20,18.0,₹0.58,₹3.78,Cash,Walk-in,Tuesday,June
2026-06-16,INV-10060,Pantoprazole 40mg,Tablet,Gastro,₹4.50,3,₹13.50,0.0,₹0.00,₹13.50,5.0,₹0.68,₹14.18,Cash,Walk-in,Tuesday,June
2026-06-16,INV-10061,Azithromycin 500mg,Tablet,Antibiotic,₹12.50,1,₹12.50,0.0,₹0.00,₹12.50,12.0,₹1.50,₹14.00,UPI,Regular,Tuesday,June
2026-06-16,INV-10062,Cetirizine 10mg,Tablet,Allergy,₹1.80,1,₹1.80,0.0,₹0.00,₹1.80,18.0,₹0.32,₹2.12,UPI,Regular,Tuesday,June
2026-06-16,INV-10063,Pantoprazole 40mg,Tablet,Gastro,₹4.50,3,₹13.50,0.0,₹0.00,₹13.50,5.0,₹0.68,₹14.18,Cash,Regular,Tuesday,June
2026-06-16,INV-10064,Cough Syrup 100ml,Syrup,Cough & Cold,₹85.00,2,₹170.00,3.0,₹5.10,₹164.90,12.0,₹19.79,₹184.69,UPI,Walk-in,Tuesday,June
2026-06-16,INV-10065,Multivitamin Syrup 200ml,Syrup,Vitamins,₹145.00,2,₹290.00,0.0,₹0.00,₹290.00,18.0,₹52.20,₹342.20,Card,Walk-in,Tuesday,June
2026-06-16,INV-10066,Crocin Advance,Tablet,Pain Relief,₹3.00,5,₹15.00,0.0,₹0.00,₹15.00,5.0,₹0.75,₹15.75,Cash,Walk-in,Tuesday,June
2026-06-16,INV-10067,Glimepiride 1mg,Tablet,Diabetes,₹2.00,1,₹2.00,0.0,₹0.00,₹2.00,12.0,₹0.24,₹2.24,Cash,Walk-in,Tuesday,June
2026-06-16,INV-10068,Multivitamin Syrup 200ml,Syrup,Vitamins,₹145.00,1,₹145.00,2.0,₹2.90,₹142.10,12.0,₹17.05,₹159.15,Cash,Walk-in,Tuesday,June
2026-06-16,INV-10069,Digene Gel 200ml,Suspension,Gastro,₹125.00,3,₹375.00,3.0,₹11.25,₹363.75,5.0,₹18.19,₹381.94,UPI,Chronic,Tuesday,June
2026-06-16,INV-10070,Crocin Advance,Tablet,Pain Relief,₹3.00,1,₹3.00,2.0,₹0.06,₹2.94,5.0,₹0.15,₹3.09,UPI,New Customer,Tuesday,June
2026-06-16,INV-10071,Digene Gel 200ml,Suspension,Gastro,₹125.00,2,₹250.00,2.0,₹5.00,₹245.00,18.0,₹44.10,₹289.10,UPI,New Customer,Tuesday,June
2026-06-16,INV-10072,ORS Orange,Sachet,Hydration,₹20.00,2,₹40.00,2.0,₹0.80,₹39.20,18.0,₹7.06,₹46.26,UPI,Walk-in,Tuesday,June
2026-06-16,INV-10073,Amlodipine 5mg,Tablet,Cardiac,₹1.80,2,₹3.60,2.0,₹0.07,₹3.53,5.0,₹0.18,₹3.71,UPI,Chronic,Tuesday,June
2026-06-16,INV-10074,Calcium + D3,Tablet,Vitamins,₹6.00,1,₹6.00,3.0,₹0.18,₹5.82,18.0,₹1.05,₹6.87,Cash,Walk-in,Tuesday,June
2026-06-16,INV-10075,Amlodipine 5mg,Tablet,Cardiac,₹1.80,6,₹10.80,0.0,₹0.00,₹10.80,5.0,₹0.54,₹11.34,UPI,Walk-in,Tuesday,June
2026-06-16,INV-10076,Dolo 650,Tablet,Pain Relief,₹3.20,2,₹6.40,0.0,₹0.00,₹6.40,12.0,₹0.77,₹7.17,UPI,Chronic,Tuesday,June
2026-06-16,INV-10077,Vicks Action 500,Tablet,Cough & Cold,₹5.00,1,₹5.00,0.0,₹0.00,₹5.00,5.0,₹0.25,₹5.25,Cash,Regular,Tuesday,June
2026-06-16,INV-10078,Crocin Advance,Tablet,Pain Relief,₹3.00,5,₹15.00,0.0,₹0.00,₹15.00,12.0,₹1.80,₹16.80,Cash,Walk-in,Tuesday,June
2026-06-17,INV-10079,Atorvastatin 10mg,Tablet,Cardiac,₹3.20,5,₹16.00,0.0,₹0.00,₹16.00,5.0,₹0.80,₹16.80,UPI,Walk-in,Wednesday,June
2026-06-17,INV-10080,ORS Orange,Sachet,Hydration,₹20.00,1,₹20.00,0.0,₹0.00,₹20.00,12.0,₹2.40,₹22.40,Cash,Regular,Wednesday,June
2026-06-17,INV-10081,Cetirizine 10mg,Tablet,Allergy,₹1.80,2,₹3.60,5.0,₹0.18,₹3.42,18.0,₹0.62,₹4.04,UPI,Walk-in,Wednesday,June
2026-06-17,INV-10082,Levocetirizine 5mg,Tablet,Allergy,₹2.20,1,₹2.20,5.0,₹0.11,₹2.09,5.0,₹0.10,₹2.19,Cash,New Customer,Wednesday,June
2026-06-17,INV-10083,Calcium + D3,Tablet,Vitamins,₹6.00,5,₹30.00,0.0,₹0.00,₹30.00,12.0,₹3.60,₹33.60,Card,Walk-in,Wednesday,June
2026-06-17,INV-10084,B-Complex,Tablet,Vitamins,₹3.50,6,₹21.00,0.0,₹0.00,₹21.00,5.0,₹1.05,₹22.05,UPI,Regular,Wednesday,June
2026-06-17,INV-10085,Pantoprazole 40mg,Tablet,Gastro,₹4.50,3,₹13.50,0.0,₹0.00,₹13.50,5.0,₹0.68,₹14.18,Card,Walk-in,Wednesday,June
2026-06-17,INV-10086,ORS Lemon,Sachet,Hydration,₹22.00,6,₹132.00,3.0,₹3.96,₹128.04,5.0,₹6.40,₹134.44,UPI,Regular,Wednesday,June
2026-06-17,INV-10087,Omeprazole 20mg,Capsule,Gastro,₹3.80,1,₹3.80,0.0,₹0.00,₹3.80,5.0,₹0.19,₹3.99,UPI,Regular,Wednesday,June
2026-06-17,INV-10088,Amlodipine 5mg,Tablet,Cardiac,₹1.80,6,₹10.80,5.0,₹0.54,₹10.26,5.0,₹0.51,₹10.77,UPI,Regular,Wednesday,June
2026-06-17,INV-10089,Betadine 100ml,Solution,Antiseptic,₹85.00,4,₹340.00,0.0,₹0.00,₹340.00,12.0,₹40.80,₹380.80,Cash,New Customer,Wednesday,June
2026-06-17,INV-10090,Volini Gel 30g,Gel,Pain Relief,₹110.00,6,₹660.00,0.0,₹0.00,₹660.00,18.0,₹118.80,₹778.80,UPI,Walk-in,Wednesday,June
2026-06-17,INV-10091,Dolo 650,Tablet,Pain Relief,₹3.20,4,₹12.80,0.0,₹0.00,₹12.80,12.0,₹1.54,₹14.34,Cash,Walk-in,Wednesday,June
2026-06-17,INV-10092,Amoxicillin 500mg,Capsule,Antibiotic,₹8.50,8,₹68.00,0.0,₹0.00,₹68.00,18.0,₹12.24,₹80.24,UPI,Walk-in,Wednesday,June
2026-06-17,INV-10093,ORS Orange,Sachet,Hydration,₹20.00,4,₹80.00,2.0,₹1.60,₹78.40,5.0,₹3.92,₹82.32,UPI,Walk-in,Wednesday,June
2026-06-17,INV-10094,Amoxicillin 500mg,Capsule,Antibiotic,₹8.50,1,₹8.50,3.0,₹0.26,₹8.24,18.0,₹1.48,₹9.72,UPI,New Customer,Wednesday,June
2026-06-17,INV-10095,Cetirizine 10mg,Tablet,Allergy,₹1.80,2,₹3.60,2.0,₹0.07,₹3.53,5.0,₹0.18,₹3.71,Card,Chronic,Wednesday,June
2026-06-17,INV-10096,Telmisartan 40mg,Tablet,Cardiac,₹4.20,2,₹8.40,0.0,₹0.00,₹8.40,5.0,₹0.42,₹8.82,Card,Regular,Wednesday,June
2026-06-17,INV-10097,Pantoprazole 40mg,Tablet,Gastro,₹4.50,3,₹13.50,0.0,₹0.00,₹13.50,12.0,₹1.62,₹15.12,UPI,Walk-in,Wednesday,June
2026-06-17,INV-10098,Glimepiride 1mg,Tablet,Diabetes,₹2.00,2,₹4.00,2.0,₹0.08,₹3.92,12.0,₹0.47,₹4.39,UPI,Chronic,Wednesday,June
2026-06-17,INV-10099,B-Complex,Tablet,Vitamins,₹3.50,2,₹7.00,3.0,₹0.21,₹6.79,5.0,₹0.34,₹7.13,UPI,Walk-in,Wednesday,June
2026-06-17,INV-10100,Paracetamol 500mg,Tablet,Pain Relief,₹2.50,3,₹7.50,0.0,₹0.00,₹7.50,5.0,₹0.38,₹7.88,UPI,Walk-in,Wednesday,June
2026-06-17,INV-10101,Vicks Action 500,Tablet,Cough & Cold,₹5.00,1,₹5.00,0.0,₹0.00,₹5.00,5.0,₹0.25,₹5.25,UPI,Walk-in,Wednesday,June
2026-06-17,INV-10102,Cough Syrup 100ml,Syrup,Cough & Cold,₹85.00,5,₹425.00,0.0,₹0.00,₹425.00,5.0,₹21.25,₹446.25,UPI,Chronic,Wednesday,June
2026-06-17,INV-10103,Atorvastatin 10mg,Tablet,Cardiac,₹3.20,3,₹9.60,3.0,₹0.29,₹9.31,18.0,₹1.68,₹10.99,Card,Walk-in,Wednesday,June
2026-06-17,INV-10104,Levocetirizine 5mg,Tablet,Allergy,₹2.20,2,₹4.40,0.0,₹0.00,₹4.40,5.0,₹0.22,₹4.62,UPI,New Customer,Wednesday,June
2026-06-17,INV-10105,Digene Gel 200ml,Suspension,Gastro,₹125.00,2,₹250.00,0.0,₹0.00,₹250.00,5.0,₹12.50,₹262.50,Cash,Walk-in,Wednesday,June
2026-06-17,INV-10106,B-Complex,Tablet,Vitamins,₹3.50,1,₹3.50,0.0,₹0.00,₹3.50,5.0,₹0.17,₹3.67,Cash,Regular,Wednesday,June
2026-06-17,INV-10107,Azithromycin 500mg,Tablet,Antibiotic,₹12.50,2,₹25.00,3.0,₹0.75,₹24.25,5.0,₹1.21,₹25.46,UPI,Regular,Wednesday,June
2026-06-17,INV-10108,Azithromycin 500mg,Tablet,Antibiotic,₹12.50,1,₹12.50,0.0,₹0.00,₹12.50,5.0,₹0.62,₹13.12,Cash,Walk-in,Wednesday,June
2026-06-17,INV-10109,Cetirizine 10mg,Tablet,Allergy,₹1.80,1,₹1.80,0.0,₹0.00,₹1.80,5.0,₹0.09,₹1.89,UPI,Walk-in,Wednesday,June
2026-06-17,INV-10110,Dettol Antiseptic 100ml,Liquid,Antiseptic,₹75.00,2,₹150.00,0.0,₹0.00,₹150.00,12.0,₹18.00,₹168.00,Cash,Chronic,Wednesday,June
2026-06-17,INV-10111,Telmisartan 40mg,Tablet,Cardiac,₹4.20,1,₹4.20,3.0,₹0.13,₹4.07,5.0,₹0.20,₹4.27,Card,Walk-in,Wednesday,June
2026-06-17,INV-10112,ORS Orange,Sachet,Hydration,₹20.00,4,₹80.00,0.0,₹0.00,₹80.00,5.0,₹4.00,₹84.00,Cash,Walk-in,Wednesday,June
2026-06-17,INV-10113,Vitamin C 500mg,Tablet,Vitamins,₹2.80,2,₹5.60,0.0,₹0.00,₹5.60,12.0,₹0.67,₹6.27,UPI,Walk-in,Wednesday,June
2026-06-17,INV-10114,Vicks Action 500,Tablet,Cough & Cold,₹5.00,1,₹5.00,0.0,₹0.00,₹5.00,5.0,₹0.25,₹5.25,UPI,Chronic,Wednesday,June
2026-06-17,INV-10115,Levocetirizine 5mg,Tablet,Allergy,₹2.20,2,₹4.40,0.0,₹0.00,₹4.40,5.0,₹0.22,₹4.62,UPI,Regular,Wednesday,June
2026-06-17,INV-10116,Betadine 100ml,Solution,Antiseptic,₹85.00,1,₹85.00,0.0,₹0.00,₹85.00,5.0,₹4.25,₹89.25,Cash,Walk-in,Wednesday,June
2026-06-17,INV-10117,ORS Lemon,Sachet,Hydration,₹22.00,2,₹44.00,0.0,₹0.00,₹44.00,12.0,₹5.28,₹49.28,Card,Regular,Wednesday,June
2026-06-18,INV-10118,Omeprazole 20mg,Capsule,Gastro,₹3.80,1,₹3.80,0.0,₹0.00,₹3.80,5.0,₹0.19,₹3.99,Cash,Walk-in,Thursday,June
2026-06-18,INV-10119,B-Complex,Tablet,Vitamins,₹3.50,1,₹3.50,0.0,₹0.00,₹3.50,5.0,₹0.17,₹3.67,Card,Walk-in,Thursday,June
2026-06-18,INV-10120,Amlodipine 5mg,Tablet,Cardiac,₹1.80,2,₹3.60,5.0,₹0.18,₹3.42,18.0,₹0.62,₹4.04,Cash,Walk-in,Thursday,June
2026-06-18,INV-10121,Metformin 500mg,Tablet,Diabetes,₹1.50,4,₹6.00,2.0,₹0.12,₹5.88,12.0,₹0.71,₹6.59,Cash,Walk-in,Thursday,June
2026-06-18,INV-10122,Azithromycin 500mg,Tablet,Antibiotic,₹12.50,5,₹62.50,0.0,₹0.00,₹62.50,12.0,₹7.50,₹70.00,UPI,Walk-in,Thursday,June
2026-06-18,INV-10123,Metformin 500mg,Tablet,Diabetes,₹1.50,1,₹1.50,0.0,₹0.00,₹1.50,5.0,₹0.07,₹1.57,UPI,Regular,Thursday,June
2026-06-18,INV-10124,Vicks Action 500,Tablet,Cough & Cold,₹5.00,1,₹5.00,0.0,₹0.00,₹5.00,5.0,₹0.25,₹5.25,Cash,Regular,Thursday,June
2026-06-18,INV-10125,Dolo 650,Tablet,Pain Relief,₹3.20,2,₹6.40,0.0,₹0.00,₹6.40,5.0,₹0.32,₹6.72,Cash,Walk-in,Thursday,June
2026-06-18,INV-10126,Metformin 500mg,Tablet,Diabetes,₹1.50,1,₹1.50,5.0,₹0.07,₹1.43,5.0,₹0.07,₹1.50,UPI,Chronic,Thursday,June
2026-06-18,INV-10127,Pantoprazole 40mg,Tablet,Gastro,₹4.50,3,₹13.50,2.0,₹0.27,₹13.23,5.0,₹0.66,₹13.89,UPI,Walk-in,Thursday,June
2026-06-18,INV-10128,Pantoprazole 40mg,Tablet,Gastro,₹4.50,2,₹9.00,3.0,₹0.27,₹8.73,5.0,₹0.44,₹9.17,UPI,New Customer,Thursday,June
2026-06-18,INV-10129,Atorvastatin 10mg,Tablet,Cardiac,₹3.20,3,₹9.60,3.0,₹0.29,₹9.31,12.0,₹1.12,₹10.43,Cash,Walk-in,Thursday,June
2026-06-18,INV-10130,Vitamin C 500mg,Tablet,Vitamins,₹2.80,2,₹5.60,2.0,₹0.11,₹5.49,5.0,₹0.27,₹5.76,Cash,Chronic,Thursday,June
2026-06-18,INV-10131,Telmisartan 40mg,Tablet,Cardiac,₹4.20,1,₹4.20,0.0,₹0.00,₹4.20,5.0,₹0.21,₹4.41,UPI,Regular,Thursday,June
2026-06-18,INV-10132,ORS Lemon,Sachet,Hydration,₹22.00,2,₹44.00,3.0,₹1.32,₹42.68,5.0,₹2.13,₹44.81,UPI,Chronic,Thursday,June
2026-06-18,INV-10133,Omeprazole 20mg,Capsule,Gastro,₹3.80,2,₹7.60,0.0,₹0.00,₹7.60,5.0,₹0.38,₹7.98,Cash,Regular,Thursday,June
2026-06-18,INV-10134,Amoxicillin 500mg,Capsule,Antibiotic,₹8.50,1,₹8.50,3.0,₹0.26,₹8.24,18.0,₹1.48,₹9.72,UPI,Regular,Thursday,June
2026-06-18,INV-10135,Cetirizine 10mg,Tablet,Allergy,₹1.80,3,₹5.40,0.0,₹0.00,₹5.40,5.0,₹0.27,₹5.67,Card,Regular,Thursday,June
2026-06-18,INV-10136,Cough Syrup 100ml,Syrup,Cough & Cold,₹85.00,1,₹85.00,2.0,₹1.70,₹83.30,18.0,₹14.99,₹98.29,UPI,Regular,Thursday,June
2026-06-18,INV-10137,Volini Gel 30g,Gel,Pain Relief,₹110.00,4,₹440.00,0.0,₹0.00,₹440.00,12.0,₹52.80,₹492.80,Cash,Walk-in,Thursday,June
2026-06-18,INV-10138,Dolo 650,Tablet,Pain Relief,₹3.20,1,₹3.20,0.0,₹0.00,₹3.20,5.0,₹0.16,₹3.36,UPI,Chronic,Thursday,June
2026-06-18,INV-10139,Betadine 100ml,Solution,Antiseptic,₹85.00,4,₹340.00,0.0,₹0.00,₹340.00,5.0,₹17.00,₹357.00,UPI,Walk-in,Thursday,June
2026-06-18,INV-10140,Ondansetron 4mg,Tablet,Gastro,₹2.50,4,₹10.00,0.0,₹0.00,₹10.00,12.0,₹1.20,₹11.20,Cash,Regular,Thursday,June
2026-06-18,INV-10141,Betadine 100ml,Solution,Antiseptic,₹85.00,3,₹255.00,0.0,₹0.00,₹255.00,5.0,₹12.75,₹267.75,UPI,Walk-in,Thursday,June
2026-06-18,INV-10142,B-Complex,Tablet,Vitamins,₹3.50,1,₹3.50,3.0,₹0.10,₹3.40,5.0,₹0.17,₹3.57,UPI,Walk-in,Thursday,June
2026-06-18,INV-10143,Cetirizine 10mg,Tablet,Allergy,₹1.80,6,₹10.80,0.0,₹0.00,₹10.80,12.0,₹1.30,₹12.10,UPI,Regular,Thursday,June
2026-06-18,INV-10144,Amoxicillin 500mg,Capsule,Antibiotic,₹8.50,1,₹8.50,3.0,₹0.26,₹8.24,12.0,₹0.99,₹9.23,Card,Regular,Thursday,June
2026-06-18,INV-10145,Digene Gel 200ml,Suspension,Gastro,₹125.00,5,₹625.00,0.0,₹0.00,₹625.00,12.0,₹75.00,₹700.00,Cash,Regular,Thursday,June
2026-06-18,INV-10146,Paracetamol 500mg,Tablet,Pain Relief,₹2.50,2,₹5.00,0.0,₹0.00,₹5.00,5.0,₹0.25,₹5.25,Card,New Customer,Thursday,June
2026-06-18,INV-10147,Cheston Cold,Tablet,Cough & Cold,₹4.00,1,₹4.00,5.0,₹0.20,₹3.80,18.0,₹0.68,₹4.48,UPI,Walk-in,Thursday,June
2026-06-19,INV-10148,Metformin 500mg,Tablet,Diabetes,₹1.50,2,₹3.00,3.0,₹0.09,₹2.91,12.0,₹0.35,₹3.26,UPI,Regular,Friday,June
2026-06-19,INV-10149,Cheston Cold,Tablet,Cough & Cold,₹4.00,1,₹4.00,0.0,₹0.00,₹4.00,5.0,₹0.20,₹4.20,Cash,New Customer,Friday,June
2026-06-19,INV-10150,Metformin 500mg,Tablet,Diabetes,₹1.50,2,₹3.00,0.0,₹0.00,₹3.00,12.0,₹0.36,₹3.36,Card,Regular,Friday,June
2026-06-19,INV-10151,Omeprazole 20mg,Capsule,Gastro,₹3.80,1,₹3.80,0.0,₹0.00,₹3.80,5.0,₹0.19,₹3.99,Cash,Chronic,Friday,June
2026-06-19,INV-10152,Cheston Cold,Tablet,Cough & Cold,₹4.00,1,₹4.00,0.0,₹0.00,₹4.00,5.0,₹0.20,₹4.20,UPI,Regular,Friday,June
2026-06-19,INV-10153,Omeprazole 20mg,Capsule,Gastro,₹3.80,3,₹11.40,0.0,₹0.00,₹11.40,5.0,₹0.57,₹11.97,UPI,Walk-in,Friday,June
2026-06-19,INV-10154,ORS Lemon,Sachet,Hydration,₹22.00,2,₹44.00,0.0,₹0.00,₹44.00,18.0,₹7.92,₹51.92,Cash,Chronic,Friday,June
2026-06-19,INV-10155,Cough Syrup 100ml,Syrup,Cough & Cold,₹85.00,2,₹170.00,0.0,₹0.00,₹170.00,5.0,₹8.50,₹178.50,UPI,Walk-in,Friday,June
2026-06-19,INV-10156,Digene Gel 200ml,Suspension,Gastro,₹125.00,1,₹125.00,0.0,₹0.00,₹125.00,5.0,₹6.25,₹131.25,UPI,Walk-in,Friday,June
2026-06-19,INV-10157,Cheston Cold,Tablet,Cough & Cold,₹4.00,1,₹4.00,0.0,₹0.00,₹4.00,12.0,₹0.48,₹4.48,Cash,Walk-in,Friday,June
2026-06-19,INV-10158,Volini Gel 30g,Gel,Pain Relief,₹110.00,1,₹110.00,0.0,₹0.00,₹110.00,5.0,₹5.50,₹115.50,Cash,Walk-in,Friday,June
2026-06-19,INV-10159,Omeprazole 20mg,Capsule,Gastro,₹3.80,3,₹11.40,3.0,₹0.34,₹11.06,12.0,₹1.33,₹12.39,UPI,Walk-in,Friday,June
2026-06-19,INV-10160,Crocin Advance,Tablet,Pain Relief,₹3.00,1,₹3.00,0.0,₹0.00,₹3.00,5.0,₹0.15,₹3.15,Card,Walk-in,Friday,June
2026-06-19,INV-10161,Cough Syrup 100ml,Syrup,Cough & Cold,₹85.00,1,₹85.00,0.0,₹0.00,₹85.00,5.0,₹4.25,₹89.25,Cash,Regular,Friday,June
2026-06-19,INV-10162,Digene Gel 200ml,Suspension,Gastro,₹125.00,5,₹625.00,2.0,₹12.50,₹612.50,5.0,₹30.62,₹643.12,UPI,Walk-in,Friday,June
2026-06-19,INV-10163,Volini Gel 30g,Gel,Pain Relief,₹110.00,2,₹220.00,0.0,₹0.00,₹220.00,12.0,₹26.40,₹246.40,UPI,Walk-in,Friday,June
2026-06-19,INV-10164,Electral ORS,Sachet,Hydration,₹20.00,2,₹40.00,0.0,₹0.00,₹40.00,5.0,₹2.00,₹42.00,Card,Chronic,Friday,June
2026-06-19,INV-10165,Cetirizine 10mg,Tablet,Allergy,₹1.80,4,₹7.20,0.0,₹0.00,₹7.20,5.0,₹0.36,₹7.56,Card,Chronic,Friday,June
2026-06-19,INV-10166,Dolo 650,Tablet,Pain Relief,₹3.20,1,₹3.20,0.0,₹0.00,₹3.20,5.0,₹0.16,₹3.36,UPI,Regular,Friday,June
2026-06-19,INV-10167,Levocetirizine 5mg,Tablet,Allergy,₹2.20,1,₹2.20,2.0,₹0.04,₹2.16,5.0,₹0.11,₹2.27,Card,Regular,Friday,June
2026-06-19,INV-10168,Amlodipine 5mg,Tablet,Cardiac,₹1.80,1,₹1.80,0.0,₹0.00,₹1.80,12.0,₹0.22,₹2.02,Card,Walk-in,Friday,June
2026-06-19,INV-10169,Betadine 100ml,Solution,Antiseptic,₹85.00,1,₹85.00,0.0,₹0.00,₹85.00,5.0,₹4.25,₹89.25,UPI,Chronic,Friday,June
2026-06-19,INV-10170,Dolo 650,Tablet,Pain Relief,₹3.20,1,₹3.20,0.0,₹0.00,₹3.20,12.0,₹0.38,₹3.58,Card,Chronic,Friday,June
2026-06-19,INV-10171,Betadine 100ml,Solution,Antiseptic,₹85.00,3,₹255.00,0.0,₹0.00,₹255.00,5.0,₹12.75,₹267.75,Cash,New Customer,Friday,June
2026-06-19,INV-10172,Atorvastatin 10mg,Tablet,Cardiac,₹3.20,2,₹6.40,0.0,₹0.00,₹6.40,12.0,₹0.77,₹7.17,Cash,Walk-in,Friday,June
2026-06-19,INV-10173,Electral ORS,Sachet,Hydration,₹20.00,1,₹20.00,0.0,₹0.00,₹20.00,5.0,₹1.00,₹21.00,Cash,Walk-in,Friday,June
2026-06-19,INV-10174,Betadine 100ml,Solution,Antiseptic,₹85.00,2,₹170.00,0.0,₹0.00,₹170.00,5.0,₹8.50,₹178.50,Cash,Regular,Friday,June
2026-06-19,INV-10175,Vitamin C 500mg,Tablet,Vitamins,₹2.80,3,₹8.40,3.0,₹0.25,₹8.15,5.0,₹0.41,₹8.56,UPI,Walk-in,Friday,June
2026-06-19,INV-10176,Betadine 100ml,Solution,Antiseptic,₹85.00,1,₹85.00,0.0,₹0.00,₹85.00,12.0,₹10.20,₹95.20,Cash,Walk-in,Friday,June
2026-06-19,INV-10177,Telmisartan 40mg,Tablet,Cardiac,₹4.20,2,₹8.40,2.0,₹0.17,₹8.23,12.0,₹0.99,₹9.22,Cash,Walk-in,Friday,June
2026-06-19,INV-10178,Vicks Action 500,Tablet,Cough & Cold,₹5.00,2,₹10.00,0.0,₹0.00,₹10.00,12.0,₹1.20,₹11.20,UPI,Walk-in,Friday,June
2026-06-19,INV-10179,Ondansetron 4mg,Tablet,Gastro,₹2.50,4,₹10.00,0.0,₹0.00,₹10.00,5.0,₹0.50,₹10.50,Cash,Regular,Friday,June
2026-06-19,INV-10180,Digene Gel 200ml,Suspension,Gastro,₹125.00,1,₹125.00,3.0,₹3.75,₹121.25,5.0,₹6.06,₹127.31,Cash,New Customer,Friday,June
2026-06-19,INV-10181,Levocetirizine 5mg,Tablet,Allergy,₹2.20,1,₹2.20,0.0,₹0.00,₹2.20,12.0,₹0.26,₹2.46,Card,Regular,Friday,June
2026-06-19,INV-10182,Cough Syrup 100ml,Syrup,Cough & Cold,₹85.00,3,₹255.00,0.0,₹0.00,₹255.00,5.0,₹12.75,₹267.75,UPI,Walk-in,Friday,June
2026-06-20,INV-10183,Betadine 100ml,Solution,Antiseptic,₹85.00,2,₹170.00,0.0,₹0.00,₹170.00,12.0,₹20.40,₹190.40,UPI,Regular,Saturday,June
2026-06-20,INV-10184,Volini Gel 30g,Gel,Pain Relief,₹110.00,2,₹220.00,0.0,₹0.00,₹220.00,5.0,₹11.00,₹231.00,UPI,Regular,Saturday,June
2026-06-20,INV-10185,Omeprazole 20mg,Capsule,Gastro,₹3.80,4,₹15.20,0.0,₹0.00,₹15.20,5.0,₹0.76,₹15.96,UPI,New Customer,Saturday,June
2026-06-20,INV-10186,B-Complex,Tablet,Vitamins,₹3.50,1,₹3.50,0.0,₹0.00,₹3.50,5.0,₹0.17,₹3.67,Card,Walk-in,Saturday,June
2026-06-20,INV-10187,Volini Gel 30g,Gel,Pain Relief,₹110.00,1,₹110.00,0.0,₹0.00,₹110.00,12.0,₹13.20,₹123.20,Cash,Walk-in,Saturday,June
2026-06-20,INV-10188,Metformin 500mg,Tablet,Diabetes,₹1.50,1,₹1.50,0.0,₹0.00,₹1.50,5.0,₹0.07,₹1.57,Cash,Walk-in,Saturday,June
2026-06-20,INV-10189,ORS Lemon,Sachet,Hydration,₹22.00,3,₹66.00,0.0,₹0.00,₹66.00,18.0,₹11.88,₹77.88,UPI,Walk-in,Saturday,June
2026-06-20,INV-10190,Glimepiride 1mg,Tablet,Diabetes,₹2.00,3,₹6.00,0.0,₹0.00,₹6.00,5.0,₹0.30,₹6.30,Cash,New Customer,Saturday,June
2026-06-20,INV-10191,Levocetirizine 5mg,Tablet,Allergy,₹2.20,1,₹2.20,0.0,₹0.00,₹2.20,12.0,₹0.26,₹2.46,Cash,New Customer,Saturday,June
2026-06-20,INV-10192,Atorvastatin 10mg,Tablet,Cardiac,₹3.20,1,₹3.20,0.0,₹0.00,₹3.20,12.0,₹0.38,₹3.58,Card,Chronic,Saturday,June
2026-06-20,INV-10193,Meftal Spas,Tablet,Pain Relief,₹3.80,5,₹19.00,5.0,₹0.95,₹18.05,5.0,₹0.90,₹18.95,UPI,Walk-in,Saturday,June
2026-06-20,INV-10194,Volini Gel 30g,Gel,Pain Relief,₹110.00,4,₹440.00,0.0,₹0.00,₹440.00,5.0,₹22.00,₹462.00,UPI,Walk-in,Saturday,June
2026-06-20,INV-10195,Cheston Cold,Tablet,Cough & Cold,₹4.00,2,₹8.00,0.0,₹0.00,₹8.00,12.0,₹0.96,₹8.96,Card,Chronic,Saturday,June
2026-06-20,INV-10196,Vicks Action 500,Tablet,Cough & Cold,₹5.00,3,₹15.00,0.0,₹0.00,₹15.00,5.0,₹0.75,₹15.75,UPI,Regular,Saturday,June
2026-06-20,INV-10197,Volini Gel 30g,Gel,Pain Relief,₹110.00,1,₹110.00,0.0,₹0.00,₹110.00,18.0,₹19.80,₹129.80,UPI,New Customer,Saturday,June
2026-06-20,INV-10198,Levocetirizine 5mg,Tablet,Allergy,₹2.20,2,₹4.40,0.0,₹0.00,₹4.40,18.0,₹0.79,₹5.19,UPI,Walk-in,Saturday,June
2026-06-20,INV-10199,Calcium + D3,Tablet,Vitamins,₹6.00,4,₹24.00,0.0,₹0.00,₹24.00,5.0,₹1.20,₹25.20,UPI,Walk-in,Saturday,June
2026-06-20,INV-10200,Metformin 500mg,Tablet,Diabetes,₹1.50,1,₹1.50,3.0,₹0.04,₹1.46,18.0,₹0.26,₹1.72,Cash,Walk-in,Saturday,June
2026-06-20,INV-10201,Cheston Cold,Tablet,Cough & Cold,₹4.00,3,₹12.00,0.0,₹0.00,₹12.00,12.0,₹1.44,₹13.44,Cash,Walk-in,Saturday,June
2026-06-20,INV-10202,Levocetirizine 5mg,Tablet,Allergy,₹2.20,1,₹2.20,0.0,₹0.00,₹2.20,18.0,₹0.40,₹2.60,Card,Walk-in,Saturday,June
2026-06-20,INV-10203,Omeprazole 20mg,Capsule,Gastro,₹3.80,8,₹30.40,0.0,₹0.00,₹30.40,18.0,₹5.47,₹35.87,Card,Regular,Saturday,June
2026-06-20,INV-10204,Telmisartan 40mg,Tablet,Cardiac,₹4.20,2,₹8.40,0.0,₹0.00,₹8.40,12.0,₹1.01,₹9.41,UPI,Chronic,Saturday,June
2026-06-20,INV-10205,Glimepiride 1mg,Tablet,Diabetes,₹2.00,2,₹4.00,3.0,₹0.12,₹3.88,5.0,₹0.19,₹4.07,Cash,Walk-in,Saturday,June
2026-06-20,INV-10206,Pantoprazole 40mg,Tablet,Gastro,₹4.50,2,₹9.00,0.0,₹0.00,₹9.00,12.0,₹1.08,₹10.08,Card,Walk-in,Saturday,June
2026-06-20,INV-10207,Amlodipine 5mg,Tablet,Cardiac,₹1.80,1,₹1.80,3.0,₹0.05,₹1.75,18.0,₹0.32,₹2.07,Card,Walk-in,Saturday,June
2026-06-20,INV-10208,Betadine 100ml,Solution,Antiseptic,₹85.00,1,₹85.00,2.0,₹1.70,₹83.30,5.0,₹4.17,₹87.47,Cash,New Customer,Saturday,June
2026-06-20,INV-10209,Meftal Spas,Tablet,Pain Relief,₹3.80,2,₹7.60,2.0,₹0.15,₹7.45,5.0,₹0.37,₹7.82,Cash,Walk-in,Saturday,June
2026-06-20,INV-10210,ORS Orange,Sachet,Hydration,₹20.00,2,₹40.00,0.0,₹0.00,₹40.00,5.0,₹2.00,₹42.00,Cash,Walk-in,Saturday,June
2026-06-20,INV-10211,Amlodipine 5mg,Tablet,Cardiac,₹1.80,4,₹7.20,0.0,₹0.00,₹7.20,5.0,₹0.36,₹7.56,Cash,Walk-in,Saturday,June
2026-06-20,INV-10212,Multivitamin Syrup 200ml,Syrup,Vitamins,₹145.00,4,₹580.00,0.0,₹0.00,₹580.00,12.0,₹69.60,₹649.60,Cash,Chronic,Saturday,June
2026-06-20,INV-10213,Cough Syrup 100ml,Syrup,Cough & Cold,₹85.00,1,₹85.00,2.0,₹1.70,₹83.30,12.0,₹10.00,₹93.30,Card,Walk-in,Saturday,June
2026-06-20,INV-10214,Levocetirizine 5mg,Tablet,Allergy,₹2.20,3,₹6.60,0.0,₹0.00,₹6.60,18.0,₹1.19,₹7.79,Cash,Walk-in,Saturday,June
2026-06-20,INV-10215,Crocin Advance,Tablet,Pain Relief,₹3.00,8,₹24.00,0.0,₹0.00,₹24.00,12.0,₹2.88,₹26.88,UPI,Regular,Saturday,June
2026-06-20,INV-10216,Amlodipine 5mg,Tablet,Cardiac,₹1.80,2,₹3.60,0.0,₹0.00,₹3.60,12.0,₹0.43,₹4.03,UPI,Walk-in,Saturday,June
2026-06-20,INV-10217,Betadine 100ml,Solution,Antiseptic,₹85.00,1,₹85.00,0.0,₹0.00,₹85.00,18.0,₹15.30,₹100.30,Cash,Walk-in,Saturday,June
2026-06-20,INV-10218,ORS Lemon,Sachet,Hydration,₹22.00,1,₹22.00,3.0,₹0.66,₹21.34,5.0,₹1.07,₹22.41,UPI,Chronic,Saturday,June
2026-06-20,INV-10219,Levocetirizine 5mg,Tablet,Allergy,₹2.20,4,₹8.80,2.0,₹0.18,₹8.62,18.0,₹1.55,₹10.17,Cash,Walk-in,Saturday,June
2026-06-20,INV-10220,Atorvastatin 10mg,Tablet,Cardiac,₹3.20,6,₹19.20,0.0,₹0.00,₹19.20,18.0,₹3.46,₹22.66,UPI,New Customer,Saturday,June
2026-06-20,INV-10221,Calcium + D3,Tablet,Vitamins,₹6.00,6,₹36.00,2.0,₹0.72,₹35.28,5.0,₹1.76,₹37.04,UPI,Walk-in,Saturday,June
2026-06-20,INV-10222,Ondansetron 4mg,Tablet,Gastro,₹2.50,3,₹7.50,0.0,₹0.00,₹7.50,12.0,₹0.90,₹8.40,Cash,Chronic,Saturday,June
2026-06-20,INV-10223,Crocin Advance,Tablet,Pain Relief,₹3.00,2,₹6.00,0.0,₹0.00,₹6.00,5.0,₹0.30,₹6.30,UPI,Walk-in,Saturday,June
2026-06-20,INV-10224,Vitamin C 500mg,Tablet,Vitamins,₹2.80,1,₹2.80,0.0,₹0.00,₹2.80,5.0,₹0.14,₹2.94,UPI,Regular,Saturday,June
2026-06-20,INV-10225,Dettol Antiseptic 100ml,Liquid,Antiseptic,₹75.00,4,₹300.00,0.0,₹0.00,₹300.00,5.0,₹15.00,₹315.00,Card,New Customer,Saturday,June
2026-06-20,INV-10226,B-Complex,Tablet,Vitamins,₹3.50,2,₹7.00,0.0,₹0.00,₹7.00,5.0,₹0.35,₹7.35,UPI,Regular,Saturday,June
2026-06-20,INV-10227,Dolo 650,Tablet,Pain Relief,₹3.20,2,₹6.40,0.0,₹0.00,₹6.40,5.0,₹0.32,₹6.72,Cash,Regular,Saturday,June
2026-06-20,INV-10228,Crocin Advance,Tablet,Pain Relief,₹3.00,2,₹6.00,0.0,₹0.00,₹6.00,5.0,₹0.30,₹6.30,Card,Walk-in,Saturday,June
2026-06-20,INV-10229,Amoxicillin 500mg,Capsule,Antibiotic,₹8.50,3,₹25.50,0.0,₹0.00,₹25.50,12.0,₹3.06,₹28.56,Card,Regular,Saturday,June
2026-06-21,INV-10230,Dettol Antiseptic 100ml,Liquid,Antiseptic,₹75.00,1,₹75.00,0.0,₹0.00,₹75.00,12.0,₹9.00,₹84.00,Cash,Regular,Sunday,June
2026-06-21,INV-10231,Cetirizine 10mg,Tablet,Allergy,₹1.80,4,₹7.20,0.0,₹0.00,₹7.20,12.0,₹0.86,₹8.06,Cash,Walk-in,Sunday,June
2026-06-21,INV-10232,Omeprazole 20mg,Capsule,Gastro,₹3.80,3,₹11.40,0.0,₹0.00,₹11.40,5.0,₹0.57,₹11.97,Card,Walk-in,Sunday,June
2026-06-21,INV-10233,Pantoprazole 40mg,Tablet,Gastro,₹4.50,3,₹13.50,3.0,₹0.41,₹13.09,5.0,₹0.65,₹13.74,UPI,Chronic,Sunday,June
2026-06-21,INV-10234,Electral ORS,Sachet,Hydration,₹20.00,4,₹80.00,0.0,₹0.00,₹80.00,12.0,₹9.60,₹89.60,Card,Regular,Sunday,June
2026-06-21,INV-10235,Vicks Action 500,Tablet,Cough & Cold,₹5.00,2,₹10.00,0.0,₹0.00,₹10.00,5.0,₹0.50,₹10.50,UPI,Regular,Sunday,June
2026-06-21,INV-10236,Telmisartan 40mg,Tablet,Cardiac,₹4.20,1,₹4.20,0.0,₹0.00,₹4.20,5.0,₹0.21,₹4.41,Cash,Chronic,Sunday,June
2026-06-21,INV-10237,Ondansetron 4mg,Tablet,Gastro,₹2.50,6,₹15.00,0.0,₹0.00,₹15.00,12.0,₹1.80,₹16.80,Cash,Chronic,Sunday,June
2026-06-21,INV-10238,Omeprazole 20mg,Capsule,Gastro,₹3.80,2,₹7.60,0.0,₹0.00,₹7.60,18.0,₹1.37,₹8.97,UPI,Walk-in,Sunday,June
2026-06-21,INV-10239,Atorvastatin 10mg,Tablet,Cardiac,₹3.20,6,₹19.20,0.0,₹0.00,₹19.20,5.0,₹0.96,₹20.16,Cash,Regular,Sunday,June
2026-06-21,INV-10240,Vitamin C 500mg,Tablet,Vitamins,₹2.80,1,₹2.80,0.0,₹0.00,₹2.80,12.0,₹0.34,₹3.14,UPI,Chronic,Sunday,June
2026-06-21,INV-10241,Digene Gel 200ml,Suspension,Gastro,₹125.00,3,₹375.00,0.0,₹0.00,₹375.00,18.0,₹67.50,₹442.50,UPI,Walk-in,Sunday,June
2026-06-21,INV-10242,Calcium + D3,Tablet,Vitamins,₹6.00,1,₹6.00,3.0,₹0.18,₹5.82,12.0,₹0.70,₹6.52,UPI,Walk-in,Sunday,June
2026-06-21,INV-10243,Metformin 500mg,Tablet,Diabetes,₹1.50,2,₹3.00,3.0,₹0.09,₹2.91,5.0,₹0.15,₹3.06,Card,Walk-in,Sunday,June
2026-06-21,INV-10244,Glimepiride 1mg,Tablet,Diabetes,₹2.00,2,₹4.00,3.0,₹0.12,₹3.88,12.0,₹0.47,₹4.35,Cash,Regular,Sunday,June
2026-06-21,INV-10245,Vicks Action 500,Tablet,Cough & Cold,₹5.00,3,₹15.00,0.0,₹0.00,₹15.00,5.0,₹0.75,₹15.75,UPI,New Customer,Sunday,June
2026-06-21,INV-10246,Vicks Action 500,Tablet,Cough & Cold,₹5.00,1,₹5.00,5.0,₹0.25,₹4.75,5.0,₹0.24,₹4.99,Cash,Chronic,Sunday,June
2026-06-21,INV-10247,Dettol Antiseptic 100ml,Liquid,Antiseptic,₹75.00,1,₹75.00,3.0,₹2.25,₹72.75,5.0,₹3.64,₹76.39,UPI,Regular,Sunday,June
2026-06-21,INV-10248,Cough Syrup 100ml,Syrup,Cough & Cold,₹85.00,2,₹170.00,0.0,₹0.00,₹170.00,5.0,₹8.50,₹178.50,UPI,New Customer,Sunday,June
2026-06-21,INV-10249,Paracetamol 500mg,Tablet,Pain Relief,₹2.50,3,₹7.50,0.0,₹0.00,₹7.50,18.0,₹1.35,₹8.85,UPI,Walk-in,Sunday,June
2026-06-21,INV-10250,ORS Lemon,Sachet,Hydration,₹22.00,2,₹44.00,0.0,₹0.00,₹44.00,5.0,₹2.20,₹46.20,Cash,Walk-in,Sunday,June
2026-06-21,INV-10251,Pantoprazole 40mg,Tablet,Gastro,₹4.50,2,₹9.00,2.0,₹0.18,₹8.82,12.0,₹1.06,₹9.88,UPI,Walk-in,Sunday,June
2026-06-21,INV-10252,Amlodipine 5mg,Tablet,Cardiac,₹1.80,3,₹5.40,0.0,₹0.00,₹5.40,12.0,₹0.65,₹6.05,Cash,Walk-in,Sunday,June
2026-06-21,INV-10253,Dettol Antiseptic 100ml,Liquid,Antiseptic,₹75.00,3,₹225.00,0.0,₹0.00,₹225.00,12.0,₹27.00,₹252.00,UPI,Chronic,Sunday,June
2026-06-21,INV-10254,Paracetamol 500mg,Tablet,Pain Relief,₹2.50,4,₹10.00,0.0,₹0.00,₹10.00,5.0,₹0.50,₹10.50,Cash,Walk-in,Sunday,June
2026-06-21,INV-10255,Dolo 650,Tablet,Pain Relief,₹3.20,2,₹6.40,3.0,₹0.19,₹6.21,5.0,₹0.31,₹6.52,Cash,Walk-in,Sunday,June
2026-06-21,INV-10256,Paracetamol 500mg,Tablet,Pain Relief,₹2.50,5,₹12.50,0.0,₹0.00,₹12.50,5.0,₹0.62,₹13.12,UPI,Walk-in,Sunday,June
2026-06-21,INV-10257,Paracetamol 500mg,Tablet,Pain Relief,₹2.50,8,₹20.00,5.0,₹1.00,₹19.00,12.0,₹2.28,₹21.28,Cash,New Customer,Sunday,June
2026-06-21,INV-10258,Omeprazole 20mg,Capsule,Gastro,₹3.80,4,₹15.20,0.0,₹0.00,₹15.20,12.0,₹1.82,₹17.02,UPI,Walk-in,Sunday,June
2026-06-21,INV-10259,B-Complex,Tablet,Vitamins,₹3.50,1,₹3.50,0.0,₹0.00,₹3.50,5.0,₹0.17,₹3.67,Cash,Regular,Sunday,June
2026-06-21,INV-10260,Multivitamin Syrup 200ml,Syrup,Vitamins,₹145.00,3,₹435.00,5.0,₹21.75,₹413.25,5.0,₹20.66,₹433.91,Cash,Regular,Sunday,June
2026-06-21,INV-10261,Paracetamol 500mg,Tablet,Pain Relief,₹2.50,4,₹10.00,0.0,₹0.00,₹10.00,18.0,₹1.80,₹11.80,UPI,Chronic,Sunday,June
2026-06-21,INV-10262,B-Complex,Tablet,Vitamins,₹3.50,3,₹10.50,0.0,₹0.00,₹10.50,12.0,₹1.26,₹11.76,UPI,Chronic,Sunday,June
2026-06-22,INV-10263,Betadine 100ml,Solution,Antiseptic,₹85.00,4,₹340.00,2.0,₹6.80,₹333.20,12.0,₹39.98,₹373.18,UPI,Walk-in,Monday,June
2026-06-22,INV-10264,Pantoprazole 40mg,Tablet,Gastro,₹4.50,1,₹4.50,0.0,₹0.00,₹4.50,5.0,₹0.23,₹4.73,Cash,Walk-in,Monday,June
2026-06-22,INV-10265,Digene Gel 200ml,Suspension,Gastro,₹125.00,2,₹250.00,0.0,₹0.00,₹250.00,5.0,₹12.50,₹262.50,UPI,Walk-in,Monday,June
2026-06-22,INV-10266,Calcium + D3,Tablet,Vitamins,₹6.00,2,₹12.00,0.0,₹0.00,₹12.00,12.0,₹1.44,₹13.44,Cash,Regular,Monday,June
2026-06-22,INV-10267,Azithromycin 500mg,Tablet,Antibiotic,₹12.50,3,₹37.50,0.0,₹0.00,₹37.50,5.0,₹1.88,₹39.38,UPI,Chronic,Monday,June
2026-06-22,INV-10268,Paracetamol 500mg,Tablet,Pain Relief,₹2.50,2,₹5.00,0.0,₹0.00,₹5.00,5.0,₹0.25,₹5.25,UPI,Walk-in,Monday,June
2026-06-22,INV-10269,Paracetamol 500mg,Tablet,Pain Relief,₹2.50,2,₹5.00,0.0,₹0.00,₹5.00,12.0,₹0.60,₹5.60,UPI,Chronic,Monday,June
2026-06-22,INV-10270,Telmisartan 40mg,Tablet,Cardiac,₹4.20,3,₹12.60,5.0,₹0.63,₹11.97,5.0,₹0.60,₹12.57,Cash,Walk-in,Monday,June
2026-06-22,INV-10271,Glimepiride 1mg,Tablet,Diabetes,₹2.00,3,₹6.00,3.0,₹0.18,₹5.82,5.0,₹0.29,₹6.11,Cash,New Customer,Monday,June
2026-06-22,INV-10272,Calcium + D3,Tablet,Vitamins,₹6.00,5,₹30.00,0.0,₹0.00,₹30.00,5.0,₹1.50,₹31.50,Cash,Walk-in,Monday,June
2026-06-22,INV-10273,Cheston Cold,Tablet,Cough & Cold,₹4.00,1,₹4.00,0.0,₹0.00,₹4.00,5.0,₹0.20,₹4.20,UPI,Regular,Monday,June
2026-06-22,INV-10274,Glimepiride 1mg,Tablet,Diabetes,₹2.00,3,₹6.00,0.0,₹0.00,₹6.00,5.0,₹0.30,₹6.30,Cash,Walk-in,Monday,June
2026-06-22,INV-10275,Amoxicillin 500mg,Capsule,Antibiotic,₹8.50,1,₹8.50,0.0,₹0.00,₹8.50,12.0,₹1.02,₹9.52,Cash,Regular,Monday,June
2026-06-22,INV-10276,Omeprazole 20mg,Capsule,Gastro,₹3.80,1,₹3.80,0.0,₹0.00,₹3.80,5.0,₹0.19,₹3.99,Cash,New Customer,Monday,June
2026-06-22,INV-10277,Volini Gel 30g,Gel,Pain Relief,₹110.00,4,₹440.00,0.0,₹0.00,₹440.00,18.0,₹79.20,₹519.20,Cash,Regular,Monday,June
2026-06-22,INV-10278,Multivitamin Syrup 200ml,Syrup,Vitamins,₹145.00,3,₹435.00,2.0,₹8.70,₹426.30,5.0,₹21.32,₹447.62,Card,Walk-in,Monday,June
2026-06-22,INV-10279,Dettol Antiseptic 100ml,Liquid,Antiseptic,₹75.00,3,₹225.00,0.0,₹0.00,₹225.00,5.0,₹11.25,₹236.25,UPI,New Customer,Monday,June
2026-06-22,INV-10280,Dolo 650,Tablet,Pain Relief,₹3.20,1,₹3.20,2.0,₹0.06,₹3.14,5.0,₹0.16,₹3.30,Cash,Chronic,Monday,June
2026-06-22,INV-10281,Amlodipine 5mg,Tablet,Cardiac,₹1.80,3,₹5.40,0.0,₹0.00,₹5.40,12.0,₹0.65,₹6.05,UPI,Walk-in,Monday,June
2026-06-22,INV-10282,Cetirizine 10mg,Tablet,Allergy,₹1.80,1,₹1.80,0.0,₹0.00,₹1.80,5.0,₹0.09,₹1.89,UPI,Walk-in,Monday,June
2026-06-22,INV-10283,Omeprazole 20mg,Capsule,Gastro,₹3.80,1,₹3.80,0.0,₹0.00,₹3.80,5.0,₹0.19,₹3.99,UPI,Regular,Monday,June
2026-06-22,INV-10284,Paracetamol 500mg,Tablet,Pain Relief,₹2.50,2,₹5.00,0.0,₹0.00,₹5.00,5.0,₹0.25,₹5.25,UPI,New Customer,Monday,June
2026-06-22,INV-10285,Omeprazole 20mg,Capsule,Gastro,₹3.80,3,₹11.40,0.0,₹0.00,₹11.40,12.0,₹1.37,₹12.77,UPI,Regular,Monday,June
2026-06-22,INV-10286,Digene Gel 200ml,Suspension,Gastro,₹125.00,8,"₹1,000.00",0.0,₹0.00,"₹1,000.00",12.0,₹120.00,"₹1,120.00",Cash,Regular,Monday,June
2026-06-22,INV-10287,Glimepiride 1mg,Tablet,Diabetes,₹2.00,1,₹2.00,0.0,₹0.00,₹2.00,5.0,₹0.10,₹2.10,Cash,Chronic,Monday,June
2026-06-22,INV-10288,B-Complex,Tablet,Vitamins,₹3.50,2,₹7.00,0.0,₹0.00,₹7.00,5.0,₹0.35,₹7.35,UPI,Walk-in,Monday,June
2026-06-22,INV-10289,Omeprazole 20mg,Capsule,Gastro,₹3.80,1,₹3.80,2.0,₹0.08,₹3.72,18.0,₹0.67,₹4.39,Cash,Regular,Monday,June
2026-06-22,INV-10290,Cheston Cold,Tablet,Cough & Cold,₹4.00,3,₹12.00,0.0,₹0.00,₹12.00,12.0,₹1.44,₹13.44,UPI,Walk-in,Monday,June
2026-06-22,INV-10291,B-Complex,Tablet,Vitamins,₹3.50,8,₹28.00,0.0,₹0.00,₹28.00,5.0,₹1.40,₹29.40,UPI,Regular,Monday,June
2026-06-22,INV-10292,Omeprazole 20mg,Capsule,Gastro,₹3.80,1,₹3.80,0.0,₹0.00,₹3.80,12.0,₹0.46,₹4.26,Card,Walk-in,Monday,June
2026-06-22,INV-10293,Electral ORS,Sachet,Hydration,₹20.00,1,₹20.00,0.0,₹0.00,₹20.00,12.0,₹2.40,₹22.40,Cash,Walk-in,Monday,June
2026-06-22,INV-10294,Azithromycin 500mg,Tablet,Antibiotic,₹12.50,2,₹25.00,0.0,₹0.00,₹25.00,5.0,₹1.25,₹26.25,UPI,New Customer,Monday,June
2026-06-22,INV-10295,Dolo 650,Tablet,Pain Relief,₹3.20,2,₹6.40,0.0,₹0.00,₹6.40,5.0,₹0.32,₹6.72,Card,New Customer,Monday,June
2026-06-22,INV-10296,ORS Orange,Sachet,Hydration,₹20.00,4,₹80.00,0.0,₹0.00,₹80.00,12.0,₹9.60,₹89.60,UPI,Walk-in,Monday,June
2026-06-22,INV-10297,Cetirizine 10mg,Tablet,Allergy,₹1.80,1,₹1.80,2.0,₹0.04,₹1.76,5.0,₹0.09,₹1.85,UPI,Regular,Monday,June
2026-06-22,INV-10298,Calcium + D3,Tablet,Vitamins,₹6.00,2,₹12.00,0.0,₹0.00,₹12.00,18.0,₹2.16,₹14.16,UPI,Walk-in,Monday,June
2026-06-22,INV-10299,Azithromycin 500mg,Tablet,Antibiotic,₹12.50,2,₹25.00,0.0,₹0.00,₹25.00,12.0,₹3.00,₹28.00,UPI,Walk-in,Monday,June
2026-06-22,INV-10300,Cetirizine 10mg,Tablet,Allergy,₹1.80,2,₹3.60,3.0,₹0.11,₹3.49,18.0,₹0.63,₹4.12,UPI,New Customer,Monday,June
2026-06-22,INV-10301,Telmisartan 40mg,Tablet,Cardiac,₹4.20,1,₹4.20,3.0,₹0.13,₹4.07,5.0,₹0.20,₹4.27,Cash,Chronic,Monday,June
2026-06-23,INV-10302,Multivitamin Syrup 200ml,Syrup,Vitamins,₹145.00,6,₹870.00,2.0,₹17.40,₹852.60,5.0,₹42.63,₹895.23,UPI,Walk-in,Tuesday,June
2026-06-23,INV-10303,Calcium + D3,Tablet,Vitamins,₹6.00,2,₹12.00,0.0,₹0.00,₹12.00,5.0,₹0.60,₹12.60,Cash,Chronic,Tuesday,June
2026-06-23,INV-10304,Cetirizine 10mg,Tablet,Allergy,₹1.80,2,₹3.60,3.0,₹0.11,₹3.49,18.0,₹0.63,₹4.12,Card,Walk-in,Tuesday,June
2026-06-23,INV-10305,Crocin Advance,Tablet,Pain Relief,₹3.00,1,₹3.00,0.0,₹0.00,₹3.00,5.0,₹0.15,₹3.15,UPI,Walk-in,Tuesday,June
2026-06-23,INV-10306,Glimepiride 1mg,Tablet,Diabetes,₹2.00,2,₹4.00,0.0,₹0.00,₹4.00,12.0,₹0.48,₹4.48,Cash,Walk-in,Tuesday,June
2026-06-23,INV-10307,Levocetirizine 5mg,Tablet,Allergy,₹2.20,3,₹6.60,0.0,₹0.00,₹6.60,5.0,₹0.33,₹6.93,UPI,Walk-in,Tuesday,June
2026-06-23,INV-10308,Cough Syrup 100ml,Syrup,Cough & Cold,₹85.00,4,₹340.00,0.0,₹0.00,₹340.00,12.0,₹40.80,₹380.80,Cash,Regular,Tuesday,June
2026-06-23,INV-10309,Calcium + D3,Tablet,Vitamins,₹6.00,3,₹18.00,0.0,₹0.00,₹18.00,5.0,₹0.90,₹18.90,Cash,Walk-in,Tuesday,June
2026-06-23,INV-10310,Omeprazole 20mg,Capsule,Gastro,₹3.80,3,₹11.40,2.0,₹0.23,₹11.17,5.0,₹0.56,₹11.73,UPI,Chronic,Tuesday,June
2026-06-23,INV-10311,Metformin 500mg,Tablet,Diabetes,₹1.50,3,₹4.50,0.0,₹0.00,₹4.50,5.0,₹0.23,₹4.73,UPI,Walk-in,Tuesday,June
2026-06-23,INV-10312,Cheston Cold,Tablet,Cough & Cold,₹4.00,2,₹8.00,5.0,₹0.40,₹7.60,5.0,₹0.38,₹7.98,Cash,Walk-in,Tuesday,June
2026-06-23,INV-10313,Crocin Advance,Tablet,Pain Relief,₹3.00,4,₹12.00,0.0,₹0.00,₹12.00,12.0,₹1.44,₹13.44,UPI,Walk-in,Tuesday,June
2026-06-23,INV-10314,Dolo 650,Tablet,Pain Relief,₹3.20,2,₹6.40,2.0,₹0.13,₹6.27,5.0,₹0.31,₹6.58,UPI,Walk-in,Tuesday,June
2026-06-23,INV-10315,Betadine 100ml,Solution,Antiseptic,₹85.00,1,₹85.00,0.0,₹0.00,₹85.00,5.0,₹4.25,₹89.25,Cash,Regular,Tuesday,June
2026-06-23,INV-10316,Dolo 650,Tablet,Pain Relief,₹3.20,1,₹3.20,0.0,₹0.00,₹3.20,5.0,₹0.16,₹3.36,Cash,Chronic,Tuesday,June
2026-06-23,INV-10317,Crocin Advance,Tablet,Pain Relief,₹3.00,3,₹9.00,2.0,₹0.18,₹8.82,5.0,₹0.44,₹9.26,UPI,Chronic,Tuesday,June
2026-06-23,INV-10318,Amlodipine 5mg,Tablet,Cardiac,₹1.80,6,₹10.80,0.0,₹0.00,₹10.80,18.0,₹1.94,₹12.74,Cash,Regular,Tuesday,June
2026-06-23,INV-10319,Calcium + D3,Tablet,Vitamins,₹6.00,4,₹24.00,0.0,₹0.00,₹24.00,5.0,₹1.20,₹25.20,Cash,New Customer,Tuesday,June
2026-06-23,INV-10320,Cough Syrup 100ml,Syrup,Cough & Cold,₹85.00,4,₹340.00,2.0,₹6.80,₹333.20,5.0,₹16.66,₹349.86,UPI,Walk-in,Tuesday,June
2026-06-23,INV-10321,Amlodipine 5mg,Tablet,Cardiac,₹1.80,1,₹1.80,3.0,₹0.05,₹1.75,5.0,₹0.09,₹1.84,UPI,Chronic,Tuesday,June
2026-06-23,INV-10322,ORS Lemon,Sachet,Hydration,₹22.00,8,₹176.00,0.0,₹0.00,₹176.00,12.0,₹21.12,₹197.12,Cash,Walk-in,Tuesday,June
2026-06-23,INV-10323,Digene Gel 200ml,Suspension,Gastro,₹125.00,3,₹375.00,2.0,₹7.50,₹367.50,5.0,₹18.38,₹385.88,Cash,Walk-in,Tuesday,June
2026-06-23,INV-10324,Dolo 650,Tablet,Pain Relief,₹3.20,2,₹6.40,0.0,₹0.00,₹6.40,18.0,₹1.15,₹7.55,Card,New Customer,Tuesday,June
2026-06-23,INV-10325,Digene Gel 200ml,Suspension,Gastro,₹125.00,4,₹500.00,0.0,₹0.00,₹500.00,12.0,₹60.00,₹560.00,UPI,Regular,Tuesday,June
2026-06-23,INV-10326,ORS Orange,Sachet,Hydration,₹20.00,1,₹20.00,0.0,₹0.00,₹20.00,18.0,₹3.60,₹23.60,Cash,Regular,Tuesday,June
2026-06-23,INV-10327,Vicks Action 500,Tablet,Cough & Cold,₹5.00,4,₹20.00,0.0,₹0.00,₹20.00,5.0,₹1.00,₹21.00,Card,Regular,Tuesday,June
2026-06-23,INV-10328,Paracetamol 500mg,Tablet,Pain Relief,₹2.50,1,₹2.50,0.0,₹0.00,₹2.50,5.0,₹0.12,₹2.62,Cash,New Customer,Tuesday,June
2026-06-23,INV-10329,Azithromycin 500mg,Tablet,Antibiotic,₹12.50,5,₹62.50,0.0,₹0.00,₹62.50,5.0,₹3.12,₹65.62,Cash,Walk-in,Tuesday,June
2026-06-23,INV-10330,Calcium + D3,Tablet,Vitamins,₹6.00,2,₹12.00,3.0,₹0.36,₹11.64,5.0,₹0.58,₹12.22,UPI,Regular,Tuesday,June
2026-06-23,INV-10331,Paracetamol 500mg,Tablet,Pain Relief,₹2.50,1,₹2.50,0.0,₹0.00,₹2.50,5.0,₹0.12,₹2.62,UPI,Walk-in,Tuesday,June
2026-06-23,INV-10332,Calcium + D3,Tablet,Vitamins,₹6.00,2,₹12.00,0.0,₹0.00,₹12.00,18.0,₹2.16,₹14.16,Cash,Walk-in,Tuesday,June
2026-06-23,INV-10333,Glimepiride 1mg,Tablet,Diabetes,₹2.00,3,₹6.00,0.0,₹0.00,₹6.00,12.0,₹0.72,₹6.72,Cash,New Customer,Tuesday,June
2026-06-23,INV-10334,Vicks Action 500,Tablet,Cough & Cold,₹5.00,2,₹10.00,3.0,₹0.30,₹9.70,12.0,₹1.16,₹10.86,Cash,Regular,Tuesday,June
2026-06-23,INV-10335,Calcium + D3,Tablet,Vitamins,₹6.00,1,₹6.00,5.0,₹0.30,₹5.70,5.0,₹0.28,₹5.98,UPI,Regular,Tuesday,June
2026-06-23,INV-10336,ORS Orange,Sachet,Hydration,₹20.00,1,₹20.00,0.0,₹0.00,₹20.00,5.0,₹1.00,₹21.00,UPI,Walk-in,Tuesday,June
2026-06-23,INV-10337,Cough Syrup 100ml,Syrup,Cough & Cold,₹85.00,3,₹255.00,0.0,₹0.00,₹255.00,18.0,₹45.90,₹300.90,UPI,Walk-in,Tuesday,June
2026-06-23,INV-10338,Crocin Advance,Tablet,Pain Relief,₹3.00,2,₹6.00,0.0,₹0.00,₹6.00,12.0,₹0.72,₹6.72,UPI,Walk-in,Tuesday,June
2026-06-24,INV-10339,Ondansetron 4mg,Tablet,Gastro,₹2.50,1,₹2.50,0.0,₹0.00,₹2.50,5.0,₹0.12,₹2.62,UPI,Regular,Wednesday,June
2026-06-24,INV-10340,Crocin Advance,Tablet,Pain Relief,₹3.00,2,₹6.00,2.0,₹0.12,₹5.88,12.0,₹0.71,₹6.59,UPI,Walk-in,Wednesday,June
2026-06-24,INV-10341,Vicks Action 500,Tablet,Cough & Cold,₹5.00,1,₹5.00,0.0,₹0.00,₹5.00,5.0,₹0.25,₹5.25,Cash,New Customer,Wednesday,June
2026-06-24,INV-10342,Telmisartan 40mg,Tablet,Cardiac,₹4.20,2,₹8.40,0.0,₹0.00,₹8.40,18.0,₹1.51,₹9.91,Cash,Chronic,Wednesday,June
2026-06-24,INV-10343,Meftal Spas,Tablet,Pain Relief,₹3.80,2,₹7.60,0.0,₹0.00,₹7.60,12.0,₹0.91,₹8.51,UPI,Chronic,Wednesday,June
2026-06-24,INV-10344,ORS Orange,Sachet,Hydration,₹20.00,2,₹40.00,0.0,₹0.00,₹40.00,12.0,₹4.80,₹44.80,UPI,Walk-in,Wednesday,June
2026-06-24,INV-10345,Multivitamin Syrup 200ml,Syrup,Vitamins,₹145.00,2,₹290.00,2.0,₹5.80,₹284.20,5.0,₹14.21,₹298.41,Cash,Regular,Wednesday,June
2026-06-24,INV-10346,Levocetirizine 5mg,Tablet,Allergy,₹2.20,3,₹6.60,0.0,₹0.00,₹6.60,12.0,₹0.79,₹7.39,UPI,Regular,Wednesday,June
2026-06-24,INV-10347,Vitamin C 500mg,Tablet,Vitamins,₹2.80,3,₹8.40,0.0,₹0.00,₹8.40,12.0,₹1.01,₹9.41,UPI,Walk-in,Wednesday,June
2026-06-24,INV-10348,Metformin 500mg,Tablet,Diabetes,₹1.50,2,₹3.00,0.0,₹0.00,₹3.00,12.0,₹0.36,₹3.36,Cash,Walk-in,Wednesday,June
2026-06-24,INV-10349,Digene Gel 200ml,Suspension,Gastro,₹125.00,3,₹375.00,2.0,₹7.50,₹367.50,5.0,₹18.38,₹385.88,UPI,Walk-in,Wednesday,June
2026-06-24,INV-10350,Amoxicillin 500mg,Capsule,Antibiotic,₹8.50,2,₹17.00,0.0,₹0.00,₹17.00,12.0,₹2.04,₹19.04,Cash,Walk-in,Wednesday,June
2026-06-24,INV-10351,Metformin 500mg,Tablet,Diabetes,₹1.50,3,₹4.50,5.0,₹0.23,₹4.27,5.0,₹0.21,₹4.48,Card,Regular,Wednesday,June
2026-06-24,INV-10352,Pantoprazole 40mg,Tablet,Gastro,₹4.50,3,₹13.50,2.0,₹0.27,₹13.23,12.0,₹1.59,₹14.82,Cash,Walk-in,Wednesday,June
2026-06-24,INV-10353,ORS Lemon,Sachet,Hydration,₹22.00,2,₹44.00,0.0,₹0.00,₹44.00,5.0,₹2.20,₹46.20,UPI,Walk-in,Wednesday,June
2026-06-24,INV-10354,Volini Gel 30g,Gel,Pain Relief,₹110.00,2,₹220.00,0.0,₹0.00,₹220.00,5.0,₹11.00,₹231.00,Cash,Chronic,Wednesday,June
2026-06-24,INV-10355,Glimepiride 1mg,Tablet,Diabetes,₹2.00,2,₹4.00,0.0,₹0.00,₹4.00,5.0,₹0.20,₹4.20,Card,Walk-in,Wednesday,June
2026-06-24,INV-10356,Pantoprazole 40mg,Tablet,Gastro,₹4.50,4,₹18.00,2.0,₹0.36,₹17.64,5.0,₹0.88,₹18.52,Cash,Chronic,Wednesday,June
2026-06-24,INV-10357,Paracetamol 500mg,Tablet,Pain Relief,₹2.50,2,₹5.00,0.0,₹0.00,₹5.00,5.0,₹0.25,₹5.25,Cash,Regular,Wednesday,June
2026-06-24,INV-10358,Vitamin C 500mg,Tablet,Vitamins,₹2.80,2,₹5.60,0.0,₹0.00,₹5.60,12.0,₹0.67,₹6.27,UPI,Walk-in,Wednesday,June
2026-06-24,INV-10359,Amoxicillin 500mg,Capsule,Antibiotic,₹8.50,1,₹8.50,2.0,₹0.17,₹8.33,5.0,₹0.42,₹8.75,UPI,New Customer,Wednesday,June
2026-06-24,INV-10360,Crocin Advance,Tablet,Pain Relief,₹3.00,1,₹3.00,0.0,₹0.00,₹3.00,18.0,₹0.54,₹3.54,Cash,Walk-in,Wednesday,June
2026-06-24,INV-10361,Paracetamol 500mg,Tablet,Pain Relief,₹2.50,1,₹2.50,0.0,₹0.00,₹2.50,12.0,₹0.30,₹2.80,UPI,Walk-in,Wednesday,June
2026-06-24,INV-10362,Azithromycin 500mg,Tablet,Antibiotic,₹12.50,1,₹12.50,0.0,₹0.00,₹12.50,18.0,₹2.25,₹14.75,Cash,Walk-in,Wednesday,June
2026-06-24,INV-10363,Pantoprazole 40mg,Tablet,Gastro,₹4.50,1,₹4.50,0.0,₹0.00,₹4.50,18.0,₹0.81,₹5.31,UPI,Walk-in,Wednesday,June
2026-06-24,INV-10364,Crocin Advance,Tablet,Pain Relief,₹3.00,1,₹3.00,0.0,₹0.00,₹3.00,18.0,₹0.54,₹3.54,Card,Regular,Wednesday,June
2026-06-24,INV-10365,ORS Lemon,Sachet,Hydration,₹22.00,1,₹22.00,0.0,₹0.00,₹22.00,18.0,₹3.96,₹25.96,Cash,Regular,Wednesday,June
2026-06-24,INV-10366,Dolo 650,Tablet,Pain Relief,₹3.20,1,₹3.20,0.0,₹0.00,₹3.20,5.0,₹0.16,₹3.36,Cash,Regular,Wednesday,June
2026-06-25,INV-10367,Digene Gel 200ml,Suspension,Gastro,₹125.00,3,₹375.00,0.0,₹0.00,₹375.00,5.0,₹18.75,₹393.75,UPI,Regular,Thursday,June
2026-06-25,INV-10368,ORS Orange,Sachet,Hydration,₹20.00,1,₹20.00,0.0,₹0.00,₹20.00,5.0,₹1.00,₹21.00,UPI,Walk-in,Thursday,June
2026-06-25,INV-10369,Omeprazole 20mg,Capsule,Gastro,₹3.80,4,₹15.20,0.0,₹0.00,₹15.20,5.0,₹0.76,₹15.96,Cash,Walk-in,Thursday,June
2026-06-25,INV-10370,Paracetamol 500mg,Tablet,Pain Relief,₹2.50,3,₹7.50,0.0,₹0.00,₹7.50,18.0,₹1.35,₹8.85,Cash,Chronic,Thursday,June
2026-06-25,INV-10371,Amlodipine 5mg,Tablet,Cardiac,₹1.80,4,₹7.20,0.0,₹0.00,₹7.20,12.0,₹0.86,₹8.06,UPI,New Customer,Thursday,June
2026-06-25,INV-10372,Cheston Cold,Tablet,Cough & Cold,₹4.00,1,₹4.00,0.0,₹0.00,₹4.00,5.0,₹0.20,₹4.20,UPI,New Customer,Thursday,June
2026-06-25,INV-10373,Azithromycin 500mg,Tablet,Antibiotic,₹12.50,2,₹25.00,0.0,₹0.00,₹25.00,5.0,₹1.25,₹26.25,UPI,Chronic,Thursday,June
2026-06-25,INV-10374,ORS Lemon,Sachet,Hydration,₹22.00,3,₹66.00,5.0,₹3.30,₹62.70,5.0,₹3.13,₹65.83,Cash,Regular,Thursday,June
2026-06-25,INV-10375,Digene Gel 200ml,Suspension,Gastro,₹125.00,4,₹500.00,0.0,₹0.00,₹500.00,5.0,₹25.00,₹525.00,UPI,Chronic,Thursday,June
2026-06-25,INV-10376,Levocetirizine 5mg,Tablet,Allergy,₹2.20,5,₹11.00,0.0,₹0.00,₹11.00,12.0,₹1.32,₹12.32,Cash,Regular,Thursday,June
2026-06-25,INV-10377,Vicks Action 500,Tablet,Cough & Cold,₹5.00,2,₹10.00,3.0,₹0.30,₹9.70,18.0,₹1.75,₹11.45,Card,Walk-in,Thursday,June
2026-06-25,INV-10378,Meftal Spas,Tablet,Pain Relief,₹3.80,1,₹3.80,0.0,₹0.00,₹3.80,12.0,₹0.46,₹4.26,Cash,Chronic,Thursday,June
2026-06-25,INV-10379,Paracetamol 500mg,Tablet,Pain Relief,₹2.50,1,₹2.50,0.0,₹0.00,₹2.50,18.0,₹0.45,₹2.95,UPI,Walk-in,Thursday,June
2026-06-25,INV-10380,Atorvastatin 10mg,Tablet,Cardiac,₹3.20,4,₹12.80,0.0,₹0.00,₹12.80,18.0,₹2.30,₹15.10,Card,Walk-in,Thursday,June
2026-06-25,INV-10381,Ondansetron 4mg,Tablet,Gastro,₹2.50,3,₹7.50,0.0,₹0.00,₹7.50,5.0,₹0.38,₹7.88,Cash,Chronic,Thursday,June
2026-06-25,INV-10382,ORS Orange,Sachet,Hydration,₹20.00,1,₹20.00,0.0,₹0.00,₹20.00,12.0,₹2.40,₹22.40,UPI,Regular,Thursday,June
2026-06-25,INV-10383,ORS Orange,Sachet,Hydration,₹20.00,5,₹100.00,0.0,₹0.00,₹100.00,18.0,₹18.00,₹118.00,UPI,Walk-in,Thursday,June
2026-06-25,INV-10384,Dolo 650,Tablet,Pain Relief,₹3.20,4,₹12.80,0.0,₹0.00,₹12.80,5.0,₹0.64,₹13.44,UPI,Walk-in,Thursday,June
2026-06-25,INV-10385,Dettol Antiseptic 100ml,Liquid,Antiseptic,₹75.00,4,₹300.00,0.0,₹0.00,₹300.00,12.0,₹36.00,₹336.00,UPI,Walk-in,Thursday,June
2026-06-25,INV-10386,Volini Gel 30g,Gel,Pain Relief,₹110.00,2,₹220.00,0.0,₹0.00,₹220.00,5.0,₹11.00,₹231.00,UPI,Chronic,Thursday,June
2026-06-25,INV-10387,Electral ORS,Sachet,Hydration,₹20.00,1,₹20.00,0.0,₹0.00,₹20.00,12.0,₹2.40,₹22.40,UPI,Walk-in,Thursday,June
2026-06-25,INV-10388,Omeprazole 20mg,Capsule,Gastro,₹3.80,3,₹11.40,0.0,₹0.00,₹11.40,5.0,₹0.57,₹11.97,UPI,Chronic,Thursday,June
2026-06-25,INV-10389,Levocetirizine 5mg,Tablet,Allergy,₹2.20,6,₹13.20,0.0,₹0.00,₹13.20,5.0,₹0.66,₹13.86,Cash,Regular,Thursday,June
2026-06-25,INV-10390,Vicks Action 500,Tablet,Cough & Cold,₹5.00,3,₹15.00,0.0,₹0.00,₹15.00,5.0,₹0.75,₹15.75,Cash,Chronic,Thursday,June
2026-06-25,INV-10391,Atorvastatin 10mg,Tablet,Cardiac,₹3.20,4,₹12.80,0.0,₹0.00,₹12.80,5.0,₹0.64,₹13.44,UPI,Regular,Thursday,June
2026-06-25,INV-10392,Atorvastatin 10mg,Tablet,Cardiac,₹3.20,2,₹6.40,0.0,₹0.00,₹6.40,12.0,₹0.77,₹7.17,Cash,Walk-in,Thursday,June
2026-06-25,INV-10393,Dolo 650,Tablet,Pain Relief,₹3.20,5,₹16.00,3.0,₹0.48,₹15.52,12.0,₹1.86,₹17.38,UPI,Chronic,Thursday,June
2026-06-25,INV-10394,Cetirizine 10mg,Tablet,Allergy,₹1.80,1,₹1.80,3.0,₹0.05,₹1.75,5.0,₹0.09,₹1.84,UPI,Regular,Thursday,June
2026-06-25,INV-10395,Calcium + D3,Tablet,Vitamins,₹6.00,2,₹12.00,0.0,₹0.00,₹12.00,5.0,₹0.60,₹12.60,UPI,Regular,Thursday,June
2026-06-25,INV-10396,Cetirizine 10mg,Tablet,Allergy,₹1.80,6,₹10.80,0.0,₹0.00,₹10.80,12.0,₹1.30,₹12.10,UPI,Walk-in,Thursday,June
2026-06-25,INV-10397,Dolo 650,Tablet,Pain Relief,₹3.20,5,₹16.00,0.0,₹0.00,₹16.00,18.0,₹2.88,₹18.88,UPI,Walk-in,Thursday,June
2026-06-25,INV-10398,Paracetamol 500mg,Tablet,Pain Relief,₹2.50,3,₹7.50,2.0,₹0.15,₹7.35,12.0,₹0.88,₹8.23,Cash,New Customer,Thursday,June
2026-06-25,INV-10399,ORS Lemon,Sachet,Hydration,₹22.00,2,₹44.00,2.0,₹0.88,₹43.12,5.0,₹2.16,₹45.28,Cash,Chronic,Thursday,June
2026-06-25,INV-10400,Cheston Cold,Tablet,Cough & Cold,₹4.00,3,₹12.00,0.0,₹0.00,₹12.00,5.0,₹0.60,₹12.60,Cash,Walk-in,Thursday,June
2026-06-25,INV-10401,Amoxicillin 500mg,Capsule,Antibiotic,₹8.50,2,₹17.00,0.0,₹0.00,₹17.00,5.0,₹0.85,₹17.85,UPI,Walk-in,Thursday,June
2026-06-25,INV-10402,Dolo 650,Tablet,Pain Relief,₹3.20,3,₹9.60,0.0,₹0.00,₹9.60,12.0,₹1.15,₹10.75,Card,Chronic,Thursday,June
2026-06-25,INV-10403,Vicks Action 500,Tablet,Cough & Cold,₹5.00,2,₹10.00,3.0,₹0.30,₹9.70,5.0,₹0.48,₹10.18,Cash,Walk-in,Thursday,June
2026-06-25,INV-10404,Glimepiride 1mg,Tablet,Diabetes,₹2.00,4,₹8.00,0.0,₹0.00,₹8.00,18.0,₹1.44,₹9.44,UPI,New Customer,Thursday,June
2026-06-25,INV-10405,Digene Gel 200ml,Suspension,Gastro,₹125.00,2,₹250.00,0.0,₹0.00,₹250.00,5.0,₹12.50,₹262.50,UPI,Regular,Thursday,June
2026-06-26,INV-10406,ORS Orange,Sachet,Hydration,₹20.00,1,₹20.00,0.0,₹0.00,₹20.00,5.0,₹1.00,₹21.00,UPI,New Customer,Friday,June
2026-06-26,INV-10407,Omeprazole 20mg,Capsule,Gastro,₹3.80,1,₹3.80,0.0,₹0.00,₹3.80,5.0,₹0.19,₹3.99,Card,Walk-in,Friday,June
2026-06-26,INV-10408,Azithromycin 500mg,Tablet,Antibiotic,₹12.50,5,₹62.50,0.0,₹0.00,₹62.50,18.0,₹11.25,₹73.75,Cash,Regular,Friday,June
2026-06-26,INV-10409,Crocin Advance,Tablet,Pain Relief,₹3.00,1,₹3.00,0.0,₹0.00,₹3.00,12.0,₹0.36,₹3.36,UPI,Walk-in,Friday,June
2026-06-26,INV-10410,Atorvastatin 10mg,Tablet,Cardiac,₹3.20,2,₹6.40,0.0,₹0.00,₹6.40,5.0,₹0.32,₹6.72,UPI,Regular,Friday,June
2026-06-26,INV-10411,Dolo 650,Tablet,Pain Relief,₹3.20,4,₹12.80,0.0,₹0.00,₹12.80,5.0,₹0.64,₹13.44,UPI,Chronic,Friday,June
2026-06-26,INV-10412,Ondansetron 4mg,Tablet,Gastro,₹2.50,2,₹5.00,0.0,₹0.00,₹5.00,5.0,₹0.25,₹5.25,Cash,Walk-in,Friday,June
2026-06-26,INV-10413,Paracetamol 500mg,Tablet,Pain Relief,₹2.50,1,₹2.50,2.0,₹0.05,₹2.45,5.0,₹0.12,₹2.57,Cash,Chronic,Friday,June
2026-06-26,INV-10414,Pantoprazole 40mg,Tablet,Gastro,₹4.50,4,₹18.00,0.0,₹0.00,₹18.00,5.0,₹0.90,₹18.90,Cash,Regular,Friday,June
2026-06-26,INV-10415,B-Complex,Tablet,Vitamins,₹3.50,2,₹7.00,3.0,₹0.21,₹6.79,12.0,₹0.81,₹7.60,Cash,Walk-in,Friday,June
2026-06-26,INV-10416,Meftal Spas,Tablet,Pain Relief,₹3.80,5,₹19.00,0.0,₹0.00,₹19.00,5.0,₹0.95,₹19.95,Cash,Regular,Friday,June
2026-06-26,INV-10417,Metformin 500mg,Tablet,Diabetes,₹1.50,3,₹4.50,5.0,₹0.23,₹4.27,5.0,₹0.21,₹4.48,UPI,Chronic,Friday,June
2026-06-26,INV-10418,Pantoprazole 40mg,Tablet,Gastro,₹4.50,3,₹13.50,2.0,₹0.27,₹13.23,5.0,₹0.66,₹13.89,Cash,Chronic,Friday,June
2026-06-26,INV-10419,Vitamin C 500mg,Tablet,Vitamins,₹2.80,3,₹8.40,2.0,₹0.17,₹8.23,12.0,₹0.99,₹9.22,UPI,Walk-in,Friday,June
2026-06-26,INV-10420,Vicks Action 500,Tablet,Cough & Cold,₹5.00,2,₹10.00,3.0,₹0.30,₹9.70,12.0,₹1.16,₹10.86,UPI,Walk-in,Friday,June
2026-06-26,INV-10421,Vitamin C 500mg,Tablet,Vitamins,₹2.80,2,₹5.60,0.0,₹0.00,₹5.60,12.0,₹0.67,₹6.27,UPI,Chronic,Friday,June
2026-06-26,INV-10422,Calcium + D3,Tablet,Vitamins,₹6.00,2,₹12.00,0.0,₹0.00,₹12.00,5.0,₹0.60,₹12.60,Cash,Walk-in,Friday,June
2026-06-26,INV-10423,Metformin 500mg,Tablet,Diabetes,₹1.50,3,₹4.50,0.0,₹0.00,₹4.50,18.0,₹0.81,₹5.31,UPI,Chronic,Friday,June
2026-06-26,INV-10424,Metformin 500mg,Tablet,Diabetes,₹1.50,4,₹6.00,0.0,₹0.00,₹6.00,5.0,₹0.30,₹6.30,UPI,Walk-in,Friday,June
2026-06-26,INV-10425,Omeprazole 20mg,Capsule,Gastro,₹3.80,2,₹7.60,3.0,₹0.23,₹7.37,5.0,₹0.37,₹7.74,UPI,Walk-in,Friday,June
2026-06-26,INV-10426,Telmisartan 40mg,Tablet,Cardiac,₹4.20,4,₹16.80,0.0,₹0.00,₹16.80,5.0,₹0.84,₹17.64,UPI,Chronic,Friday,June
2026-06-26,INV-10427,Volini Gel 30g,Gel,Pain Relief,₹110.00,1,₹110.00,0.0,₹0.00,₹110.00,5.0,₹5.50,₹115.50,UPI,Regular,Friday,June
2026-06-26,INV-10428,Cough Syrup 100ml,Syrup,Cough & Cold,₹85.00,2,₹170.00,0.0,₹0.00,₹170.00,5.0,₹8.50,₹178.50,UPI,Chronic,Friday,June
2026-06-26,INV-10429,ORS Orange,Sachet,Hydration,₹20.00,5,₹100.00,0.0,₹0.00,₹100.00,5.0,₹5.00,₹105.00,UPI,Walk-in,Friday,June
2026-06-26,INV-10430,Vicks Action 500,Tablet,Cough & Cold,₹5.00,2,₹10.00,0.0,₹0.00,₹10.00,5.0,₹0.50,₹10.50,Cash,Regular,Friday,June
2026-06-26,INV-10431,Pantoprazole 40mg,Tablet,Gastro,₹4.50,3,₹13.50,3.0,₹0.41,₹13.09,5.0,₹0.65,₹13.74,UPI,Regular,Friday,June
2026-06-26,INV-10432,Cheston Cold,Tablet,Cough & Cold,₹4.00,1,₹4.00,0.0,₹0.00,₹4.00,5.0,₹0.20,₹4.20,UPI,Regular,Friday,June
2026-06-26,INV-10433,Telmisartan 40mg,Tablet,Cardiac,₹4.20,4,₹16.80,0.0,₹0.00,₹16.80,12.0,₹2.02,₹18.82,UPI,Regular,Friday,June
2026-06-26,INV-10434,Cetirizine 10mg,Tablet,Allergy,₹1.80,1,₹1.80,0.0,₹0.00,₹1.80,18.0,₹0.32,₹2.12,Card,Walk-in,Friday,June
2026-06-26,INV-10435,Cough Syrup 100ml,Syrup,Cough & Cold,₹85.00,2,₹170.00,0.0,₹0.00,₹170.00,18.0,₹30.60,₹200.60,Cash,Walk-in,Friday,June
2026-06-26,INV-10436,Digene Gel 200ml,Suspension,Gastro,₹125.00,2,₹250.00,0.0,₹0.00,₹250.00,5.0,₹12.50,₹262.50,Cash,Walk-in,Friday,June
2026-06-26,INV-10437,ORS Orange,Sachet,Hydration,₹20.00,1,₹20.00,2.0,₹0.40,₹19.60,5.0,₹0.98,₹20.58,UPI,Walk-in,Friday,June
2026-06-26,INV-10438,Telmisartan 40mg,Tablet,Cardiac,₹4.20,2,₹8.40,5.0,₹0.42,₹7.98,12.0,₹0.96,₹8.94,UPI,Walk-in,Friday,June
2026-06-26,INV-10439,Azithromycin 500mg,Tablet,Antibiotic,₹12.50,1,₹12.50,0.0,₹0.00,₹12.50,18.0,₹2.25,₹14.75,Card,Chronic,Friday,June
2026-06-26,INV-10440,Meftal Spas,Tablet,Pain Relief,₹3.80,2,₹7.60,0.0,₹0.00,₹7.60,12.0,₹0.91,₹8.51,Cash,Walk-in,Friday,June
2026-06-26,INV-10441,Levocetirizine 5mg,Tablet,Allergy,₹2.20,2,₹4.40,2.0,₹0.09,₹4.31,5.0,₹0.22,₹4.53,UPI,Walk-in,Friday,June
2026-06-27,INV-10442,Cheston Cold,Tablet,Cough & Cold,₹4.00,2,₹8.00,3.0,₹0.24,₹7.76,5.0,₹0.39,₹8.15,Cash,Chronic,Saturday,June
2026-06-27,INV-10443,Vitamin C 500mg,Tablet,Vitamins,₹2.80,4,₹11.20,0.0,₹0.00,₹11.20,5.0,₹0.56,₹11.76,Card,New Customer,Saturday,June
2026-06-27,INV-10444,Electral ORS,Sachet,Hydration,₹20.00,2,₹40.00,5.0,₹2.00,₹38.00,12.0,₹4.56,₹42.56,UPI,Chronic,Saturday,June
2026-06-27,INV-10445,Levocetirizine 5mg,Tablet,Allergy,₹2.20,2,₹4.40,0.0,₹0.00,₹4.40,5.0,₹0.22,₹4.62,Cash,Chronic,Saturday,June
2026-06-27,INV-10446,Azithromycin 500mg,Tablet,Antibiotic,₹12.50,2,₹25.00,0.0,₹0.00,₹25.00,18.0,₹4.50,₹29.50,UPI,Chronic,Saturday,June
2026-06-27,INV-10447,Telmisartan 40mg,Tablet,Cardiac,₹4.20,2,₹8.40,2.0,₹0.17,₹8.23,18.0,₹1.48,₹9.71,UPI,Regular,Saturday,June
2026-06-27,INV-10448,Paracetamol 500mg,Tablet,Pain Relief,₹2.50,1,₹2.50,0.0,₹0.00,₹2.50,12.0,₹0.30,₹2.80,UPI,Walk-in,Saturday,June
2026-06-27,INV-10449,Dettol Antiseptic 100ml,Liquid,Antiseptic,₹75.00,5,₹375.00,0.0,₹0.00,₹375.00,5.0,₹18.75,₹393.75,Card,Walk-in,Saturday,June
2026-06-27,INV-10450,Ondansetron 4mg,Tablet,Gastro,₹2.50,3,₹7.50,3.0,₹0.23,₹7.27,12.0,₹0.87,₹8.14,Cash,Walk-in,Saturday,June
2026-06-27,INV-10451,ORS Orange,Sachet,Hydration,₹20.00,3,₹60.00,0.0,₹0.00,₹60.00,5.0,₹3.00,₹63.00,Cash,Walk-in,Saturday,June
2026-06-27,INV-10452,Crocin Advance,Tablet,Pain Relief,₹3.00,4,₹12.00,0.0,₹0.00,₹12.00,5.0,₹0.60,₹12.60,Cash,New Customer,Saturday,June
2026-06-27,INV-10453,B-Complex,Tablet,Vitamins,₹3.50,8,₹28.00,0.0,₹0.00,₹28.00,5.0,₹1.40,₹29.40,UPI,Walk-in,Saturday,June
2026-06-27,INV-10454,Metformin 500mg,Tablet,Diabetes,₹1.50,3,₹4.50,2.0,₹0.09,₹4.41,12.0,₹0.53,₹4.94,UPI,Walk-in,Saturday,June
2026-06-27,INV-10455,Dolo 650,Tablet,Pain Relief,₹3.20,3,₹9.60,0.0,₹0.00,₹9.60,12.0,₹1.15,₹10.75,UPI,Chronic,Saturday,June
2026-06-27,INV-10456,Electral ORS,Sachet,Hydration,₹20.00,1,₹20.00,0.0,₹0.00,₹20.00,5.0,₹1.00,₹21.00,Cash,Walk-in,Saturday,June
2026-06-27,INV-10457,Azithromycin 500mg,Tablet,Antibiotic,₹12.50,1,₹12.50,0.0,₹0.00,₹12.50,18.0,₹2.25,₹14.75,Cash,Chronic,Saturday,June
2026-06-27,INV-10458,Telmisartan 40mg,Tablet,Cardiac,₹4.20,1,₹4.20,5.0,₹0.21,₹3.99,5.0,₹0.20,₹4.19,UPI,Walk-in,Saturday,June
2026-06-27,INV-10459,ORS Orange,Sachet,Hydration,₹20.00,2,₹40.00,2.0,₹0.80,₹39.20,5.0,₹1.96,₹41.16,UPI,Walk-in,Saturday,June
2026-06-27,INV-10460,Atorvastatin 10mg,Tablet,Cardiac,₹3.20,2,₹6.40,0.0,₹0.00,₹6.40,12.0,₹0.77,₹7.17,Cash,Walk-in,Saturday,June
2026-06-27,INV-10461,Crocin Advance,Tablet,Pain Relief,₹3.00,5,₹15.00,0.0,₹0.00,₹15.00,5.0,₹0.75,₹15.75,Card,Walk-in,Saturday,June
2026-06-27,INV-10462,Dettol Antiseptic 100ml,Liquid,Antiseptic,₹75.00,1,₹75.00,0.0,₹0.00,₹75.00,5.0,₹3.75,₹78.75,Card,Regular,Saturday,June
2026-06-27,INV-10463,Amlodipine 5mg,Tablet,Cardiac,₹1.80,3,₹5.40,0.0,₹0.00,₹5.40,5.0,₹0.27,₹5.67,Card,Regular,Saturday,June
2026-06-27,INV-10464,Pantoprazole 40mg,Tablet,Gastro,₹4.50,2,₹9.00,0.0,₹0.00,₹9.00,5.0,₹0.45,₹9.45,Cash,Regular,Saturday,June
2026-06-27,INV-10465,Vicks Action 500,Tablet,Cough & Cold,₹5.00,3,₹15.00,2.0,₹0.30,₹14.70,5.0,₹0.73,₹15.43,UPI,Regular,Saturday,June
2026-06-27,INV-10466,Digene Gel 200ml,Suspension,Gastro,₹125.00,1,₹125.00,2.0,₹2.50,₹122.50,5.0,₹6.12,₹128.62,Cash,Walk-in,Saturday,June
2026-06-27,INV-10467,Ondansetron 4mg,Tablet,Gastro,₹2.50,1,₹2.50,0.0,₹0.00,₹2.50,5.0,₹0.12,₹2.62,Cash,Regular,Saturday,June
2026-06-27,INV-10468,Volini Gel 30g,Gel,Pain Relief,₹110.00,1,₹110.00,0.0,₹0.00,₹110.00,12.0,₹13.20,₹123.20,Cash,Walk-in,Saturday,June
2026-06-27,INV-10469,Telmisartan 40mg,Tablet,Cardiac,₹4.20,1,₹4.20,2.0,₹0.08,₹4.12,12.0,₹0.49,₹4.61,Cash,Walk-in,Saturday,June
2026-06-27,INV-10470,Amoxicillin 500mg,Capsule,Antibiotic,₹8.50,2,₹17.00,0.0,₹0.00,₹17.00,12.0,₹2.04,₹19.04,UPI,Walk-in,Saturday,June
2026-06-27,INV-10471,Levocetirizine 5mg,Tablet,Allergy,₹2.20,2,₹4.40,2.0,₹0.09,₹4.31,18.0,₹0.78,₹5.09,Card,Walk-in,Saturday,June
2026-06-27,INV-10472,Cheston Cold,Tablet,Cough & Cold,₹4.00,2,₹8.00,5.0,₹0.40,₹7.60,5.0,₹0.38,₹7.98,Cash,Regular,Saturday,June
2026-06-27,INV-10473,Pantoprazole 40mg,Tablet,Gastro,₹4.50,2,₹9.00,0.0,₹0.00,₹9.00,5.0,₹0.45,₹9.45,UPI,Walk-in,Saturday,June
2026-06-27,INV-10474,Dettol Antiseptic 100ml,Liquid,Antiseptic,₹75.00,3,₹225.00,0.0,₹0.00,₹225.00,18.0,₹40.50,₹265.50,Card,Chronic,Saturday,June
2026-06-27,INV-10475,Amoxicillin 500mg,Capsule,Antibiotic,₹8.50,3,₹25.50,0.0,₹0.00,₹25.50,12.0,₹3.06,₹28.56,Cash,Chronic,Saturday,June
2026-06-27,INV-10476,Atorvastatin 10mg,Tablet,Cardiac,₹3.20,1,₹3.20,0.0,₹0.00,₹3.20,5.0,₹0.16,₹3.36,Card,Regular,Saturday,June
2026-06-27,INV-10477,Amoxicillin 500mg,Capsule,Antibiotic,₹8.50,2,₹17.00,0.0,₹0.00,₹17.00,5.0,₹0.85,₹17.85,UPI,Walk-in,Saturday,June
2026-06-27,INV-10478,Azithromycin 500mg,Tablet,Antibiotic,₹12.50,3,₹37.50,0.0,₹0.00,₹37.50,5.0,₹1.88,₹39.38,UPI,Chronic,Saturday,June
2026-06-27,INV-10479,Vicks Action 500,Tablet,Cough & Cold,₹5.00,3,₹15.00,0.0,₹0.00,₹15.00,12.0,₹1.80,₹16.80,Card,Walk-in,Saturday,June
2026-06-27,INV-10480,Telmisartan 40mg,Tablet,Cardiac,₹4.20,3,₹12.60,0.0,₹0.00,₹12.60,12.0,₹1.51,₹14.11,Cash,Regular,Saturday,June
2026-06-27,INV-10481,Betadine 100ml,Solution,Antiseptic,₹85.00,2,₹170.00,0.0,₹0.00,₹170.00,5.0,₹8.50,₹178.50,UPI,Regular,Saturday,June
2026-06-27,INV-10482,Cheston Cold,Tablet,Cough & Cold,₹4.00,5,₹20.00,0.0,₹0.00,₹20.00,5.0,₹1.00,₹21.00,UPI,Walk-in,Saturday,June
2026-06-27,INV-10483,Dolo 650,Tablet,Pain Relief,₹3.20,2,₹6.40,0.0,₹0.00,₹6.40,5.0,₹0.32,₹6.72,UPI,Walk-in,Saturday,June
2026-06-27,INV-10484,Electral ORS,Sachet,Hydration,₹20.00,2,₹40.00,0.0,₹0.00,₹40.00,5.0,₹2.00,₹42.00,Cash,Walk-in,Saturday,June
2026-06-27,INV-10485,Vicks Action 500,Tablet,Cough & Cold,₹5.00,2,₹10.00,0.0,₹0.00,₹10.00,5.0,₹0.50,₹10.50,UPI,Walk-in,Saturday,June
2026-06-28,INV-10486,Volini Gel 30g,Gel,Pain Relief,₹110.00,2,₹220.00,0.0,₹0.00,₹220.00,18.0,₹39.60,₹259.60,UPI,Regular,Sunday,June
2026-06-28,INV-10487,Dettol Antiseptic 100ml,Liquid,Antiseptic,₹75.00,3,₹225.00,0.0,₹0.00,₹225.00,5.0,₹11.25,₹236.25,UPI,Regular,Sunday,June
2026-06-28,INV-10488,Volini Gel 30g,Gel,Pain Relief,₹110.00,1,₹110.00,0.0,₹0.00,₹110.00,18.0,₹19.80,₹129.80,Card,Regular,Sunday,June
2026-06-28,INV-10489,Cetirizine 10mg,Tablet,Allergy,₹1.80,3,₹5.40,0.0,₹0.00,₹5.40,12.0,₹0.65,₹6.05,Cash,Regular,Sunday,June
2026-06-28,INV-10490,Paracetamol 500mg,Tablet,Pain Relief,₹2.50,8,₹20.00,0.0,₹0.00,₹20.00,12.0,₹2.40,₹22.40,UPI,Regular,Sunday,June
2026-06-28,INV-10491,Cough Syrup 100ml,Syrup,Cough & Cold,₹85.00,2,₹170.00,2.0,₹3.40,₹166.60,12.0,₹19.99,₹186.59,Cash,Regular,Sunday,June
2026-06-28,INV-10492,Meftal Spas,Tablet,Pain Relief,₹3.80,5,₹19.00,2.0,₹0.38,₹18.62,18.0,₹3.35,₹21.97,Cash,Walk-in,Sunday,June
2026-06-28,INV-10493,Dettol Antiseptic 100ml,Liquid,Antiseptic,₹75.00,2,₹150.00,3.0,₹4.50,₹145.50,12.0,₹17.46,₹162.96,Cash,Regular,Sunday,June
2026-06-28,INV-10494,Glimepiride 1mg,Tablet,Diabetes,₹2.00,6,₹12.00,0.0,₹0.00,₹12.00,5.0,₹0.60,₹12.60,UPI,Regular,Sunday,June
2026-06-28,INV-10495,Metformin 500mg,Tablet,Diabetes,₹1.50,3,₹4.50,0.0,₹0.00,₹4.50,5.0,₹0.23,₹4.73,Card,Walk-in,Sunday,June
2026-06-28,INV-10496,Atorvastatin 10mg,Tablet,Cardiac,₹3.20,1,₹3.20,0.0,₹0.00,₹3.20,5.0,₹0.16,₹3.36,Cash,Chronic,Sunday,June
2026-06-28,INV-10497,Pantoprazole 40mg,Tablet,Gastro,₹4.50,6,₹27.00,5.0,₹1.35,₹25.65,12.0,₹3.08,₹28.73,UPI,New Customer,Sunday,June
2026-06-28,INV-10498,Dettol Antiseptic 100ml,Liquid,Antiseptic,₹75.00,2,₹150.00,0.0,₹0.00,₹150.00,18.0,₹27.00,₹177.00,UPI,Regular,Sunday,June
2026-06-28,INV-10499,Volini Gel 30g,Gel,Pain Relief,₹110.00,2,₹220.00,3.0,₹6.60,₹213.40,18.0,₹38.41,₹251.81,UPI,Walk-in,Sunday,June
2026-06-28,INV-10500,Vitamin C 500mg,Tablet,Vitamins,₹2.80,2,₹5.60,0.0,₹0.00,₹5.60,12.0,₹0.67,₹6.27,UPI,Walk-in,Sunday,June
2026-06-28,INV-10501,Betadine 100ml,Solution,Antiseptic,₹85.00,2,₹170.00,0.0,₹0.00,₹170.00,5.0,₹8.50,₹178.50,Card,Regular,Sunday,June
2026-06-28,INV-10502,Vicks Action 500,Tablet,Cough & Cold,₹5.00,2,₹10.00,3.0,₹0.30,₹9.70,5.0,₹0.48,₹10.18,Cash,Walk-in,Sunday,June
2026-06-28,INV-10503,Cheston Cold,Tablet,Cough & Cold,₹4.00,1,₹4.00,2.0,₹0.08,₹3.92,12.0,₹0.47,₹4.39,UPI,Walk-in,Sunday,June
2026-06-28,INV-10504,ORS Lemon,Sachet,Hydration,₹22.00,2,₹44.00,5.0,₹2.20,₹41.80,18.0,₹7.52,₹49.32,Card,Walk-in,Sunday,June
2026-06-28,INV-10505,Betadine 100ml,Solution,Antiseptic,₹85.00,3,₹255.00,0.0,₹0.00,₹255.00,12.0,₹30.60,₹285.60,Cash,Walk-in,Sunday,June
2026-06-28,INV-10506,Metformin 500mg,Tablet,Diabetes,₹1.50,6,₹9.00,2.0,₹0.18,₹8.82,12.0,₹1.06,₹9.88,UPI,Regular,Sunday,June
2026-06-28,INV-10507,Multivitamin Syrup 200ml,Syrup,Vitamins,₹145.00,4,₹580.00,0.0,₹0.00,₹580.00,5.0,₹29.00,₹609.00,UPI,Chronic,Sunday,June
2026-06-28,INV-10508,Omeprazole 20mg,Capsule,Gastro,₹3.80,4,₹15.20,0.0,₹0.00,₹15.20,5.0,₹0.76,₹15.96,UPI,Chronic,Sunday,June
2026-06-28,INV-10509,Dolo 650,Tablet,Pain Relief,₹3.20,1,₹3.20,0.0,₹0.00,₹3.20,18.0,₹0.58,₹3.78,Card,Walk-in,Sunday,June
2026-06-28,INV-10510,Amoxicillin 500mg,Capsule,Antibiotic,₹8.50,1,₹8.50,5.0,₹0.42,₹8.08,5.0,₹0.40,₹8.48,Card,Walk-in,Sunday,June
2026-06-28,INV-10511,Cetirizine 10mg,Tablet,Allergy,₹1.80,2,₹3.60,0.0,₹0.00,₹3.60,5.0,₹0.18,₹3.78,Cash,Walk-in,Sunday,June
2026-06-28,INV-10512,Levocetirizine 5mg,Tablet,Allergy,₹2.20,2,₹4.40,0.0,₹0.00,₹4.40,5.0,₹0.22,₹4.62,UPI,New Customer,Sunday,June
2026-06-28,INV-10513,Cheston Cold,Tablet,Cough & Cold,₹4.00,2,₹8.00,0.0,₹0.00,₹8.00,18.0,₹1.44,₹9.44,UPI,New Customer,Sunday,June
2026-06-28,INV-10514,Digene Gel 200ml,Suspension,Gastro,₹125.00,6,₹750.00,0.0,₹0.00,₹750.00,5.0,₹37.50,₹787.50,UPI,Chronic,Sunday,June
2026-06-28,INV-10515,Paracetamol 500mg,Tablet,Pain Relief,₹2.50,6,₹15.00,0.0,₹0.00,₹15.00,5.0,₹0.75,₹15.75,UPI,Walk-in,Sunday,June
2026-06-28,INV-10516,Meftal Spas,Tablet,Pain Relief,₹3.80,3,₹11.40,0.0,₹0.00,₹11.40,12.0,₹1.37,₹12.77,UPI,Walk-in,Sunday,June
2026-06-28,INV-10517,Volini Gel 30g,Gel,Pain Relief,₹110.00,1,₹110.00,0.0,₹0.00,₹110.00,5.0,₹5.50,₹115.50,Card,Chronic,Sunday,June
2026-06-28,INV-10518,Levocetirizine 5mg,Tablet,Allergy,₹2.20,3,₹6.60,2.0,₹0.13,₹6.47,5.0,₹0.32,₹6.79,Card,Regular,Sunday,June
2026-06-28,INV-10519,Cough Syrup 100ml,Syrup,Cough & Cold,₹85.00,1,₹85.00,0.0,₹0.00,₹85.00,12.0,₹10.20,₹95.20,UPI,Walk-in,Sunday,June
2026-06-28,INV-10520,Digene Gel 200ml,Suspension,Gastro,₹125.00,2,₹250.00,0.0,₹0.00,₹250.00,5.0,₹12.50,₹262.50,Card,Walk-in,Sunday,June
2026-06-28,INV-10521,Multivitamin Syrup 200ml,Syrup,Vitamins,₹145.00,4,₹580.00,0.0,₹0.00,₹580.00,5.0,₹29.00,₹609.00,UPI,Chronic,Sunday,June
2026-06-29,INV-10522,Crocin Advance,Tablet,Pain Relief,₹3.00,1,₹3.00,0.0,₹0.00,₹3.00,5.0,₹0.15,₹3.15,UPI,New Customer,Monday,June
2026-06-29,INV-10523,Dolo 650,Tablet,Pain Relief,₹3.20,3,₹9.60,0.0,₹0.00,₹9.60,5.0,₹0.48,₹10.08,UPI,Walk-in,Monday,June
2026-06-29,INV-10524,Digene Gel 200ml,Suspension,Gastro,₹125.00,2,₹250.00,0.0,₹0.00,₹250.00,5.0,₹12.50,₹262.50,UPI,Walk-in,Monday,June
2026-06-29,INV-10525,Atorvastatin 10mg,Tablet,Cardiac,₹3.20,5,₹16.00,2.0,₹0.32,₹15.68,5.0,₹0.78,₹16.46,Card,Chronic,Monday,June
2026-06-29,INV-10526,Meftal Spas,Tablet,Pain Relief,₹3.80,2,₹7.60,0.0,₹0.00,₹7.60,12.0,₹0.91,₹8.51,Cash,Regular,Monday,June
2026-06-29,INV-10527,Cheston Cold,Tablet,Cough & Cold,₹4.00,1,₹4.00,2.0,₹0.08,₹3.92,5.0,₹0.20,₹4.12,UPI,New Customer,Monday,June
2026-06-29,INV-10528,Ondansetron 4mg,Tablet,Gastro,₹2.50,1,₹2.50,0.0,₹0.00,₹2.50,12.0,₹0.30,₹2.80,Cash,Regular,Monday,June
2026-06-29,INV-10529,Cough Syrup 100ml,Syrup,Cough & Cold,₹85.00,1,₹85.00,0.0,₹0.00,₹85.00,18.0,₹15.30,₹100.30,UPI,Walk-in,Monday,June
2026-06-29,INV-10530,Meftal Spas,Tablet,Pain Relief,₹3.80,4,₹15.20,0.0,₹0.00,₹15.20,18.0,₹2.74,₹17.94,UPI,Walk-in,Monday,June
2026-06-29,INV-10531,B-Complex,Tablet,Vitamins,₹3.50,3,₹10.50,0.0,₹0.00,₹10.50,12.0,₹1.26,₹11.76,UPI,Walk-in,Monday,June
2026-06-29,INV-10532,Amoxicillin 500mg,Capsule,Antibiotic,₹8.50,1,₹8.50,0.0,₹0.00,₹8.50,18.0,₹1.53,₹10.03,UPI,New Customer,Monday,June
2026-06-29,INV-10533,Multivitamin Syrup 200ml,Syrup,Vitamins,₹145.00,3,₹435.00,0.0,₹0.00,₹435.00,5.0,₹21.75,₹456.75,UPI,New Customer,Monday,June
2026-06-29,INV-10534,Cheston Cold,Tablet,Cough & Cold,₹4.00,2,₹8.00,0.0,₹0.00,₹8.00,5.0,₹0.40,₹8.40,UPI,Regular,Monday,June
2026-06-29,INV-10535,Multivitamin Syrup 200ml,Syrup,Vitamins,₹145.00,1,₹145.00,2.0,₹2.90,₹142.10,18.0,₹25.58,₹167.68,Cash,Regular,Monday,June
2026-06-29,INV-10536,Omeprazole 20mg,Capsule,Gastro,₹3.80,2,₹7.60,0.0,₹0.00,₹7.60,5.0,₹0.38,₹7.98,UPI,Chronic,Monday,June
2026-06-29,INV-10537,Digene Gel 200ml,Suspension,Gastro,₹125.00,6,₹750.00,0.0,₹0.00,₹750.00,18.0,₹135.00,₹885.00,UPI,Regular,Monday,June
2026-06-29,INV-10538,ORS Orange,Sachet,Hydration,₹20.00,1,₹20.00,2.0,₹0.40,₹19.60,5.0,₹0.98,₹20.58,UPI,Walk-in,Monday,June
2026-06-29,INV-10539,Digene Gel 200ml,Suspension,Gastro,₹125.00,4,₹500.00,0.0,₹0.00,₹500.00,18.0,₹90.00,₹590.00,Cash,Walk-in,Monday,June
2026-06-29,INV-10540,Dettol Antiseptic 100ml,Liquid,Antiseptic,₹75.00,3,₹225.00,2.0,₹4.50,₹220.50,12.0,₹26.46,₹246.96,Cash,Regular,Monday,June
2026-06-29,INV-10541,Vicks Action 500,Tablet,Cough & Cold,₹5.00,4,₹20.00,3.0,₹0.60,₹19.40,5.0,₹0.97,₹20.37,Cash,Regular,Monday,June
2026-06-29,INV-10542,Cetirizine 10mg,Tablet,Allergy,₹1.80,2,₹3.60,0.0,₹0.00,₹3.60,12.0,₹0.43,₹4.03,Cash,Walk-in,Monday,June
2026-06-29,INV-10543,Amoxicillin 500mg,Capsule,Antibiotic,₹8.50,2,₹17.00,0.0,₹0.00,₹17.00,12.0,₹2.04,₹19.04,UPI,Walk-in,Monday,June
2026-06-29,INV-10544,Digene Gel 200ml,Suspension,Gastro,₹125.00,1,₹125.00,0.0,₹0.00,₹125.00,5.0,₹6.25,₹131.25,UPI,Walk-in,Monday,June
2026-06-29,INV-10545,ORS Lemon,Sachet,Hydration,₹22.00,2,₹44.00,3.0,₹1.32,₹42.68,12.0,₹5.12,₹47.80,UPI,Regular,Monday,June
2026-06-29,INV-10546,Pantoprazole 40mg,Tablet,Gastro,₹4.50,1,₹4.50,0.0,₹0.00,₹4.50,5.0,₹0.23,₹4.73,UPI,Walk-in,Monday,June
2026-06-29,INV-10547,Levocetirizine 5mg,Tablet,Allergy,₹2.20,1,₹2.20,0.0,₹0.00,₹2.20,5.0,₹0.11,₹2.31,Card,Walk-in,Monday,June
2026-06-29,INV-10548,Levocetirizine 5mg,Tablet,Allergy,₹2.20,1,₹2.20,5.0,₹0.11,₹2.09,12.0,₹0.25,₹2.34,Cash,Walk-in,Monday,June
2026-06-29,INV-10549,Cetirizine 10mg,Tablet,Allergy,₹1.80,3,₹5.40,0.0,₹0.00,₹5.40,5.0,₹0.27,₹5.67,UPI,Walk-in,Monday,June
2026-06-29,INV-10550,Cheston Cold,Tablet,Cough & Cold,₹4.00,1,₹4.00,0.0,₹0.00,₹4.00,12.0,₹0.48,₹4.48,Cash,Walk-in,Monday,June
2026-06-29,INV-10551,ORS Orange,Sachet,Hydration,₹20.00,6,₹120.00,0.0,₹0.00,₹120.00,18.0,₹21.60,₹141.60,Cash,Walk-in,Monday,June
2026-06-29,INV-10552,Cough Syrup 100ml,Syrup,Cough & Cold,₹85.00,1,₹85.00,0.0,₹0.00,₹85.00,12.0,₹10.20,₹95.20,UPI,Regular,Monday,June
2026-06-30,INV-10553,Vicks Action 500,Tablet,Cough & Cold,₹5.00,1,₹5.00,2.0,₹0.10,₹4.90,5.0,₹0.24,₹5.14,UPI,Walk-in,Tuesday,June
2026-06-30,INV-10554,Crocin Advance,Tablet,Pain Relief,₹3.00,3,₹9.00,0.0,₹0.00,₹9.00,18.0,₹1.62,₹10.62,Card,Regular,Tuesday,June
2026-06-30,INV-10555,Cetirizine 10mg,Tablet,Allergy,₹1.80,1,₹1.80,0.0,₹0.00,₹1.80,5.0,₹0.09,₹1.89,UPI,Regular,Tuesday,June
2026-06-30,INV-10556,Metformin 500mg,Tablet,Diabetes,₹1.50,3,₹4.50,0.0,₹0.00,₹4.50,18.0,₹0.81,₹5.31,UPI,Walk-in,Tuesday,June
2026-06-30,INV-10557,Betadine 100ml,Solution,Antiseptic,₹85.00,1,₹85.00,2.0,₹1.70,₹83.30,5.0,₹4.17,₹87.47,UPI,Chronic,Tuesday,June
2026-06-30,INV-10558,ORS Lemon,Sachet,Hydration,₹22.00,2,₹44.00,5.0,₹2.20,₹41.80,12.0,₹5.02,₹46.82,Cash,Regular,Tuesday,June
2026-06-30,INV-10559,Omeprazole 20mg,Capsule,Gastro,₹3.80,3,₹11.40,0.0,₹0.00,₹11.40,5.0,₹0.57,₹11.97,UPI,Chronic,Tuesday,June
2026-06-30,INV-10560,Paracetamol 500mg,Tablet,Pain Relief,₹2.50,5,₹12.50,0.0,₹0.00,₹12.50,5.0,₹0.62,₹13.12,UPI,Walk-in,Tuesday,June
2026-06-30,INV-10561,Glimepiride 1mg,Tablet,Diabetes,₹2.00,5,₹10.00,0.0,₹0.00,₹10.00,12.0,₹1.20,₹11.20,UPI,Walk-in,Tuesday,June
2026-06-30,INV-10562,Cetirizine 10mg,Tablet,Allergy,₹1.80,2,₹3.60,0.0,₹0.00,₹3.60,5.0,₹0.18,₹3.78,UPI,Chronic,Tuesday,June
2026-06-30,INV-10563,Omeprazole 20mg,Capsule,Gastro,₹3.80,2,₹7.60,0.0,₹0.00,₹7.60,5.0,₹0.38,₹7.98,UPI,Walk-in,Tuesday,June
2026-06-30,INV-10564,Betadine 100ml,Solution,Antiseptic,₹85.00,1,₹85.00,5.0,₹4.25,₹80.75,5.0,₹4.04,₹84.79,Cash,Chronic,Tuesday,June
2026-06-30,INV-10565,Azithromycin 500mg,Tablet,Antibiotic,₹12.50,1,₹12.50,2.0,₹0.25,₹12.25,18.0,₹2.21,₹14.46,UPI,Chronic,Tuesday,June
2026-06-30,INV-10566,Betadine 100ml,Solution,Antiseptic,₹85.00,4,₹340.00,0.0,₹0.00,₹340.00,18.0,₹61.20,₹401.20,UPI,Walk-in,Tuesday,June
2026-06-30,INV-10567,Dettol Antiseptic 100ml,Liquid,Antiseptic,₹75.00,3,₹225.00,2.0,₹4.50,₹220.50,5.0,₹11.03,₹231.53,UPI,Regular,Tuesday,June
2026-06-30,INV-10568,Dolo 650,Tablet,Pain Relief,₹3.20,4,₹12.80,0.0,₹0.00,₹12.80,12.0,₹1.54,₹14.34,UPI,Chronic,Tuesday,June
2026-06-30,INV-10569,ORS Orange,Sachet,Hydration,₹20.00,1,₹20.00,0.0,₹0.00,₹20.00,5.0,₹1.00,₹21.00,UPI,Walk-in,Tuesday,June
2026-06-30,INV-10570,Azithromycin 500mg,Tablet,Antibiotic,₹12.50,1,₹12.50,0.0,₹0.00,₹12.50,5.0,₹0.62,₹13.12,UPI,Walk-in,Tuesday,June
2026-06-30,INV-10571,Paracetamol 500mg,Tablet,Pain Relief,₹2.50,5,₹12.50,0.0,₹0.00,₹12.50,18.0,₹2.25,₹14.75,UPI,Chronic,Tuesday,June
2026-06-30,INV-10572,Telmisartan 40mg,Tablet,Cardiac,₹4.20,3,₹12.60,0.0,₹0.00,₹12.60,12.0,₹1.51,₹14.11,UPI,Walk-in,Tuesday,June
2026-06-30,INV-10573,Volini Gel 30g,Gel,Pain Relief,₹110.00,1,₹110.00,3.0,₹3.30,₹106.70,5.0,₹5.33,₹112.03,UPI,Regular,Tuesday,June
2026-06-30,INV-10574,Digene Gel 200ml,Suspension,Gastro,₹125.00,3,₹375.00,0.0,₹0.00,₹375.00,5.0,₹18.75,₹393.75,Card,Chronic,Tuesday,June
2026-06-30,INV-10575,ORS Lemon,Sachet,Hydration,₹22.00,4,₹88.00,2.0,₹1.76,₹86.24,5.0,₹4.31,₹90.55,UPI,Walk-in,Tuesday,June
2026-06-30,INV-10576,Cheston Cold,Tablet,Cough & Cold,₹4.00,1,₹4.00,0.0,₹0.00,₹4.00,12.0,₹0.48,₹4.48,Card,Walk-in,Tuesday,June
2026-06-30,INV-10577,Metformin 500mg,Tablet,Diabetes,₹1.50,2,₹3.00,0.0,₹0.00,₹3.00,5.0,₹0.15,₹3.15,UPI,Chronic,Tuesday,June
2026-06-30,INV-10578,Betadine 100ml,Solution,Antiseptic,₹85.00,2,₹170.00,0.0,₹0.00,₹170.00,5.0,₹8.50,₹178.50,Cash,Walk-in,Tuesday,June
2026-06-30,INV-10579,Vicks Action 500,Tablet,Cough & Cold,₹5.00,2,₹10.00,0.0,₹0.00,₹10.00,5.0,₹0.50,₹10.50,UPI,Walk-in,Tuesday,June
2026-06-30,INV-10580,Telmisartan 40mg,Tablet,Cardiac,₹4.20,3,₹12.60,3.0,₹0.38,₹12.22,5.0,₹0.61,₹12.83,UPI,Chronic,Tuesday,June
2026-06-30,INV-10581,Glimepiride 1mg,Tablet,Diabetes,₹2.00,2,₹4.00,0.0,₹0.00,₹4.00,18.0,₹0.72,₹4.72,UPI,Regular,Tuesday,June
2026-07-01,INV-10582,Metformin 500mg,Tablet,Diabetes,₹1.50,2,₹3.00,0.0,₹0.00,₹3.00,18.0,₹0.54,₹3.54,UPI,Walk-in,Wednesday,July
2026-07-01,INV-10583,Dettol Antiseptic 100ml,Liquid,Antiseptic,₹75.00,3,₹225.00,0.0,₹0.00,₹225.00,18.0,₹40.50,₹265.50,Card,Walk-in,Wednesday,July
2026-07-01,INV-10584,Telmisartan 40mg,Tablet,Cardiac,₹4.20,2,₹8.40,0.0,₹0.00,₹8.40,12.0,₹1.01,₹9.41,UPI,Regular,Wednesday,July
2026-07-01,INV-10585,Azithromycin 500mg,Tablet,Antibiotic,₹12.50,6,₹75.00,2.0,₹1.50,₹73.50,12.0,₹8.82,₹82.32,UPI,Chronic,Wednesday,July
2026-07-01,INV-10586,Dolo 650,Tablet,Pain Relief,₹3.20,2,₹6.40,3.0,₹0.19,₹6.21,18.0,₹1.12,₹7.33,Cash,Regular,Wednesday,July
2026-07-01,INV-10587,Omeprazole 20mg,Capsule,Gastro,₹3.80,3,₹11.40,0.0,₹0.00,₹11.40,18.0,₹2.05,₹13.45,UPI,Walk-in,Wednesday,July
2026-07-01,INV-10588,ORS Lemon,Sachet,Hydration,₹22.00,1,₹22.00,0.0,₹0.00,₹22.00,5.0,₹1.10,₹23.10,Cash,Regular,Wednesday,July
2026-07-01,INV-10589,Dettol Antiseptic 100ml,Liquid,Antiseptic,₹75.00,4,₹300.00,0.0,₹0.00,₹300.00,5.0,₹15.00,₹315.00,UPI,Walk-in,Wednesday,July
2026-07-01,INV-10590,Electral ORS,Sachet,Hydration,₹20.00,3,₹60.00,0.0,₹0.00,₹60.00,5.0,₹3.00,₹63.00,Cash,Walk-in,Wednesday,July
2026-07-01,INV-10591,Calcium + D3,Tablet,Vitamins,₹6.00,2,₹12.00,0.0,₹0.00,₹12.00,5.0,₹0.60,₹12.60,UPI,Chronic,Wednesday,July
2026-07-01,INV-10592,Levocetirizine 5mg,Tablet,Allergy,₹2.20,8,₹17.60,0.0,₹0.00,₹17.60,5.0,₹0.88,₹18.48,UPI,New Customer,Wednesday,July
2026-07-01,INV-10593,Meftal Spas,Tablet,Pain Relief,₹3.80,6,₹22.80,0.0,₹0.00,₹22.80,12.0,₹2.74,₹25.54,UPI,Walk-in,Wednesday,July
2026-07-01,INV-10594,Metformin 500mg,Tablet,Diabetes,₹1.50,3,₹4.50,0.0,₹0.00,₹4.50,5.0,₹0.23,₹4.73,UPI,Walk-in,Wednesday,July
2026-07-01,INV-10595,Vicks Action 500,Tablet,Cough & Cold,₹5.00,2,₹10.00,3.0,₹0.30,₹9.70,12.0,₹1.16,₹10.86,UPI,Chronic,Wednesday,July
2026-07-01,INV-10596,Telmisartan 40mg,Tablet,Cardiac,₹4.20,2,₹8.40,0.0,₹0.00,₹8.40,5.0,₹0.42,₹8.82,Cash,Walk-in,Wednesday,July
2026-07-01,INV-10597,Vicks Action 500,Tablet,Cough & Cold,₹5.00,2,₹10.00,0.0,₹0.00,₹10.00,5.0,₹0.50,₹10.50,UPI,Regular,Wednesday,July
2026-07-01,INV-10598,Metformin 500mg,Tablet,Diabetes,₹1.50,3,₹4.50,2.0,₹0.09,₹4.41,12.0,₹0.53,₹4.94,Cash,Walk-in,Wednesday,July
2026-07-01,INV-10599,Multivitamin Syrup 200ml,Syrup,Vitamins,₹145.00,2,₹290.00,0.0,₹0.00,₹290.00,5.0,₹14.50,₹304.50,UPI,Walk-in,Wednesday,July
2026-07-01,INV-10600,Dettol Antiseptic 100ml,Liquid,Antiseptic,₹75.00,1,₹75.00,0.0,₹0.00,₹75.00,18.0,₹13.50,₹88.50,UPI,Chronic,Wednesday,July
2026-07-01,INV-10601,Ondansetron 4mg,Tablet,Gastro,₹2.50,2,₹5.00,2.0,₹0.10,₹4.90,12.0,₹0.59,₹5.49,Cash,Walk-in,Wednesday,July
2026-07-01,INV-10602,Pantoprazole 40mg,Tablet,Gastro,₹4.50,2,₹9.00,0.0,₹0.00,₹9.00,18.0,₹1.62,₹10.62,Cash,Regular,Wednesday,July
2026-07-01,INV-10603,Electral ORS,Sachet,Hydration,₹20.00,4,₹80.00,0.0,₹0.00,₹80.00,12.0,₹9.60,₹89.60,UPI,Regular,Wednesday,July
2026-07-01,INV-10604,ORS Orange,Sachet,Hydration,₹20.00,1,₹20.00,0.0,₹0.00,₹20.00,5.0,₹1.00,₹21.00,UPI,New Customer,Wednesday,July
2026-07-01,INV-10605,Omeprazole 20mg,Capsule,Gastro,₹3.80,2,₹7.60,0.0,₹0.00,₹7.60,5.0,₹0.38,₹7.98,UPI,Regular,Wednesday,July
2026-07-01,INV-10606,Metformin 500mg,Tablet,Diabetes,₹1.50,2,₹3.00,2.0,₹0.06,₹2.94,12.0,₹0.35,₹3.29,UPI,Walk-in,Wednesday,July
2026-07-01,INV-10607,Paracetamol 500mg,Tablet,Pain Relief,₹2.50,4,₹10.00,0.0,₹0.00,₹10.00,5.0,₹0.50,₹10.50,UPI,Chronic,Wednesday,July
2026-07-01,INV-10608,Multivitamin Syrup 200ml,Syrup,Vitamins,₹145.00,8,"₹1,160.00",2.0,₹23.20,"₹1,136.80",5.0,₹56.84,"₹1,193.64",UPI,Regular,Wednesday,July
2026-07-01,INV-10609,Paracetamol 500mg,Tablet,Pain Relief,₹2.50,1,₹2.50,0.0,₹0.00,₹2.50,18.0,₹0.45,₹2.95,Cash,Walk-in,Wednesday,July
2026-07-01,INV-10610,Telmisartan 40mg,Tablet,Cardiac,₹4.20,4,₹16.80,0.0,₹0.00,₹16.80,5.0,₹0.84,₹17.64,UPI,Chronic,Wednesday,July
2026-07-01,INV-10611,Crocin Advance,Tablet,Pain Relief,₹3.00,1,₹3.00,0.0,₹0.00,₹3.00,12.0,₹0.36,₹3.36,UPI,Walk-in,Wednesday,July
2026-07-01,INV-10612,ORS Lemon,Sachet,Hydration,₹22.00,1,₹22.00,0.0,₹0.00,₹22.00,18.0,₹3.96,₹25.96,UPI,Regular,Wednesday,July
2026-07-01,INV-10613,Pantoprazole 40mg,Tablet,Gastro,₹4.50,4,₹18.00,3.0,₹0.54,₹17.46,12.0,₹2.10,₹19.56,Card,Chronic,Wednesday,July
2026-07-01,INV-10614,Metformin 500mg,Tablet,Diabetes,₹1.50,1,₹1.50,0.0,₹0.00,₹1.50,5.0,₹0.07,₹1.57,UPI,Walk-in,Wednesday,July
2026-07-01,INV-10615,ORS Lemon,Sachet,Hydration,₹22.00,6,₹132.00,3.0,₹3.96,₹128.04,5.0,₹6.40,₹134.44,UPI,Walk-in,Wednesday,July
2026-07-01,INV-10616,Paracetamol 500mg,Tablet,Pain Relief,₹2.50,1,₹2.50,0.0,₹0.00,₹2.50,18.0,₹0.45,₹2.95,Cash,Walk-in,Wednesday,July
2026-07-01,INV-10617,ORS Orange,Sachet,Hydration,₹20.00,3,₹60.00,0.0,₹0.00,₹60.00,5.0,₹3.00,₹63.00,Cash,Regular,Wednesday,July
2026-07-01,INV-10618,Amlodipine 5mg,Tablet,Cardiac,₹1.80,5,₹9.00,0.0,₹0.00,₹9.00,5.0,₹0.45,₹9.45,UPI,Walk-in,Wednesday,July
2026-07-02,INV-10619,Dolo 650,Tablet,Pain Relief,₹3.20,1,₹3.20,3.0,₹0.10,₹3.10,12.0,₹0.37,₹3.47,UPI,Walk-in,Thursday,July
2026-07-02,INV-10620,ORS Lemon,Sachet,Hydration,₹22.00,6,₹132.00,0.0,₹0.00,₹132.00,12.0,₹15.84,₹147.84,UPI,Regular,Thursday,July
2026-07-02,INV-10621,ORS Orange,Sachet,Hydration,₹20.00,2,₹40.00,0.0,₹0.00,₹40.00,5.0,₹2.00,₹42.00,Cash,Regular,Thursday,July
2026-07-02,INV-10622,Electral ORS,Sachet,Hydration,₹20.00,6,₹120.00,0.0,₹0.00,₹120.00,5.0,₹6.00,₹126.00,UPI,Walk-in,Thursday,July
2026-07-02,INV-10623,Digene Gel 200ml,Suspension,Gastro,₹125.00,2,₹250.00,0.0,₹0.00,₹250.00,12.0,₹30.00,₹280.00,UPI,New Customer,Thursday,July
2026-07-02,INV-10624,Cough Syrup 100ml,Syrup,Cough & Cold,₹85.00,6,₹510.00,3.0,₹15.30,₹494.70,12.0,₹59.36,₹554.06,UPI,Chronic,Thursday,July
2026-07-02,INV-10625,Glimepiride 1mg,Tablet,Diabetes,₹2.00,1,₹2.00,0.0,₹0.00,₹2.00,12.0,₹0.24,₹2.24,Cash,Regular,Thursday,July
2026-07-02,INV-10626,Telmisartan 40mg,Tablet,Cardiac,₹4.20,1,₹4.20,0.0,₹0.00,₹4.20,5.0,₹0.21,₹4.41,Card,Regular,Thursday,July
2026-07-02,INV-10627,Meftal Spas,Tablet,Pain Relief,₹3.80,3,₹11.40,0.0,₹0.00,₹11.40,12.0,₹1.37,₹12.77,UPI,New Customer,Thursday,July
2026-07-02,INV-10628,Ondansetron 4mg,Tablet,Gastro,₹2.50,2,₹5.00,2.0,₹0.10,₹4.90,5.0,₹0.24,₹5.14,Card,Walk-in,Thursday,July
2026-07-02,INV-10629,Electral ORS,Sachet,Hydration,₹20.00,1,₹20.00,0.0,₹0.00,₹20.00,18.0,₹3.60,₹23.60,UPI,Regular,Thursday,July
2026-07-02,INV-10630,Calcium + D3,Tablet,Vitamins,₹6.00,3,₹18.00,0.0,₹0.00,₹18.00,5.0,₹0.90,₹18.90,UPI,Walk-in,Thursday,July
2026-07-02,INV-10631,Dolo 650,Tablet,Pain Relief,₹3.20,3,₹9.60,3.0,₹0.29,₹9.31,12.0,₹1.12,₹10.43,Cash,Regular,Thursday,July
2026-07-02,INV-10632,Meftal Spas,Tablet,Pain Relief,₹3.80,2,₹7.60,0.0,₹0.00,₹7.60,18.0,₹1.37,₹8.97,UPI,Walk-in,Thursday,July
2026-07-02,INV-10633,Dettol Antiseptic 100ml,Liquid,Antiseptic,₹75.00,1,₹75.00,0.0,₹0.00,₹75.00,5.0,₹3.75,₹78.75,UPI,New Customer,Thursday,July
2026-07-02,INV-10634,Amoxicillin 500mg,Capsule,Antibiotic,₹8.50,1,₹8.50,0.0,₹0.00,₹8.50,12.0,₹1.02,₹9.52,Cash,Walk-in,Thursday,July
2026-07-02,INV-10635,Betadine 100ml,Solution,Antiseptic,₹85.00,1,₹85.00,0.0,₹0.00,₹85.00,5.0,₹4.25,₹89.25,UPI,Walk-in,Thursday,July
2026-07-02,INV-10636,Amoxicillin 500mg,Capsule,Antibiotic,₹8.50,2,₹17.00,5.0,₹0.85,₹16.15,12.0,₹1.94,₹18.09,Cash,Chronic,Thursday,July
2026-07-02,INV-10637,Telmisartan 40mg,Tablet,Cardiac,₹4.20,1,₹4.20,5.0,₹0.21,₹3.99,12.0,₹0.48,₹4.47,Cash,Walk-in,Thursday,July
2026-07-02,INV-10638,Cheston Cold,Tablet,Cough & Cold,₹4.00,3,₹12.00,0.0,₹0.00,₹12.00,12.0,₹1.44,₹13.44,Cash,Walk-in,Thursday,July
2026-07-02,INV-10639,Vitamin C 500mg,Tablet,Vitamins,₹2.80,2,₹5.60,0.0,₹0.00,₹5.60,18.0,₹1.01,₹6.61,Cash,Walk-in,Thursday,July
2026-07-02,INV-10640,Amlodipine 5mg,Tablet,Cardiac,₹1.80,2,₹3.60,5.0,₹0.18,₹3.42,5.0,₹0.17,₹3.59,UPI,Regular,Thursday,July
2026-07-02,INV-10641,Azithromycin 500mg,Tablet,Antibiotic,₹12.50,2,₹25.00,0.0,₹0.00,₹25.00,18.0,₹4.50,₹29.50,UPI,Regular,Thursday,July
2026-07-02,INV-10642,Vicks Action 500,Tablet,Cough & Cold,₹5.00,3,₹15.00,0.0,₹0.00,₹15.00,12.0,₹1.80,₹16.80,Cash,Walk-in,Thursday,July
2026-07-02,INV-10643,Atorvastatin 10mg,Tablet,Cardiac,₹3.20,3,₹9.60,3.0,₹0.29,₹9.31,5.0,₹0.47,₹9.78,Cash,Regular,Thursday,July
2026-07-02,INV-10644,ORS Lemon,Sachet,Hydration,₹22.00,3,₹66.00,0.0,₹0.00,₹66.00,5.0,₹3.30,₹69.30,UPI,Regular,Thursday,July
2026-07-02,INV-10645,Cough Syrup 100ml,Syrup,Cough & Cold,₹85.00,4,₹340.00,0.0,₹0.00,₹340.00,5.0,₹17.00,₹357.00,UPI,Walk-in,Thursday,July
2026-07-02,INV-10646,Cetirizine 10mg,Tablet,Allergy,₹1.80,5,₹9.00,3.0,₹0.27,₹8.73,12.0,₹1.05,₹9.78,UPI,Regular,Thursday,July
2026-07-02,INV-10647,Digene Gel 200ml,Suspension,Gastro,₹125.00,2,₹250.00,3.0,₹7.50,₹242.50,18.0,₹43.65,₹286.15,UPI,New Customer,Thursday,July
2026-07-02,INV-10648,Calcium + D3,Tablet,Vitamins,₹6.00,3,₹18.00,0.0,₹0.00,₹18.00,5.0,₹0.90,₹18.90,Cash,Chronic,Thursday,July
2026-07-02,INV-10649,Electral ORS,Sachet,Hydration,₹20.00,4,₹80.00,0.0,₹0.00,₹80.00,12.0,₹9.60,₹89.60,UPI,New Customer,Thursday,July
2026-07-02,INV-10650,Electral ORS,Sachet,Hydration,₹20.00,2,₹40.00,0.0,₹0.00,₹40.00,5.0,₹2.00,₹42.00,UPI,Chronic,Thursday,July
2026-07-02,INV-10651,ORS Orange,Sachet,Hydration,₹20.00,5,₹100.00,3.0,₹3.00,₹97.00,12.0,₹11.64,₹108.64,UPI,Regular,Thursday,July
2026-07-02,INV-10652,Amlodipine 5mg,Tablet,Cardiac,₹1.80,2,₹3.60,5.0,₹0.18,₹3.42,5.0,₹0.17,₹3.59,Cash,Walk-in,Thursday,July
2026-07-02,INV-10653,Betadine 100ml,Solution,Antiseptic,₹85.00,2,₹170.00,0.0,₹0.00,₹170.00,12.0,₹20.40,₹190.40,UPI,Regular,Thursday,July
2026-07-02,INV-10654,Meftal Spas,Tablet,Pain Relief,₹3.80,1,₹3.80,0.0,₹0.00,₹3.80,12.0,₹0.46,₹4.26,Cash,Walk-in,Thursday,July
2026-07-02,INV-10655,Vicks Action 500,Tablet,Cough & Cold,₹5.00,1,₹5.00,0.0,₹0.00,₹5.00,18.0,₹0.90,₹5.90,Cash,New Customer,Thursday,July
2026-07-02,INV-10656,Amlodipine 5mg,Tablet,Cardiac,₹1.80,3,₹5.40,3.0,₹0.16,₹5.24,5.0,₹0.26,₹5.50,UPI,Regular,Thursday,July
2026-07-03,INV-10657,Meftal Spas,Tablet,Pain Relief,₹3.80,2,₹7.60,0.0,₹0.00,₹7.60,5.0,₹0.38,₹7.98,Cash,Regular,Friday,July
2026-07-03,INV-10658,Dolo 650,Tablet,Pain Relief,₹3.20,3,₹9.60,0.0,₹0.00,₹9.60,12.0,₹1.15,₹10.75,Cash,Walk-in,Friday,July
2026-07-03,INV-10659,Vicks Action 500,Tablet,Cough & Cold,₹5.00,2,₹10.00,2.0,₹0.20,₹9.80,5.0,₹0.49,₹10.29,Cash,Chronic,Friday,July
2026-07-03,INV-10660,Amlodipine 5mg,Tablet,Cardiac,₹1.80,3,₹5.40,0.0,₹0.00,₹5.40,5.0,₹0.27,₹5.67,Card,Walk-in,Friday,July
2026-07-03,INV-10661,Atorvastatin 10mg,Tablet,Cardiac,₹3.20,1,₹3.20,2.0,₹0.06,₹3.14,5.0,₹0.16,₹3.30,UPI,Chronic,Friday,July
2026-07-03,INV-10662,Multivitamin Syrup 200ml,Syrup,Vitamins,₹145.00,2,₹290.00,0.0,₹0.00,₹290.00,18.0,₹52.20,₹342.20,Card,Regular,Friday,July
2026-07-03,INV-10663,Levocetirizine 5mg,Tablet,Allergy,₹2.20,1,₹2.20,0.0,₹0.00,₹2.20,12.0,₹0.26,₹2.46,UPI,Walk-in,Friday,July
2026-07-03,INV-10664,B-Complex,Tablet,Vitamins,₹3.50,6,₹21.00,3.0,₹0.63,₹20.37,5.0,₹1.02,₹21.39,UPI,Walk-in,Friday,July
2026-07-03,INV-10665,Amlodipine 5mg,Tablet,Cardiac,₹1.80,6,₹10.80,0.0,₹0.00,₹10.80,12.0,₹1.30,₹12.10,UPI,Regular,Friday,July
2026-07-03,INV-10666,ORS Orange,Sachet,Hydration,₹20.00,8,₹160.00,0.0,₹0.00,₹160.00,5.0,₹8.00,₹168.00,UPI,Walk-in,Friday,July
2026-07-03,INV-10667,Calcium + D3,Tablet,Vitamins,₹6.00,1,₹6.00,0.0,₹0.00,₹6.00,5.0,₹0.30,₹6.30,UPI,New Customer,Friday,July
2026-07-03,INV-10668,Multivitamin Syrup 200ml,Syrup,Vitamins,₹145.00,2,₹290.00,3.0,₹8.70,₹281.30,5.0,₹14.06,₹295.36,Cash,Walk-in,Friday,July
2026-07-03,INV-10669,Amlodipine 5mg,Tablet,Cardiac,₹1.80,2,₹3.60,0.0,₹0.00,₹3.60,5.0,₹0.18,₹3.78,Card,Walk-in,Friday,July
2026-07-03,INV-10670,B-Complex,Tablet,Vitamins,₹3.50,1,₹3.50,0.0,₹0.00,₹3.50,12.0,₹0.42,₹3.92,UPI,Chronic,Friday,July
2026-07-03,INV-10671,Electral ORS,Sachet,Hydration,₹20.00,2,₹40.00,3.0,₹1.20,₹38.80,5.0,₹1.94,₹40.74,UPI,Chronic,Friday,July
2026-07-03,INV-10672,Cheston Cold,Tablet,Cough & Cold,₹4.00,1,₹4.00,0.0,₹0.00,₹4.00,5.0,₹0.20,₹4.20,UPI,Walk-in,Friday,July
2026-07-03,INV-10673,Multivitamin Syrup 200ml,Syrup,Vitamins,₹145.00,5,₹725.00,3.0,₹21.75,₹703.25,12.0,₹84.39,₹787.64,Card,Walk-in,Friday,July
2026-07-03,INV-10674,Cheston Cold,Tablet,Cough & Cold,₹4.00,1,₹4.00,0.0,₹0.00,₹4.00,5.0,₹0.20,₹4.20,Cash,Walk-in,Friday,July
2026-07-03,INV-10675,Glimepiride 1mg,Tablet,Diabetes,₹2.00,4,₹8.00,0.0,₹0.00,₹8.00,5.0,₹0.40,₹8.40,UPI,Regular,Friday,July
2026-07-03,INV-10676,Meftal Spas,Tablet,Pain Relief,₹3.80,2,₹7.60,0.0,₹0.00,₹7.60,5.0,₹0.38,₹7.98,UPI,Walk-in,Friday,July
2026-07-03,INV-10677,Atorvastatin 10mg,Tablet,Cardiac,₹3.20,1,₹3.20,0.0,₹0.00,₹3.20,12.0,₹0.38,₹3.58,Card,Walk-in,Friday,July
2026-07-03,INV-10678,Pantoprazole 40mg,Tablet,Gastro,₹4.50,3,₹13.50,3.0,₹0.41,₹13.09,12.0,₹1.57,₹14.66,UPI,Regular,Friday,July
2026-07-03,INV-10679,Telmisartan 40mg,Tablet,Cardiac,₹4.20,5,₹21.00,0.0,₹0.00,₹21.00,12.0,₹2.52,₹23.52,UPI,Walk-in,Friday,July
2026-07-03,INV-10680,Cough Syrup 100ml,Syrup,Cough & Cold,₹85.00,4,₹340.00,0.0,₹0.00,₹340.00,5.0,₹17.00,₹357.00,UPI,Walk-in,Friday,July
2026-07-03,INV-10681,Metformin 500mg,Tablet,Diabetes,₹1.50,8,₹12.00,0.0,₹0.00,₹12.00,12.0,₹1.44,₹13.44,Cash,Regular,Friday,July
2026-07-03,INV-10682,Omeprazole 20mg,Capsule,Gastro,₹3.80,1,₹3.80,0.0,₹0.00,₹3.80,5.0,₹0.19,₹3.99,UPI,Walk-in,Friday,July
2026-07-03,INV-10683,Cough Syrup 100ml,Syrup,Cough & Cold,₹85.00,2,₹170.00,0.0,₹0.00,₹170.00,18.0,₹30.60,₹200.60,Card,Chronic,Friday,July
2026-07-03,INV-10684,ORS Lemon,Sachet,Hydration,₹22.00,1,₹22.00,5.0,₹1.10,₹20.90,5.0,₹1.04,₹21.94,UPI,Walk-in,Friday,July
2026-07-03,INV-10685,Vitamin C 500mg,Tablet,Vitamins,₹2.80,1,₹2.80,0.0,₹0.00,₹2.80,12.0,₹0.34,₹3.14,UPI,Walk-in,Friday,July
2026-07-03,INV-10686,Cheston Cold,Tablet,Cough & Cold,₹4.00,1,₹4.00,0.0,₹0.00,₹4.00,12.0,₹0.48,₹4.48,UPI,Chronic,Friday,July
2026-07-03,INV-10687,Meftal Spas,Tablet,Pain Relief,₹3.80,2,₹7.60,0.0,₹0.00,₹7.60,5.0,₹0.38,₹7.98,UPI,Chronic,Friday,July
2026-07-03,INV-10688,Cough Syrup 100ml,Syrup,Cough & Cold,₹85.00,1,₹85.00,0.0,₹0.00,₹85.00,12.0,₹10.20,₹95.20,UPI,Walk-in,Friday,July
2026-07-03,INV-10689,Multivitamin Syrup 200ml,Syrup,Vitamins,₹145.00,1,₹145.00,0.0,₹0.00,₹145.00,5.0,₹7.25,₹152.25,UPI,Chronic,Friday,July
2026-07-03,INV-10690,Paracetamol 500mg,Tablet,Pain Relief,₹2.50,2,₹5.00,0.0,₹0.00,₹5.00,18.0,₹0.90,₹5.90,Card,Walk-in,Friday,July
2026-07-03,INV-10691,Digene Gel 200ml,Suspension,Gastro,₹125.00,3,₹375.00,0.0,₹0.00,₹375.00,5.0,₹18.75,₹393.75,Cash,Walk-in,Friday,July
2026-07-03,INV-10692,Cough Syrup 100ml,Syrup,Cough & Cold,₹85.00,1,₹85.00,0.0,₹0.00,₹85.00,12.0,₹10.20,₹95.20,Card,Regular,Friday,July
2026-07-03,INV-10693,Omeprazole 20mg,Capsule,Gastro,₹3.80,1,₹3.80,0.0,₹0.00,₹3.80,18.0,₹0.68,₹4.48,Cash,Regular,Friday,July
2026-07-03,INV-10694,Vicks Action 500,Tablet,Cough & Cold,₹5.00,3,₹15.00,0.0,₹0.00,₹15.00,5.0,₹0.75,₹15.75,UPI,Regular,Friday,July
2026-07-03,INV-10695,Metformin 500mg,Tablet,Diabetes,₹1.50,4,₹6.00,2.0,₹0.12,₹5.88,5.0,₹0.29,₹6.17,UPI,Walk-in,Friday,July
2026-07-03,INV-10696,Paracetamol 500mg,Tablet,Pain Relief,₹2.50,1,₹2.50,0.0,₹0.00,₹2.50,12.0,₹0.30,₹2.80,UPI,Regular,Friday,July
2026-07-03,INV-10697,Vitamin C 500mg,Tablet,Vitamins,₹2.80,1,₹2.80,0.0,₹0.00,₹2.80,12.0,₹0.34,₹3.14,Cash,Walk-in,Friday,July
2026-07-03,INV-10698,Crocin Advance,Tablet,Pain Relief,₹3.00,1,₹3.00,0.0,₹0.00,₹3.00,12.0,₹0.36,₹3.36,Cash,Chronic,Friday,July
2026-07-03,INV-10699,Electral ORS,Sachet,Hydration,₹20.00,1,₹20.00,0.0,₹0.00,₹20.00,5.0,₹1.00,₹21.00,UPI,New Customer,Friday,July
2026-07-04,INV-10700,Levocetirizine 5mg,Tablet,Allergy,₹2.20,2,₹4.40,0.0,₹0.00,₹4.40,5.0,₹0.22,₹4.62,Cash,Regular,Saturday,July
2026-07-04,INV-10701,Ondansetron 4mg,Tablet,Gastro,₹2.50,1,₹2.50,0.0,₹0.00,₹2.50,18.0,₹0.45,₹2.95,Cash,New Customer,Saturday,July
2026-07-04,INV-10702,Vitamin C 500mg,Tablet,Vitamins,₹2.80,2,₹5.60,0.0,₹0.00,₹5.60,12.0,₹0.67,₹6.27,UPI,Regular,Saturday,July
2026-07-04,INV-10703,Telmisartan 40mg,Tablet,Cardiac,₹4.20,6,₹25.20,0.0,₹0.00,₹25.20,18.0,₹4.54,₹29.74,UPI,Walk-in,Saturday,July
2026-07-04,INV-10704,Levocetirizine 5mg,Tablet,Allergy,₹2.20,1,₹2.20,0.0,₹0.00,₹2.20,5.0,₹0.11,₹2.31,UPI,Regular,Saturday,July
2026-07-04,INV-10705,ORS Lemon,Sachet,Hydration,₹22.00,5,₹110.00,0.0,₹0.00,₹110.00,5.0,₹5.50,₹115.50,UPI,Walk-in,Saturday,July
2026-07-04,INV-10706,ORS Orange,Sachet,Hydration,₹20.00,2,₹40.00,0.0,₹0.00,₹40.00,5.0,₹2.00,₹42.00,Cash,Walk-in,Saturday,July
2026-07-04,INV-10707,Digene Gel 200ml,Suspension,Gastro,₹125.00,3,₹375.00,3.0,₹11.25,₹363.75,5.0,₹18.19,₹381.94,Cash,Walk-in,Saturday,July
2026-07-04,INV-10708,Glimepiride 1mg,Tablet,Diabetes,₹2.00,1,₹2.00,0.0,₹0.00,₹2.00,5.0,₹0.10,₹2.10,UPI,Walk-in,Saturday,July
2026-07-04,INV-10709,Crocin Advance,Tablet,Pain Relief,₹3.00,1,₹3.00,2.0,₹0.06,₹2.94,5.0,₹0.15,₹3.09,Card,Walk-in,Saturday,July
2026-07-04,INV-10710,Multivitamin Syrup 200ml,Syrup,Vitamins,₹145.00,4,₹580.00,3.0,₹17.40,₹562.60,5.0,₹28.13,₹590.73,UPI,Walk-in,Saturday,July
2026-07-04,INV-10711,ORS Lemon,Sachet,Hydration,₹22.00,2,₹44.00,0.0,₹0.00,₹44.00,5.0,₹2.20,₹46.20,Cash,Regular,Saturday,July
2026-07-04,INV-10712,Cetirizine 10mg,Tablet,Allergy,₹1.80,4,₹7.20,0.0,₹0.00,₹7.20,5.0,₹0.36,₹7.56,Cash,Regular,Saturday,July
2026-07-04,INV-10713,Amlodipine 5mg,Tablet,Cardiac,₹1.80,6,₹10.80,0.0,₹0.00,₹10.80,5.0,₹0.54,₹11.34,Cash,Regular,Saturday,July
2026-07-04,INV-10714,Amlodipine 5mg,Tablet,Cardiac,₹1.80,5,₹9.00,0.0,₹0.00,₹9.00,5.0,₹0.45,₹9.45,UPI,Walk-in,Saturday,July
2026-07-04,INV-10715,Amoxicillin 500mg,Capsule,Antibiotic,₹8.50,4,₹34.00,2.0,₹0.68,₹33.32,12.0,₹4.00,₹37.32,Cash,Walk-in,Saturday,July
2026-07-04,INV-10716,Cheston Cold,Tablet,Cough & Cold,₹4.00,5,₹20.00,0.0,₹0.00,₹20.00,18.0,₹3.60,₹23.60,UPI,Walk-in,Saturday,July
2026-07-04,INV-10717,ORS Orange,Sachet,Hydration,₹20.00,1,₹20.00,0.0,₹0.00,₹20.00,5.0,₹1.00,₹21.00,UPI,Walk-in,Saturday,July
2026-07-04,INV-10718,Levocetirizine 5mg,Tablet,Allergy,₹2.20,2,₹4.40,0.0,₹0.00,₹4.40,5.0,₹0.22,₹4.62,UPI,Regular,Saturday,July
2026-07-04,INV-10719,Dettol Antiseptic 100ml,Liquid,Antiseptic,₹75.00,2,₹150.00,2.0,₹3.00,₹147.00,5.0,₹7.35,₹154.35,UPI,Walk-in,Saturday,July
2026-07-04,INV-10720,Dolo 650,Tablet,Pain Relief,₹3.20,1,₹3.20,0.0,₹0.00,₹3.20,5.0,₹0.16,₹3.36,UPI,Regular,Saturday,July
2026-07-04,INV-10721,Electral ORS,Sachet,Hydration,₹20.00,1,₹20.00,0.0,₹0.00,₹20.00,12.0,₹2.40,₹22.40,UPI,Walk-in,Saturday,July
2026-07-04,INV-10722,Multivitamin Syrup 200ml,Syrup,Vitamins,₹145.00,1,₹145.00,3.0,₹4.35,₹140.65,5.0,₹7.03,₹147.68,Card,Walk-in,Saturday,July
2026-07-04,INV-10723,B-Complex,Tablet,Vitamins,₹3.50,2,₹7.00,0.0,₹0.00,₹7.00,12.0,₹0.84,₹7.84,UPI,Chronic,Saturday,July
2026-07-04,INV-10724,Meftal Spas,Tablet,Pain Relief,₹3.80,4,₹15.20,0.0,₹0.00,₹15.20,5.0,₹0.76,₹15.96,Cash,Regular,Saturday,July
2026-07-04,INV-10725,Amoxicillin 500mg,Capsule,Antibiotic,₹8.50,3,₹25.50,0.0,₹0.00,₹25.50,5.0,₹1.27,₹26.77,Cash,New Customer,Saturday,July
2026-07-04,INV-10726,Multivitamin Syrup 200ml,Syrup,Vitamins,₹145.00,8,"₹1,160.00",5.0,₹58.00,"₹1,102.00",12.0,₹132.24,"₹1,234.24",UPI,Regular,Saturday,July
2026-07-04,INV-10727,Cetirizine 10mg,Tablet,Allergy,₹1.80,4,₹7.20,0.0,₹0.00,₹7.20,5.0,₹0.36,₹7.56,UPI,Regular,Saturday,July
2026-07-04,INV-10728,Ondansetron 4mg,Tablet,Gastro,₹2.50,2,₹5.00,0.0,₹0.00,₹5.00,5.0,₹0.25,₹5.25,UPI,Chronic,Saturday,July
2026-07-04,INV-10729,Volini Gel 30g,Gel,Pain Relief,₹110.00,5,₹550.00,0.0,₹0.00,₹550.00,12.0,₹66.00,₹616.00,UPI,Regular,Saturday,July
2026-07-04,INV-10730,ORS Orange,Sachet,Hydration,₹20.00,1,₹20.00,2.0,₹0.40,₹19.60,18.0,₹3.53,₹23.13,Cash,Chronic,Saturday,July
2026-07-04,INV-10731,Calcium + D3,Tablet,Vitamins,₹6.00,1,₹6.00,0.0,₹0.00,₹6.00,18.0,₹1.08,₹7.08,UPI,Walk-in,Saturday,July
2026-07-04,INV-10732,Vitamin C 500mg,Tablet,Vitamins,₹2.80,1,₹2.80,0.0,₹0.00,₹2.80,12.0,₹0.34,₹3.14,Card,Regular,Saturday,July
2026-07-04,INV-10733,Azithromycin 500mg,Tablet,Antibiotic,₹12.50,2,₹25.00,0.0,₹0.00,₹25.00,12.0,₹3.00,₹28.00,UPI,Regular,Saturday,July
2026-07-04,INV-10734,ORS Orange,Sachet,Hydration,₹20.00,2,₹40.00,0.0,₹0.00,₹40.00,5.0,₹2.00,₹42.00,Cash,Chronic,Saturday,July
2026-07-04,INV-10735,Meftal Spas,Tablet,Pain Relief,₹3.80,3,₹11.40,0.0,₹0.00,₹11.40,5.0,₹0.57,₹11.97,UPI,Regular,Saturday,July
2026-07-04,INV-10736,Cetirizine 10mg,Tablet,Allergy,₹1.80,1,₹1.80,0.0,₹0.00,₹1.80,5.0,₹0.09,₹1.89,UPI,Chronic,Saturday,July
2026-07-04,INV-10737,ORS Lemon,Sachet,Hydration,₹22.00,3,₹66.00,0.0,₹0.00,₹66.00,5.0,₹3.30,₹69.30,UPI,New Customer,Saturday,July
2026-07-04,INV-10738,Amlodipine 5mg,Tablet,Cardiac,₹1.80,2,₹3.60,0.0,₹0.00,₹3.60,5.0,₹0.18,₹3.78,Cash,Walk-in,Saturday,July
2026-07-04,INV-10739,Metformin 500mg,Tablet,Diabetes,₹1.50,3,₹4.50,0.0,₹0.00,₹4.50,5.0,₹0.23,₹4.73,UPI,Walk-in,Saturday,July
2026-07-05,INV-10740,Dolo 650,Tablet,Pain Relief,₹3.20,5,₹16.00,0.0,₹0.00,₹16.00,5.0,₹0.80,₹16.80,Cash,Walk-in,Sunday,July
2026-07-05,INV-10741,ORS Orange,Sachet,Hydration,₹20.00,3,₹60.00,3.0,₹1.80,₹58.20,5.0,₹2.91,₹61.11,UPI,Walk-in,Sunday,July
2026-07-05,INV-10742,Metformin 500mg,Tablet,Diabetes,₹1.50,4,₹6.00,3.0,₹0.18,₹5.82,5.0,₹0.29,₹6.11,UPI,Walk-in,Sunday,July
2026-07-05,INV-10743,Vitamin C 500mg,Tablet,Vitamins,₹2.80,5,₹14.00,0.0,₹0.00,₹14.00,18.0,₹2.52,₹16.52,Cash,Walk-in,Sunday,July
2026-07-05,INV-10744,Amoxicillin 500mg,Capsule,Antibiotic,₹8.50,1,₹8.50,0.0,₹0.00,₹8.50,5.0,₹0.42,₹8.92,UPI,Walk-in,Sunday,July
2026-07-05,INV-10745,Dettol Antiseptic 100ml,Liquid,Antiseptic,₹75.00,4,₹300.00,3.0,₹9.00,₹291.00,12.0,₹34.92,₹325.92,UPI,Chronic,Sunday,July
2026-07-05,INV-10746,Cough Syrup 100ml,Syrup,Cough & Cold,₹85.00,4,₹340.00,0.0,₹0.00,₹340.00,5.0,₹17.00,₹357.00,UPI,New Customer,Sunday,July
2026-07-05,INV-10747,ORS Orange,Sachet,Hydration,₹20.00,2,₹40.00,0.0,₹0.00,₹40.00,12.0,₹4.80,₹44.80,Cash,Walk-in,Sunday,July
2026-07-05,INV-10748,Levocetirizine 5mg,Tablet,Allergy,₹2.20,6,₹13.20,0.0,₹0.00,₹13.20,18.0,₹2.38,₹15.58,Cash,Walk-in,Sunday,July
2026-07-05,INV-10749,Ondansetron 4mg,Tablet,Gastro,₹2.50,2,₹5.00,0.0,₹0.00,₹5.00,5.0,₹0.25,₹5.25,UPI,Walk-in,Sunday,July
2026-07-05,INV-10750,Cheston Cold,Tablet,Cough & Cold,₹4.00,4,₹16.00,0.0,₹0.00,₹16.00,12.0,₹1.92,₹17.92,UPI,Walk-in,Sunday,July
2026-07-05,INV-10751,ORS Lemon,Sachet,Hydration,₹22.00,3,₹66.00,0.0,₹0.00,₹66.00,12.0,₹7.92,₹73.92,UPI,Walk-in,Sunday,July
2026-07-05,INV-10752,Calcium + D3,Tablet,Vitamins,₹6.00,2,₹12.00,5.0,₹0.60,₹11.40,12.0,₹1.37,₹12.77,Cash,Chronic,Sunday,July
2026-07-05,INV-10753,Calcium + D3,Tablet,Vitamins,₹6.00,3,₹18.00,0.0,₹0.00,₹18.00,5.0,₹0.90,₹18.90,UPI,Chronic,Sunday,July
2026-07-05,INV-10754,Amoxicillin 500mg,Capsule,Antibiotic,₹8.50,1,₹8.50,0.0,₹0.00,₹8.50,5.0,₹0.42,₹8.92,UPI,Walk-in,Sunday,July
2026-07-05,INV-10755,Amlodipine 5mg,Tablet,Cardiac,₹1.80,1,₹1.80,2.0,₹0.04,₹1.76,18.0,₹0.32,₹2.08,UPI,Chronic,Sunday,July
2026-07-05,INV-10756,Ondansetron 4mg,Tablet,Gastro,₹2.50,2,₹5.00,0.0,₹0.00,₹5.00,18.0,₹0.90,₹5.90,Cash,Walk-in,Sunday,July
2026-07-05,INV-10757,Calcium + D3,Tablet,Vitamins,₹6.00,2,₹12.00,0.0,₹0.00,₹12.00,12.0,₹1.44,₹13.44,UPI,Regular,Sunday,July
2026-07-05,INV-10758,Dolo 650,Tablet,Pain Relief,₹3.20,1,₹3.20,5.0,₹0.16,₹3.04,18.0,₹0.55,₹3.59,UPI,Walk-in,Sunday,July
2026-07-05,INV-10759,Volini Gel 30g,Gel,Pain Relief,₹110.00,1,₹110.00,3.0,₹3.30,₹106.70,12.0,₹12.80,₹119.50,Card,Regular,Sunday,July
2026-07-05,INV-10760,Vitamin C 500mg,Tablet,Vitamins,₹2.80,2,₹5.60,3.0,₹0.17,₹5.43,18.0,₹0.98,₹6.41,UPI,Regular,Sunday,July
2026-07-05,INV-10761,Vicks Action 500,Tablet,Cough & Cold,₹5.00,6,₹30.00,2.0,₹0.60,₹29.40,12.0,₹3.53,₹32.93,Cash,New Customer,Sunday,July
2026-07-05,INV-10762,Ondansetron 4mg,Tablet,Gastro,₹2.50,5,₹12.50,0.0,₹0.00,₹12.50,12.0,₹1.50,₹14.00,Cash,Walk-in,Sunday,July
2026-07-05,INV-10763,Cetirizine 10mg,Tablet,Allergy,₹1.80,4,₹7.20,0.0,₹0.00,₹7.20,12.0,₹0.86,₹8.06,UPI,Walk-in,Sunday,July
2026-07-05,INV-10764,Azithromycin 500mg,Tablet,Antibiotic,₹12.50,2,₹25.00,0.0,₹0.00,₹25.00,5.0,₹1.25,₹26.25,Cash,Walk-in,Sunday,July
2026-07-05,INV-10765,B-Complex,Tablet,Vitamins,₹3.50,1,₹3.50,0.0,₹0.00,₹3.50,5.0,₹0.17,₹3.67,Card,Chronic,Sunday,July
2026-07-05,INV-10766,Azithromycin 500mg,Tablet,Antibiotic,₹12.50,8,₹100.00,0.0,₹0.00,₹100.00,5.0,₹5.00,₹105.00,UPI,Regular,Sunday,July
2026-07-05,INV-10767,Vicks Action 500,Tablet,Cough & Cold,₹5.00,2,₹10.00,0.0,₹0.00,₹10.00,5.0,₹0.50,₹10.50,UPI,Regular,Sunday,July
2026-07-05,INV-10768,Calcium + D3,Tablet,Vitamins,₹6.00,1,₹6.00,0.0,₹0.00,₹6.00,5.0,₹0.30,₹6.30,Cash,Regular,Sunday,July
2026-07-05,INV-10769,Glimepiride 1mg,Tablet,Diabetes,₹2.00,4,₹8.00,0.0,₹0.00,₹8.00,5.0,₹0.40,₹8.40,Cash,Regular,Sunday,July
2026-07-05,INV-10770,ORS Orange,Sachet,Hydration,₹20.00,3,₹60.00,0.0,₹0.00,₹60.00,5.0,₹3.00,₹63.00,Cash,Walk-in,Sunday,July
2026-07-05,INV-10771,Azithromycin 500mg,Tablet,Antibiotic,₹12.50,1,₹12.50,0.0,₹0.00,₹12.50,5.0,₹0.62,₹13.12,Cash,Walk-in,Sunday,July
2026-07-05,INV-10772,Ondansetron 4mg,Tablet,Gastro,₹2.50,3,₹7.50,0.0,₹0.00,₹7.50,18.0,₹1.35,₹8.85,Cash,Walk-in,Sunday,July
2026-07-05,INV-10773,Digene Gel 200ml,Suspension,Gastro,₹125.00,2,₹250.00,3.0,₹7.50,₹242.50,5.0,₹12.12,₹254.62,UPI,Regular,Sunday,July
2026-07-05,INV-10774,Paracetamol 500mg,Tablet,Pain Relief,₹2.50,2,₹5.00,0.0,₹0.00,₹5.00,5.0,₹0.25,₹5.25,UPI,Walk-in,Sunday,July
2026-07-05,INV-10775,B-Complex,Tablet,Vitamins,₹3.50,4,₹14.00,3.0,₹0.42,₹13.58,5.0,₹0.68,₹14.26,UPI,Walk-in,Sunday,July
2026-07-05,INV-10776,Azithromycin 500mg,Tablet,Antibiotic,₹12.50,3,₹37.50,0.0,₹0.00,₹37.50,5.0,₹1.88,₹39.38,Card,Walk-in,Sunday,July
2026-07-05,INV-10777,Cough Syrup 100ml,Syrup,Cough & Cold,₹85.00,3,₹255.00,2.0,₹5.10,₹249.90,18.0,₹44.98,₹294.88,UPI,Walk-in,Sunday,July
2026-07-05,INV-10778,Amlodipine 5mg,Tablet,Cardiac,₹1.80,1,₹1.80,3.0,₹0.05,₹1.75,12.0,₹0.21,₹1.96,Cash,Chronic,Sunday,July
2026-07-05,INV-10779,Cetirizine 10mg,Tablet,Allergy,₹1.80,2,₹3.60,3.0,₹0.11,₹3.49,12.0,₹0.42,₹3.91,Cash,Walk-in,Sunday,July
2026-07-05,INV-10780,Crocin Advance,Tablet,Pain Relief,₹3.00,2,₹6.00,0.0,₹0.00,₹6.00,5.0,₹0.30,₹6.30,Cash,Walk-in,Sunday,July
2026-07-05,INV-10781,Meftal Spas,Tablet,Pain Relief,₹3.80,1,₹3.80,0.0,₹0.00,₹3.80,12.0,₹0.46,₹4.26,UPI,New Customer,Sunday,July
2026-07-05,INV-10782,B-Complex,Tablet,Vitamins,₹3.50,1,₹3.50,0.0,₹0.00,₹3.50,5.0,₹0.17,₹3.67,Cash,Walk-in,Sunday,July
2026-07-05,INV-10783,Betadine 100ml,Solution,Antiseptic,₹85.00,1,₹85.00,0.0,₹0.00,₹85.00,5.0,₹4.25,₹89.25,Card,Walk-in,Sunday,July
2026-07-05,INV-10784,Glimepiride 1mg,Tablet,Diabetes,₹2.00,1,₹2.00,0.0,₹0.00,₹2.00,5.0,₹0.10,₹2.10,UPI,Walk-in,Sunday,July
2026-07-05,INV-10785,Betadine 100ml,Solution,Antiseptic,₹85.00,1,₹85.00,0.0,₹0.00,₹85.00,12.0,₹10.20,₹95.20,Cash,Chronic,Sunday,July
2026-07-06,INV-10786,ORS Lemon,Sachet,Hydration,₹22.00,2,₹44.00,0.0,₹0.00,₹44.00,5.0,₹2.20,₹46.20,Cash,Regular,Monday,July
2026-07-06,INV-10787,Cheston Cold,Tablet,Cough & Cold,₹4.00,8,₹32.00,0.0,₹0.00,₹32.00,18.0,₹5.76,₹37.76,Cash,Walk-in,Monday,July
2026-07-06,INV-10788,Betadine 100ml,Solution,Antiseptic,₹85.00,3,₹255.00,2.0,₹5.10,₹249.90,5.0,₹12.49,₹262.39,Card,Regular,Monday,July
2026-07-06,INV-10789,ORS Lemon,Sachet,Hydration,₹22.00,2,₹44.00,0.0,₹0.00,₹44.00,18.0,₹7.92,₹51.92,UPI,Walk-in,Monday,July
2026-07-06,INV-10790,Betadine 100ml,Solution,Antiseptic,₹85.00,8,₹680.00,2.0,₹13.60,₹666.40,5.0,₹33.32,₹699.72,UPI,Regular,Monday,July
2026-07-06,INV-10791,Levocetirizine 5mg,Tablet,Allergy,₹2.20,1,₹2.20,0.0,₹0.00,₹2.20,18.0,₹0.40,₹2.60,UPI,Walk-in,Monday,July
2026-07-06,INV-10792,Volini Gel 30g,Gel,Pain Relief,₹110.00,1,₹110.00,0.0,₹0.00,₹110.00,5.0,₹5.50,₹115.50,UPI,Walk-in,Monday,July
2026-07-06,INV-10793,Metformin 500mg,Tablet,Diabetes,₹1.50,2,₹3.00,2.0,₹0.06,₹2.94,12.0,₹0.35,₹3.29,UPI,Regular,Monday,July
2026-07-06,INV-10794,Levocetirizine 5mg,Tablet,Allergy,₹2.20,1,₹2.20,5.0,₹0.11,₹2.09,5.0,₹0.10,₹2.19,Cash,New Customer,Monday,July
2026-07-06,INV-10795,ORS Orange,Sachet,Hydration,₹20.00,6,₹120.00,0.0,₹0.00,₹120.00,5.0,₹6.00,₹126.00,UPI,Walk-in,Monday,July
2026-07-06,INV-10796,Betadine 100ml,Solution,Antiseptic,₹85.00,3,₹255.00,0.0,₹0.00,₹255.00,5.0,₹12.75,₹267.75,UPI,Walk-in,Monday,July
2026-07-06,INV-10797,Metformin 500mg,Tablet,Diabetes,₹1.50,4,₹6.00,0.0,₹0.00,₹6.00,12.0,₹0.72,₹6.72,UPI,Regular,Monday,July
2026-07-06,INV-10798,Crocin Advance,Tablet,Pain Relief,₹3.00,2,₹6.00,0.0,₹0.00,₹6.00,5.0,₹0.30,₹6.30,Card,Regular,Monday,July
2026-07-06,INV-10799,Telmisartan 40mg,Tablet,Cardiac,₹4.20,3,₹12.60,0.0,₹0.00,₹12.60,5.0,₹0.63,₹13.23,UPI,Walk-in,Monday,July
2026-07-06,INV-10800,ORS Lemon,Sachet,Hydration,₹22.00,4,₹88.00,0.0,₹0.00,₹88.00,5.0,₹4.40,₹92.40,UPI,Walk-in,Monday,July
2026-07-06,INV-10801,Dettol Antiseptic 100ml,Liquid,Antiseptic,₹75.00,1,₹75.00,0.0,₹0.00,₹75.00,12.0,₹9.00,₹84.00,Card,Chronic,Monday,July
2026-07-06,INV-10802,ORS Orange,Sachet,Hydration,₹20.00,2,₹40.00,0.0,₹0.00,₹40.00,5.0,₹2.00,₹42.00,UPI,Regular,Monday,July
2026-07-06,INV-10803,Metformin 500mg,Tablet,Diabetes,₹1.50,3,₹4.50,2.0,₹0.09,₹4.41,12.0,₹0.53,₹4.94,Card,Walk-in,Monday,July
2026-07-06,INV-10804,Crocin Advance,Tablet,Pain Relief,₹3.00,2,₹6.00,0.0,₹0.00,₹6.00,5.0,₹0.30,₹6.30,Cash,Walk-in,Monday,July
2026-07-06,INV-10805,Cetirizine 10mg,Tablet,Allergy,₹1.80,2,₹3.60,0.0,₹0.00,₹3.60,18.0,₹0.65,₹4.25,UPI,Regular,Monday,July
2026-07-06,INV-10806,Vitamin C 500mg,Tablet,Vitamins,₹2.80,2,₹5.60,0.0,₹0.00,₹5.60,5.0,₹0.28,₹5.88,UPI,Walk-in,Monday,July
2026-07-06,INV-10807,Metformin 500mg,Tablet,Diabetes,₹1.50,1,₹1.50,0.0,₹0.00,₹1.50,5.0,₹0.07,₹1.57,UPI,Walk-in,Monday,July
2026-07-06,INV-10808,Cetirizine 10mg,Tablet,Allergy,₹1.80,1,₹1.80,0.0,₹0.00,₹1.80,5.0,₹0.09,₹1.89,UPI,Regular,Monday,July
2026-07-06,INV-10809,B-Complex,Tablet,Vitamins,₹3.50,1,₹3.50,0.0,₹0.00,₹3.50,5.0,₹0.17,₹3.67,Cash,Walk-in,Monday,July
2026-07-06,INV-10810,ORS Orange,Sachet,Hydration,₹20.00,5,₹100.00,0.0,₹0.00,₹100.00,5.0,₹5.00,₹105.00,UPI,Walk-in,Monday,July
2026-07-06,INV-10811,Telmisartan 40mg,Tablet,Cardiac,₹4.20,2,₹8.40,3.0,₹0.25,₹8.15,5.0,₹0.41,₹8.56,Cash,Walk-in,Monday,July
2026-07-06,INV-10812,Crocin Advance,Tablet,Pain Relief,₹3.00,1,₹3.00,0.0,₹0.00,₹3.00,5.0,₹0.15,₹3.15,UPI,Walk-in,Monday,July
2026-07-06,INV-10813,Pantoprazole 40mg,Tablet,Gastro,₹4.50,3,₹13.50,0.0,₹0.00,₹13.50,12.0,₹1.62,₹15.12,Cash,Walk-in,Monday,July
2026-07-06,INV-10814,Pantoprazole 40mg,Tablet,Gastro,₹4.50,1,₹4.50,0.0,₹0.00,₹4.50,5.0,₹0.23,₹4.73,Cash,Regular,Monday,July
2026-07-06,INV-10815,Meftal Spas,Tablet,Pain Relief,₹3.80,3,₹11.40,2.0,₹0.23,₹11.17,5.0,₹0.56,₹11.73,UPI,Walk-in,Monday,July
2026-07-06,INV-10816,Volini Gel 30g,Gel,Pain Relief,₹110.00,2,₹220.00,0.0,₹0.00,₹220.00,5.0,₹11.00,₹231.00,Cash,Chronic,Monday,July
2026-07-06,INV-10817,Cough Syrup 100ml,Syrup,Cough & Cold,₹85.00,2,₹170.00,0.0,₹0.00,₹170.00,12.0,₹20.40,₹190.40,UPI,Walk-in,Monday,July
2026-07-07,INV-10818,Levocetirizine 5mg,Tablet,Allergy,₹2.20,3,₹6.60,0.0,₹0.00,₹6.60,5.0,₹0.33,₹6.93,Cash,Regular,Tuesday,July
2026-07-07,INV-10819,ORS Lemon,Sachet,Hydration,₹22.00,1,₹22.00,0.0,₹0.00,₹22.00,5.0,₹1.10,₹23.10,Cash,New Customer,Tuesday,July
2026-07-07,INV-10820,ORS Lemon,Sachet,Hydration,₹22.00,1,₹22.00,0.0,₹0.00,₹22.00,5.0,₹1.10,₹23.10,UPI,New Customer,Tuesday,July
2026-07-07,INV-10821,Multivitamin Syrup 200ml,Syrup,Vitamins,₹145.00,2,₹290.00,0.0,₹0.00,₹290.00,12.0,₹34.80,₹324.80,Card,Regular,Tuesday,July
2026-07-07,INV-10822,Digene Gel 200ml,Suspension,Gastro,₹125.00,1,₹125.00,0.0,₹0.00,₹125.00,5.0,₹6.25,₹131.25,UPI,Chronic,Tuesday,July
2026-07-07,INV-10823,Cough Syrup 100ml,Syrup,Cough & Cold,₹85.00,1,₹85.00,0.0,₹0.00,₹85.00,18.0,₹15.30,₹100.30,Cash,Walk-in,Tuesday,July
2026-07-07,INV-10824,Amlodipine 5mg,Tablet,Cardiac,₹1.80,2,₹3.60,0.0,₹0.00,₹3.60,5.0,₹0.18,₹3.78,UPI,Walk-in,Tuesday,July
2026-07-07,INV-10825,Dettol Antiseptic 100ml,Liquid,Antiseptic,₹75.00,1,₹75.00,0.0,₹0.00,₹75.00,5.0,₹3.75,₹78.75,UPI,Walk-in,Tuesday,July
2026-07-07,INV-10826,Ondansetron 4mg,Tablet,Gastro,₹2.50,2,₹5.00,3.0,₹0.15,₹4.85,12.0,₹0.58,₹5.43,UPI,Chronic,Tuesday,July
2026-07-07,INV-10827,Cough Syrup 100ml,Syrup,Cough & Cold,₹85.00,2,₹170.00,2.0,₹3.40,₹166.60,12.0,₹19.99,₹186.59,Cash,Regular,Tuesday,July
2026-07-07,INV-10828,ORS Orange,Sachet,Hydration,₹20.00,1,₹20.00,2.0,₹0.40,₹19.60,12.0,₹2.35,₹21.95,Card,Walk-in,Tuesday,July
2026-07-07,INV-10829,Omeprazole 20mg,Capsule,Gastro,₹3.80,1,₹3.80,0.0,₹0.00,₹3.80,18.0,₹0.68,₹4.48,UPI,Regular,Tuesday,July
2026-07-07,INV-10830,Metformin 500mg,Tablet,Diabetes,₹1.50,4,₹6.00,2.0,₹0.12,₹5.88,5.0,₹0.29,₹6.17,Cash,New Customer,Tuesday,July
2026-07-07,INV-10831,Azithromycin 500mg,Tablet,Antibiotic,₹12.50,4,₹50.00,0.0,₹0.00,₹50.00,5.0,₹2.50,₹52.50,Cash,Regular,Tuesday,July
2026-07-07,INV-10832,Pantoprazole 40mg,Tablet,Gastro,₹4.50,1,₹4.50,0.0,₹0.00,₹4.50,5.0,₹0.23,₹4.73,Cash,Walk-in,Tuesday,July
2026-07-07,INV-10833,Omeprazole 20mg,Capsule,Gastro,₹3.80,2,₹7.60,0.0,₹0.00,₹7.60,18.0,₹1.37,₹8.97,UPI,Walk-in,Tuesday,July
2026-07-07,INV-10834,B-Complex,Tablet,Vitamins,₹3.50,4,₹14.00,0.0,₹0.00,₹14.00,18.0,₹2.52,₹16.52,UPI,Chronic,Tuesday,July
2026-07-07,INV-10835,Omeprazole 20mg,Capsule,Gastro,₹3.80,2,₹7.60,0.0,₹0.00,₹7.60,12.0,₹0.91,₹8.51,UPI,Regular,Tuesday,July
2026-07-07,INV-10836,Volini Gel 30g,Gel,Pain Relief,₹110.00,2,₹220.00,3.0,₹6.60,₹213.40,5.0,₹10.67,₹224.07,Card,Walk-in,Tuesday,July
2026-07-07,INV-10837,Azithromycin 500mg,Tablet,Antibiotic,₹12.50,1,₹12.50,2.0,₹0.25,₹12.25,5.0,₹0.61,₹12.86,UPI,Regular,Tuesday,July
2026-07-07,INV-10838,Atorvastatin 10mg,Tablet,Cardiac,₹3.20,2,₹6.40,0.0,₹0.00,₹6.40,18.0,₹1.15,₹7.55,UPI,Chronic,Tuesday,July
2026-07-07,INV-10839,Glimepiride 1mg,Tablet,Diabetes,₹2.00,5,₹10.00,3.0,₹0.30,₹9.70,12.0,₹1.16,₹10.86,UPI,Walk-in,Tuesday,July
2026-07-07,INV-10840,Metformin 500mg,Tablet,Diabetes,₹1.50,5,₹7.50,0.0,₹0.00,₹7.50,12.0,₹0.90,₹8.40,Cash,Walk-in,Tuesday,July
2026-07-07,INV-10841,Crocin Advance,Tablet,Pain Relief,₹3.00,2,₹6.00,0.0,₹0.00,₹6.00,18.0,₹1.08,₹7.08,Cash,Walk-in,Tuesday,July
2026-07-07,INV-10842,Digene Gel 200ml,Suspension,Gastro,₹125.00,1,₹125.00,0.0,₹0.00,₹125.00,5.0,₹6.25,₹131.25,UPI,Chronic,Tuesday,July
2026-07-07,INV-10843,Cough Syrup 100ml,Syrup,Cough & Cold,₹85.00,6,₹510.00,0.0,₹0.00,₹510.00,5.0,₹25.50,₹535.50,Card,New Customer,Tuesday,July
2026-07-07,INV-10844,Amoxicillin 500mg,Capsule,Antibiotic,₹8.50,1,₹8.50,0.0,₹0.00,₹8.50,5.0,₹0.42,₹8.92,UPI,Walk-in,Tuesday,July
2026-07-07,INV-10845,Meftal Spas,Tablet,Pain Relief,₹3.80,2,₹7.60,0.0,₹0.00,₹7.60,5.0,₹0.38,₹7.98,Cash,Walk-in,Tuesday,July
2026-07-07,INV-10846,Amoxicillin 500mg,Capsule,Antibiotic,₹8.50,2,₹17.00,0.0,₹0.00,₹17.00,5.0,₹0.85,₹17.85,UPI,Chronic,Tuesday,July
2026-07-07,INV-10847,Cough Syrup 100ml,Syrup,Cough & Cold,₹85.00,2,₹170.00,0.0,₹0.00,₹170.00,18.0,₹30.60,₹200.60,UPI,Chronic,Tuesday,July
2026-07-07,INV-10848,Metformin 500mg,Tablet,Diabetes,₹1.50,3,₹4.50,0.0,₹0.00,₹4.50,18.0,₹0.81,₹5.31,Cash,Walk-in,Tuesday,July
2026-07-07,INV-10849,Amlodipine 5mg,Tablet,Cardiac,₹1.80,3,₹5.40,0.0,₹0.00,₹5.40,5.0,₹0.27,₹5.67,Cash,Chronic,Tuesday,July
2026-07-07,INV-10850,Metformin 500mg,Tablet,Diabetes,₹1.50,1,₹1.50,0.0,₹0.00,₹1.50,18.0,₹0.27,₹1.77,UPI,Walk-in,Tuesday,July
2026-07-07,INV-10851,Dolo 650,Tablet,Pain Relief,₹3.20,1,₹3.20,0.0,₹0.00,₹3.20,12.0,₹0.38,₹3.58,UPI,Walk-in,Tuesday,July
2026-07-07,INV-10852,ORS Orange,Sachet,Hydration,₹20.00,3,₹60.00,0.0,₹0.00,₹60.00,5.0,₹3.00,₹63.00,Card,Regular,Tuesday,July
2026-07-07,INV-10853,B-Complex,Tablet,Vitamins,₹3.50,3,₹10.50,0.0,₹0.00,₹10.50,12.0,₹1.26,₹11.76,Cash,Walk-in,Tuesday,July
2026-07-07,INV-10854,Azithromycin 500mg,Tablet,Antibiotic,₹12.50,3,₹37.50,0.0,₹0.00,₹37.50,5.0,₹1.88,₹39.38,UPI,New Customer,Tuesday,July
2026-07-07,INV-10855,ORS Lemon,Sachet,Hydration,₹22.00,1,₹22.00,2.0,₹0.44,₹21.56,5.0,₹1.08,₹22.64,Cash,Regular,Tuesday,July
2026-07-08,INV-10856,Atorvastatin 10mg,Tablet,Cardiac,₹3.20,2,₹6.40,5.0,₹0.32,₹6.08,18.0,₹1.09,₹7.17,Cash,Walk-in,Wednesday,July
2026-07-08,INV-10857,Amoxicillin 500mg,Capsule,Antibiotic,₹8.50,1,₹8.50,5.0,₹0.42,₹8.08,5.0,₹0.40,₹8.48,Card,Walk-in,Wednesday,July
2026-07-08,INV-10858,Electral ORS,Sachet,Hydration,₹20.00,1,₹20.00,0.0,₹0.00,₹20.00,5.0,₹1.00,₹21.00,Cash,Walk-in,Wednesday,July
2026-07-08,INV-10859,Levocetirizine 5mg,Tablet,Allergy,₹2.20,2,₹4.40,5.0,₹0.22,₹4.18,5.0,₹0.21,₹4.39,UPI,Regular,Wednesday,July
2026-07-08,INV-10860,ORS Orange,Sachet,Hydration,₹20.00,4,₹80.00,0.0,₹0.00,₹80.00,5.0,₹4.00,₹84.00,UPI,New Customer,Wednesday,July
2026-07-08,INV-10861,ORS Lemon,Sachet,Hydration,₹22.00,3,₹66.00,2.0,₹1.32,₹64.68,5.0,₹3.23,₹67.91,Card,Regular,Wednesday,July
2026-07-08,INV-10862,Atorvastatin 10mg,Tablet,Cardiac,₹3.20,2,₹6.40,0.0,₹0.00,₹6.40,18.0,₹1.15,₹7.55,UPI,Walk-in,Wednesday,July
2026-07-08,INV-10863,Metformin 500mg,Tablet,Diabetes,₹1.50,1,₹1.50,0.0,₹0.00,₹1.50,5.0,₹0.07,₹1.57,UPI,Regular,Wednesday,July
2026-07-08,INV-10864,Amlodipine 5mg,Tablet,Cardiac,₹1.80,2,₹3.60,0.0,₹0.00,₹3.60,12.0,₹0.43,₹4.03,Cash,Walk-in,Wednesday,July
2026-07-08,INV-10865,Meftal Spas,Tablet,Pain Relief,₹3.80,2,₹7.60,0.0,₹0.00,₹7.60,12.0,₹0.91,₹8.51,UPI,New Customer,Wednesday,July
2026-07-08,INV-10866,Vicks Action 500,Tablet,Cough & Cold,₹5.00,2,₹10.00,3.0,₹0.30,₹9.70,5.0,₹0.48,₹10.18,Card,Chronic,Wednesday,July
2026-07-08,INV-10867,Telmisartan 40mg,Tablet,Cardiac,₹4.20,2,₹8.40,0.0,₹0.00,₹8.40,12.0,₹1.01,₹9.41,Cash,Walk-in,Wednesday,July
2026-07-08,INV-10868,Multivitamin Syrup 200ml,Syrup,Vitamins,₹145.00,3,₹435.00,0.0,₹0.00,₹435.00,5.0,₹21.75,₹456.75,UPI,Walk-in,Wednesday,July
2026-07-08,INV-10869,Volini Gel 30g,Gel,Pain Relief,₹110.00,4,₹440.00,0.0,₹0.00,₹440.00,5.0,₹22.00,₹462.00,Cash,New Customer,Wednesday,July
2026-07-08,INV-10870,Dolo 650,Tablet,Pain Relief,₹3.20,1,₹3.20,5.0,₹0.16,₹3.04,18.0,₹0.55,₹3.59,UPI,Regular,Wednesday,July
2026-07-08,INV-10871,Volini Gel 30g,Gel,Pain Relief,₹110.00,1,₹110.00,0.0,₹0.00,₹110.00,5.0,₹5.50,₹115.50,UPI,Chronic,Wednesday,July
2026-07-08,INV-10872,Azithromycin 500mg,Tablet,Antibiotic,₹12.50,3,₹37.50,0.0,₹0.00,₹37.50,12.0,₹4.50,₹42.00,UPI,Chronic,Wednesday,July
2026-07-08,INV-10873,Crocin Advance,Tablet,Pain Relief,₹3.00,3,₹9.00,0.0,₹0.00,₹9.00,12.0,₹1.08,₹10.08,UPI,Regular,Wednesday,July
2026-07-08,INV-10874,Levocetirizine 5mg,Tablet,Allergy,₹2.20,3,₹6.60,3.0,₹0.20,₹6.40,12.0,₹0.77,₹7.17,UPI,Regular,Wednesday,July
2026-07-08,INV-10875,Ondansetron 4mg,Tablet,Gastro,₹2.50,5,₹12.50,0.0,₹0.00,₹12.50,12.0,₹1.50,₹14.00,UPI,Regular,Wednesday,July
2026-07-08,INV-10876,Amlodipine 5mg,Tablet,Cardiac,₹1.80,1,₹1.80,0.0,₹0.00,₹1.80,12.0,₹0.22,₹2.02,Card,Regular,Wednesday,July
2026-07-08,INV-10877,ORS Lemon,Sachet,Hydration,₹22.00,5,₹110.00,0.0,₹0.00,₹110.00,12.0,₹13.20,₹123.20,UPI,Chronic,Wednesday,July
2026-07-08,INV-10878,Levocetirizine 5mg,Tablet,Allergy,₹2.20,1,₹2.20,0.0,₹0.00,₹2.20,5.0,₹0.11,₹2.31,UPI,Walk-in,Wednesday,July
2026-07-08,INV-10879,Pantoprazole 40mg,Tablet,Gastro,₹4.50,2,₹9.00,0.0,₹0.00,₹9.00,12.0,₹1.08,₹10.08,UPI,Walk-in,Wednesday,July
2026-07-08,INV-10880,Cetirizine 10mg,Tablet,Allergy,₹1.80,4,₹7.20,0.0,₹0.00,₹7.20,5.0,₹0.36,₹7.56,UPI,Walk-in,Wednesday,July
2026-07-08,INV-10881,Vicks Action 500,Tablet,Cough & Cold,₹5.00,2,₹10.00,0.0,₹0.00,₹10.00,12.0,₹1.20,₹11.20,UPI,Walk-in,Wednesday,July
2026-07-08,INV-10882,Volini Gel 30g,Gel,Pain Relief,₹110.00,2,₹220.00,0.0,₹0.00,₹220.00,5.0,₹11.00,₹231.00,UPI,Walk-in,Wednesday,July
2026-07-08,INV-10883,Paracetamol 500mg,Tablet,Pain Relief,₹2.50,2,₹5.00,0.0,₹0.00,₹5.00,5.0,₹0.25,₹5.25,UPI,Walk-in,Wednesday,July
2026-07-08,INV-10884,Azithromycin 500mg,Tablet,Antibiotic,₹12.50,1,₹12.50,0.0,₹0.00,₹12.50,5.0,₹0.62,₹13.12,Card,Regular,Wednesday,July
2026-07-08,INV-10885,Calcium + D3,Tablet,Vitamins,₹6.00,2,₹12.00,0.0,₹0.00,₹12.00,5.0,₹0.60,₹12.60,Card,Walk-in,Wednesday,July
2026-07-08,INV-10886,Atorvastatin 10mg,Tablet,Cardiac,₹3.20,2,₹6.40,0.0,₹0.00,₹6.40,5.0,₹0.32,₹6.72,UPI,Walk-in,Wednesday,July
2026-07-08,INV-10887,Cough Syrup 100ml,Syrup,Cough & Cold,₹85.00,2,₹170.00,0.0,₹0.00,₹170.00,5.0,₹8.50,₹178.50,Card,Walk-in,Wednesday,July
2026-07-08,INV-10888,Amlodipine 5mg,Tablet,Cardiac,₹1.80,3,₹5.40,0.0,₹0.00,₹5.40,5.0,₹0.27,₹5.67,UPI,Chronic,Wednesday,July
2026-07-08,INV-10889,Electral ORS,Sachet,Hydration,₹20.00,5,₹100.00,0.0,₹0.00,₹100.00,5.0,₹5.00,₹105.00,Cash,Walk-in,Wednesday,July
2026-07-08,INV-10890,ORS Orange,Sachet,Hydration,₹20.00,3,₹60.00,2.0,₹1.20,₹58.80,12.0,₹7.06,₹65.86,UPI,New Customer,Wednesday,July
2026-07-08,INV-10891,Cheston Cold,Tablet,Cough & Cold,₹4.00,3,₹12.00,0.0,₹0.00,₹12.00,12.0,₹1.44,₹13.44,UPI,Walk-in,Wednesday,July
2026-07-08,INV-10892,Volini Gel 30g,Gel,Pain Relief,₹110.00,2,₹220.00,0.0,₹0.00,₹220.00,12.0,₹26.40,₹246.40,Cash,Walk-in,Wednesday,July
2026-07-08,INV-10893,Calcium + D3,Tablet,Vitamins,₹6.00,2,₹12.00,0.0,₹0.00,₹12.00,5.0,₹0.60,₹12.60,UPI,Regular,Wednesday,July
2026-07-08,INV-10894,Omeprazole 20mg,Capsule,Gastro,₹3.80,1,₹3.80,0.0,₹0.00,₹3.80,5.0,₹0.19,₹3.99,UPI,Walk-in,Wednesday,July
2026-07-08,INV-10895,Betadine 100ml,Solution,Antiseptic,₹85.00,1,₹85.00,0.0,₹0.00,₹85.00,12.0,₹10.20,₹95.20,UPI,Regular,Wednesday,July
2026-07-09,INV-10896,Vitamin C 500mg,Tablet,Vitamins,₹2.80,2,₹5.60,0.0,₹0.00,₹5.60,12.0,₹0.67,₹6.27,Cash,Walk-in,Thursday,July
2026-07-09,INV-10897,Volini Gel 30g,Gel,Pain Relief,₹110.00,3,₹330.00,0.0,₹0.00,₹330.00,12.0,₹39.60,₹369.60,Cash,Regular,Thursday,July
2026-07-09,INV-10898,Vitamin C 500mg,Tablet,Vitamins,₹2.80,1,₹2.80,3.0,₹0.08,₹2.72,12.0,₹0.33,₹3.05,Cash,Walk-in,Thursday,July
2026-07-09,INV-10899,Paracetamol 500mg,Tablet,Pain Relief,₹2.50,1,₹2.50,2.0,₹0.05,₹2.45,5.0,₹0.12,₹2.57,UPI,Chronic,Thursday,July
2026-07-09,INV-10900,B-Complex,Tablet,Vitamins,₹3.50,1,₹3.50,0.0,₹0.00,₹3.50,12.0,₹0.42,₹3.92,UPI,Regular,Thursday,July
2026-07-09,INV-10901,Calcium + D3,Tablet,Vitamins,₹6.00,3,₹18.00,3.0,₹0.54,₹17.46,5.0,₹0.87,₹18.33,UPI,Walk-in,Thursday,July
2026-07-09,INV-10902,Ondansetron 4mg,Tablet,Gastro,₹2.50,3,₹7.50,0.0,₹0.00,₹7.50,12.0,₹0.90,₹8.40,Cash,Regular,Thursday,July
2026-07-09,INV-10903,Multivitamin Syrup 200ml,Syrup,Vitamins,₹145.00,1,₹145.00,2.0,₹2.90,₹142.10,5.0,₹7.11,₹149.21,UPI,Walk-in,Thursday,July
2026-07-09,INV-10904,Dolo 650,Tablet,Pain Relief,₹3.20,1,₹3.20,0.0,₹0.00,₹3.20,12.0,₹0.38,₹3.58,UPI,Chronic,Thursday,July
2026-07-09,INV-10905,Vitamin C 500mg,Tablet,Vitamins,₹2.80,1,₹2.80,0.0,₹0.00,₹2.80,5.0,₹0.14,₹2.94,UPI,Walk-in,Thursday,July
2026-07-09,INV-10906,Volini Gel 30g,Gel,Pain Relief,₹110.00,2,₹220.00,0.0,₹0.00,₹220.00,5.0,₹11.00,₹231.00,Cash,Walk-in,Thursday,July
2026-07-09,INV-10907,Cheston Cold,Tablet,Cough & Cold,₹4.00,1,₹4.00,0.0,₹0.00,₹4.00,12.0,₹0.48,₹4.48,UPI,Walk-in,Thursday,July
2026-07-09,INV-10908,Dettol Antiseptic 100ml,Liquid,Antiseptic,₹75.00,2,₹150.00,0.0,₹0.00,₹150.00,12.0,₹18.00,₹168.00,UPI,Regular,Thursday,July
2026-07-09,INV-10909,Glimepiride 1mg,Tablet,Diabetes,₹2.00,1,₹2.00,0.0,₹0.00,₹2.00,5.0,₹0.10,₹2.10,Card,Walk-in,Thursday,July
2026-07-09,INV-10910,Azithromycin 500mg,Tablet,Antibiotic,₹12.50,3,₹37.50,2.0,₹0.75,₹36.75,18.0,₹6.62,₹43.37,UPI,Walk-in,Thursday,July
2026-07-09,INV-10911,Pantoprazole 40mg,Tablet,Gastro,₹4.50,1,₹4.50,0.0,₹0.00,₹4.50,5.0,₹0.23,₹4.73,UPI,Walk-in,Thursday,July
2026-07-09,INV-10912,Dolo 650,Tablet,Pain Relief,₹3.20,3,₹9.60,0.0,₹0.00,₹9.60,5.0,₹0.48,₹10.08,Cash,Walk-in,Thursday,July
2026-07-09,INV-10913,ORS Lemon,Sachet,Hydration,₹22.00,2,₹44.00,2.0,₹0.88,₹43.12,12.0,₹5.17,₹48.29,UPI,Walk-in,Thursday,July
2026-07-09,INV-10914,Omeprazole 20mg,Capsule,Gastro,₹3.80,1,₹3.80,0.0,₹0.00,₹3.80,18.0,₹0.68,₹4.48,UPI,Walk-in,Thursday,July
2026-07-09,INV-10915,Meftal Spas,Tablet,Pain Relief,₹3.80,2,₹7.60,2.0,₹0.15,₹7.45,5.0,₹0.37,₹7.82,UPI,Walk-in,Thursday,July
2026-07-09,INV-10916,Metformin 500mg,Tablet,Diabetes,₹1.50,3,₹4.50,0.0,₹0.00,₹4.50,5.0,₹0.23,₹4.73,Card,Walk-in,Thursday,July
2026-07-09,INV-10917,B-Complex,Tablet,Vitamins,₹3.50,2,₹7.00,0.0,₹0.00,₹7.00,12.0,₹0.84,₹7.84,UPI,Walk-in,Thursday,July
2026-07-09,INV-10918,Meftal Spas,Tablet,Pain Relief,₹3.80,2,₹7.60,0.0,₹0.00,₹7.60,5.0,₹0.38,₹7.98,Card,Walk-in,Thursday,July
2026-07-09,INV-10919,Atorvastatin 10mg,Tablet,Cardiac,₹3.20,8,₹25.60,3.0,₹0.77,₹24.83,5.0,₹1.24,₹26.07,UPI,Regular,Thursday,July
2026-07-09,INV-10920,Multivitamin Syrup 200ml,Syrup,Vitamins,₹145.00,2,₹290.00,2.0,₹5.80,₹284.20,5.0,₹14.21,₹298.41,UPI,Walk-in,Thursday,July
2026-07-09,INV-10921,Glimepiride 1mg,Tablet,Diabetes,₹2.00,1,₹2.00,0.0,₹0.00,₹2.00,5.0,₹0.10,₹2.10,Cash,Walk-in,Thursday,July
2026-07-09,INV-10922,Dettol Antiseptic 100ml,Liquid,Antiseptic,₹75.00,1,₹75.00,0.0,₹0.00,₹75.00,5.0,₹3.75,₹78.75,Cash,Walk-in,Thursday,July
2026-07-09,INV-10923,Dolo 650,Tablet,Pain Relief,₹3.20,1,₹3.20,0.0,₹0.00,₹3.20,18.0,₹0.58,₹3.78,Cash,Chronic,Thursday,July
2026-07-09,INV-10924,Cough Syrup 100ml,Syrup,Cough & Cold,₹85.00,3,₹255.00,0.0,₹0.00,₹255.00,5.0,₹12.75,₹267.75,UPI,Regular,Thursday,July
2026-07-09,INV-10925,Cough Syrup 100ml,Syrup,Cough & Cold,₹85.00,2,₹170.00,3.0,₹5.10,₹164.90,12.0,₹19.79,₹184.69,UPI,Walk-in,Thursday,July
2026-07-09,INV-10926,Betadine 100ml,Solution,Antiseptic,₹85.00,4,₹340.00,0.0,₹0.00,₹340.00,12.0,₹40.80,₹380.80,UPI,Walk-in,Thursday,July
2026-07-09,INV-10927,Calcium + D3,Tablet,Vitamins,₹6.00,1,₹6.00,0.0,₹0.00,₹6.00,12.0,₹0.72,₹6.72,UPI,Walk-in,Thursday,July
2026-07-09,INV-10928,Crocin Advance,Tablet,Pain Relief,₹3.00,2,₹6.00,0.0,₹0.00,₹6.00,5.0,₹0.30,₹6.30,UPI,Walk-in,Thursday,July
2026-07-09,INV-10929,Meftal Spas,Tablet,Pain Relief,₹3.80,1,₹3.80,0.0,₹0.00,₹3.80,5.0,₹0.19,₹3.99,Card,New Customer,Thursday,July
2026-07-09,INV-10930,Vitamin C 500mg,Tablet,Vitamins,₹2.80,1,₹2.80,0.0,₹0.00,₹2.80,18.0,₹0.50,₹3.30,UPI,Walk-in,Thursday,July
2026-07-09,INV-10931,Pantoprazole 40mg,Tablet,Gastro,₹4.50,2,₹9.00,5.0,₹0.45,₹8.55,5.0,₹0.43,₹8.98,UPI,Chronic,Thursday,July
2026-07-09,INV-10932,Dolo 650,Tablet,Pain Relief,₹3.20,1,₹3.20,0.0,₹0.00,₹3.20,5.0,₹0.16,₹3.36,Cash,Walk-in,Thursday,July
2026-07-09,INV-10933,Azithromycin 500mg,Tablet,Antibiotic,₹12.50,2,₹25.00,0.0,₹0.00,₹25.00,18.0,₹4.50,₹29.50,UPI,Walk-in,Thursday,July
2026-07-09,INV-10934,Calcium + D3,Tablet,Vitamins,₹6.00,1,₹6.00,0.0,₹0.00,₹6.00,5.0,₹0.30,₹6.30,UPI,Chronic,Thursday,July
2026-07-09,INV-10935,Glimepiride 1mg,Tablet,Diabetes,₹2.00,2,₹4.00,0.0,₹0.00,₹4.00,18.0,₹0.72,₹4.72,Cash,Regular,Thursday,July
2026-07-09,INV-10936,Telmisartan 40mg,Tablet,Cardiac,₹4.20,8,₹33.60,0.0,₹0.00,₹33.60,5.0,₹1.68,₹35.28,Cash,Walk-in,Thursday,July
2026-07-09,INV-10937,Dolo 650,Tablet,Pain Relief,₹3.20,1,₹3.20,0.0,₹0.00,₹3.20,5.0,₹0.16,₹3.36,Card,New Customer,Thursday,July
2026-07-09,INV-10938,Vitamin C 500mg,Tablet,Vitamins,₹2.80,2,₹5.60,0.0,₹0.00,₹5.60,12.0,₹0.67,₹6.27,Cash,Regular,Thursday,July
2026-07-09,INV-10939,ORS Orange,Sachet,Hydration,₹20.00,4,₹80.00,0.0,₹0.00,₹80.00,5.0,₹4.00,₹84.00,UPI,Regular,Thursday,July
2026-07-10,INV-10940,Azithromycin 500mg,Tablet,Antibiotic,₹12.50,5,₹62.50,0.0,₹0.00,₹62.50,12.0,₹7.50,₹70.00,UPI,Regular,Friday,July
2026-07-10,INV-10941,ORS Orange,Sachet,Hydration,₹20.00,2,₹40.00,0.0,₹0.00,₹40.00,5.0,₹2.00,₹42.00,UPI,Walk-in,Friday,July
2026-07-10,INV-10942,Omeprazole 20mg,Capsule,Gastro,₹3.80,2,₹7.60,0.0,₹0.00,₹7.60,5.0,₹0.38,₹7.98,UPI,New Customer,Friday,July
2026-07-10,INV-10943,B-Complex,Tablet,Vitamins,₹3.50,2,₹7.00,2.0,₹0.14,₹6.86,18.0,₹1.23,₹8.09,UPI,Chronic,Friday,July
2026-07-10,INV-10944,Amlodipine 5mg,Tablet,Cardiac,₹1.80,2,₹3.60,0.0,₹0.00,₹3.60,18.0,₹0.65,₹4.25,Cash,Regular,Friday,July
2026-07-10,INV-10945,Metformin 500mg,Tablet,Diabetes,₹1.50,1,₹1.50,0.0,₹0.00,₹1.50,5.0,₹0.07,₹1.57,Cash,Chronic,Friday,July
2026-07-10,INV-10946,Dettol Antiseptic 100ml,Liquid,Antiseptic,₹75.00,2,₹150.00,0.0,₹0.00,₹150.00,12.0,₹18.00,₹168.00,UPI,Regular,Friday,July
2026-07-10,INV-10947,ORS Lemon,Sachet,Hydration,₹22.00,1,₹22.00,0.0,₹0.00,₹22.00,5.0,₹1.10,₹23.10,UPI,New Customer,Friday,July
2026-07-10,INV-10948,Glimepiride 1mg,Tablet,Diabetes,₹2.00,1,₹2.00,0.0,₹0.00,₹2.00,5.0,₹0.10,₹2.10,UPI,Chronic,Friday,July
2026-07-10,INV-10949,Vitamin C 500mg,Tablet,Vitamins,₹2.80,2,₹5.60,0.0,₹0.00,₹5.60,5.0,₹0.28,₹5.88,Cash,Walk-in,Friday,July
2026-07-10,INV-10950,Cough Syrup 100ml,Syrup,Cough & Cold,₹85.00,2,₹170.00,0.0,₹0.00,₹170.00,18.0,₹30.60,₹200.60,UPI,Walk-in,Friday,July
2026-07-10,INV-10951,Amoxicillin 500mg,Capsule,Antibiotic,₹8.50,3,₹25.50,2.0,₹0.51,₹24.99,5.0,₹1.25,₹26.24,Cash,Walk-in,Friday,July
2026-07-10,INV-10952,Dolo 650,Tablet,Pain Relief,₹3.20,1,₹3.20,0.0,₹0.00,₹3.20,5.0,₹0.16,₹3.36,Card,Walk-in,Friday,July
2026-07-10,INV-10953,ORS Lemon,Sachet,Hydration,₹22.00,2,₹44.00,0.0,₹0.00,₹44.00,12.0,₹5.28,₹49.28,UPI,Regular,Friday,July
2026-07-10,INV-10954,Paracetamol 500mg,Tablet,Pain Relief,₹2.50,8,₹20.00,0.0,₹0.00,₹20.00,12.0,₹2.40,₹22.40,UPI,New Customer,Friday,July
2026-07-10,INV-10955,Levocetirizine 5mg,Tablet,Allergy,₹2.20,2,₹4.40,3.0,₹0.13,₹4.27,5.0,₹0.21,₹4.48,Cash,New Customer,Friday,July
2026-07-10,INV-10956,Volini Gel 30g,Gel,Pain Relief,₹110.00,2,₹220.00,3.0,₹6.60,₹213.40,5.0,₹10.67,₹224.07,Cash,Walk-in,Friday,July
2026-07-10,INV-10957,Atorvastatin 10mg,Tablet,Cardiac,₹3.20,6,₹19.20,2.0,₹0.38,₹18.82,12.0,₹2.26,₹21.08,UPI,Regular,Friday,July
2026-07-10,INV-10958,Glimepiride 1mg,Tablet,Diabetes,₹2.00,2,₹4.00,0.0,₹0.00,₹4.00,5.0,₹0.20,₹4.20,UPI,Walk-in,Friday,July
2026-07-10,INV-10959,Betadine 100ml,Solution,Antiseptic,₹85.00,1,₹85.00,0.0,₹0.00,₹85.00,12.0,₹10.20,₹95.20,UPI,Walk-in,Friday,July
2026-07-10,INV-10960,Betadine 100ml,Solution,Antiseptic,₹85.00,2,₹170.00,0.0,₹0.00,₹170.00,12.0,₹20.40,₹190.40,UPI,Chronic,Friday,July
2026-07-10,INV-10961,Ondansetron 4mg,Tablet,Gastro,₹2.50,5,₹12.50,0.0,₹0.00,₹12.50,18.0,₹2.25,₹14.75,UPI,Regular,Friday,July
2026-07-10,INV-10962,Crocin Advance,Tablet,Pain Relief,₹3.00,4,₹12.00,0.0,₹0.00,₹12.00,12.0,₹1.44,₹13.44,UPI,Regular,Friday,July
2026-07-10,INV-10963,Calcium + D3,Tablet,Vitamins,₹6.00,1,₹6.00,3.0,₹0.18,₹5.82,18.0,₹1.05,₹6.87,Card,Walk-in,Friday,July
2026-07-10,INV-10964,ORS Lemon,Sachet,Hydration,₹22.00,1,₹22.00,0.0,₹0.00,₹22.00,12.0,₹2.64,₹24.64,Cash,Walk-in,Friday,July
2026-07-10,INV-10965,Vicks Action 500,Tablet,Cough & Cold,₹5.00,1,₹5.00,0.0,₹0.00,₹5.00,5.0,₹0.25,₹5.25,Cash,Walk-in,Friday,July
2026-07-10,INV-10966,Levocetirizine 5mg,Tablet,Allergy,₹2.20,3,₹6.60,0.0,₹0.00,₹6.60,5.0,₹0.33,₹6.93,UPI,Chronic,Friday,July
2026-07-10,INV-10967,Volini Gel 30g,Gel,Pain Relief,₹110.00,5,₹550.00,0.0,₹0.00,₹550.00,5.0,₹27.50,₹577.50,Cash,Walk-in,Friday,July
2026-07-10,INV-10968,Atorvastatin 10mg,Tablet,Cardiac,₹3.20,2,₹6.40,2.0,₹0.13,₹6.27,5.0,₹0.31,₹6.58,UPI,Regular,Friday,July
2026-07-10,INV-10969,Multivitamin Syrup 200ml,Syrup,Vitamins,₹145.00,3,₹435.00,0.0,₹0.00,₹435.00,5.0,₹21.75,₹456.75,Cash,Walk-in,Friday,July
2026-07-10,INV-10970,Cetirizine 10mg,Tablet,Allergy,₹1.80,2,₹3.60,2.0,₹0.07,₹3.53,12.0,₹0.42,₹3.95,Cash,Regular,Friday,July
2026-07-10,INV-10971,Meftal Spas,Tablet,Pain Relief,₹3.80,4,₹15.20,0.0,₹0.00,₹15.20,12.0,₹1.82,₹17.02,UPI,New Customer,Friday,July
2026-07-10,INV-10972,Vicks Action 500,Tablet,Cough & Cold,₹5.00,2,₹10.00,0.0,₹0.00,₹10.00,12.0,₹1.20,₹11.20,Cash,Regular,Friday,July
2026-07-10,INV-10973,Azithromycin 500mg,Tablet,Antibiotic,₹12.50,1,₹12.50,0.0,₹0.00,₹12.50,12.0,₹1.50,₹14.00,UPI,Regular,Friday,July
2026-07-10,INV-10974,Atorvastatin 10mg,Tablet,Cardiac,₹3.20,4,₹12.80,0.0,₹0.00,₹12.80,5.0,₹0.64,₹13.44,Card,Walk-in,Friday,July
2026-07-10,INV-10975,Betadine 100ml,Solution,Antiseptic,₹85.00,1,₹85.00,0.0,₹0.00,₹85.00,12.0,₹10.20,₹95.20,Cash,Walk-in,Friday,July
2026-07-10,INV-10976,Omeprazole 20mg,Capsule,Gastro,₹3.80,1,₹3.80,0.0,₹0.00,₹3.80,12.0,₹0.46,₹4.26,Cash,New Customer,Friday,July
2026-07-10,INV-10977,Azithromycin 500mg,Tablet,Antibiotic,₹12.50,1,₹12.50,2.0,₹0.25,₹12.25,5.0,₹0.61,₹12.86,UPI,Chronic,Friday,July
2026-07-10,INV-10978,Levocetirizine 5mg,Tablet,Allergy,₹2.20,3,₹6.60,2.0,₹0.13,₹6.47,12.0,₹0.78,₹7.25,UPI,Walk-in,Friday,July
2026-07-10,INV-10979,Meftal Spas,Tablet,Pain Relief,₹3.80,2,₹7.60,0.0,₹0.00,₹7.60,18.0,₹1.37,₹8.97,Cash,Walk-in,Friday,July
2026-07-10,INV-10980,Dolo 650,Tablet,Pain Relief,₹3.20,1,₹3.20,0.0,₹0.00,₹3.20,5.0,₹0.16,₹3.36,UPI,Chronic,Friday,July
2026-07-11,INV-10981,Crocin Advance,Tablet,Pain Relief,₹3.00,2,₹6.00,0.0,₹0.00,₹6.00,5.0,₹0.30,₹6.30,Cash,Regular,Saturday,July
2026-07-11,INV-10982,Vicks Action 500,Tablet,Cough & Cold,₹5.00,1,₹5.00,0.0,₹0.00,₹5.00,5.0,₹0.25,₹5.25,Cash,Regular,Saturday,July
2026-07-11,INV-10983,Vicks Action 500,Tablet,Cough & Cold,₹5.00,3,₹15.00,0.0,₹0.00,₹15.00,18.0,₹2.70,₹17.70,Cash,Regular,Saturday,July
2026-07-11,INV-10984,ORS Lemon,Sachet,Hydration,₹22.00,3,₹66.00,0.0,₹0.00,₹66.00,5.0,₹3.30,₹69.30,Cash,Chronic,Saturday,July
2026-07-11,INV-10985,Telmisartan 40mg,Tablet,Cardiac,₹4.20,1,₹4.20,3.0,₹0.13,₹4.07,18.0,₹0.73,₹4.80,UPI,New Customer,Saturday,July
2026-07-11,INV-10986,Crocin Advance,Tablet,Pain Relief,₹3.00,4,₹12.00,0.0,₹0.00,₹12.00,5.0,₹0.60,₹12.60,Cash,Regular,Saturday,July
2026-07-11,INV-10987,ORS Orange,Sachet,Hydration,₹20.00,2,₹40.00,0.0,₹0.00,₹40.00,5.0,₹2.00,₹42.00,UPI,Regular,Saturday,July
2026-07-11,INV-10988,Vitamin C 500mg,Tablet,Vitamins,₹2.80,1,₹2.80,0.0,₹0.00,₹2.80,5.0,₹0.14,₹2.94,UPI,Walk-in,Saturday,July
2026-07-11,INV-10989,ORS Orange,Sachet,Hydration,₹20.00,3,₹60.00,0.0,₹0.00,₹60.00,5.0,₹3.00,₹63.00,Cash,Walk-in,Saturday,July
2026-07-11,INV-10990,Glimepiride 1mg,Tablet,Diabetes,₹2.00,5,₹10.00,0.0,₹0.00,₹10.00,5.0,₹0.50,₹10.50,UPI,Walk-in,Saturday,July
2026-07-11,INV-10991,Atorvastatin 10mg,Tablet,Cardiac,₹3.20,2,₹6.40,0.0,₹0.00,₹6.40,5.0,₹0.32,₹6.72,UPI,Walk-in,Saturday,July
2026-07-11,INV-10992,Levocetirizine 5mg,Tablet,Allergy,₹2.20,3,₹6.60,0.0,₹0.00,₹6.60,5.0,₹0.33,₹6.93,Card,Regular,Saturday,July
2026-07-11,INV-10993,B-Complex,Tablet,Vitamins,₹3.50,1,₹3.50,0.0,₹0.00,₹3.50,12.0,₹0.42,₹3.92,UPI,Walk-in,Saturday,July
2026-07-11,INV-10994,Ondansetron 4mg,Tablet,Gastro,₹2.50,1,₹2.50,2.0,₹0.05,₹2.45,5.0,₹0.12,₹2.57,Cash,Chronic,Saturday,July
2026-07-11,INV-10995,Dolo 650,Tablet,Pain Relief,₹3.20,1,₹3.20,0.0,₹0.00,₹3.20,5.0,₹0.16,₹3.36,UPI,New Customer,Saturday,July
2026-07-11,INV-10996,Azithromycin 500mg,Tablet,Antibiotic,₹12.50,1,₹12.50,0.0,₹0.00,₹12.50,12.0,₹1.50,₹14.00,UPI,Regular,Saturday,July
2026-07-11,INV-10997,ORS Lemon,Sachet,Hydration,₹22.00,1,₹22.00,3.0,₹0.66,₹21.34,12.0,₹2.56,₹23.90,UPI,Walk-in,Saturday,July
2026-07-11,INV-10998,Levocetirizine 5mg,Tablet,Allergy,₹2.20,3,₹6.60,0.0,₹0.00,₹6.60,5.0,₹0.33,₹6.93,UPI,Walk-in,Saturday,July
2026-07-11,INV-10999,Ondansetron 4mg,Tablet,Gastro,₹2.50,5,₹12.50,0.0,₹0.00,₹12.50,18.0,₹2.25,₹14.75,UPI,Chronic,Saturday,July
2026-07-11,INV-11000,Atorvastatin 10mg,Tablet,Cardiac,₹3.20,2,₹6.40,0.0,₹0.00,₹6.40,18.0,₹1.15,₹7.55,UPI,New Customer,Saturday,July
2026-07-11,INV-11001,Cough Syrup 100ml,Syrup,Cough & Cold,₹85.00,1,₹85.00,0.0,₹0.00,₹85.00,12.0,₹10.20,₹95.20,UPI,Chronic,Saturday,July
2026-07-11,INV-11002,Cetirizine 10mg,Tablet,Allergy,₹1.80,3,₹5.40,5.0,₹0.27,₹5.13,5.0,₹0.26,₹5.39,Cash,Walk-in,Saturday,July
2026-07-11,INV-11003,Telmisartan 40mg,Tablet,Cardiac,₹4.20,2,₹8.40,0.0,₹0.00,₹8.40,18.0,₹1.51,₹9.91,Cash,Regular,Saturday,July
2026-07-11,INV-11004,Amoxicillin 500mg,Capsule,Antibiotic,₹8.50,2,₹17.00,0.0,₹0.00,₹17.00,12.0,₹2.04,₹19.04,Cash,Chronic,Saturday,July
2026-07-11,INV-11005,ORS Lemon,Sachet,Hydration,₹22.00,2,₹44.00,0.0,₹0.00,₹44.00,12.0,₹5.28,₹49.28,Cash,Walk-in,Saturday,July
2026-07-11,INV-11006,Omeprazole 20mg,Capsule,Gastro,₹3.80,4,₹15.20,3.0,₹0.46,₹14.74,18.0,₹2.65,₹17.39,UPI,Chronic,Saturday,July
2026-07-11,INV-11007,Betadine 100ml,Solution,Antiseptic,₹85.00,1,₹85.00,0.0,₹0.00,₹85.00,18.0,₹15.30,₹100.30,Card,Walk-in,Saturday,July
2026-07-11,INV-11008,B-Complex,Tablet,Vitamins,₹3.50,8,₹28.00,0.0,₹0.00,₹28.00,12.0,₹3.36,₹31.36,UPI,Regular,Saturday,July
2026-07-11,INV-11009,Telmisartan 40mg,Tablet,Cardiac,₹4.20,2,₹8.40,0.0,₹0.00,₹8.40,5.0,₹0.42,₹8.82,UPI,Regular,Saturday,July
2026-07-11,INV-11010,Cheston Cold,Tablet,Cough & Cold,₹4.00,1,₹4.00,0.0,₹0.00,₹4.00,18.0,₹0.72,₹4.72,UPI,New Customer,Saturday,July
2026-07-11,INV-11011,Ondansetron 4mg,Tablet,Gastro,₹2.50,2,₹5.00,3.0,₹0.15,₹4.85,12.0,₹0.58,₹5.43,UPI,Regular,Saturday,July
2026-07-11,INV-11012,Cetirizine 10mg,Tablet,Allergy,₹1.80,1,₹1.80,3.0,₹0.05,₹1.75,12.0,₹0.21,₹1.96,UPI,Walk-in,Saturday,July
2026-07-11,INV-11013,Azithromycin 500mg,Tablet,Antibiotic,₹12.50,2,₹25.00,0.0,₹0.00,₹25.00,12.0,₹3.00,₹28.00,UPI,Walk-in,Saturday,July
2026-07-11,INV-11014,Ondansetron 4mg,Tablet,Gastro,₹2.50,2,₹5.00,0.0,₹0.00,₹5.00,12.0,₹0.60,₹5.60,UPI,Regular,Saturday,July
2026-07-11,INV-11015,Betadine 100ml,Solution,Antiseptic,₹85.00,3,₹255.00,2.0,₹5.10,₹249.90,5.0,₹12.49,₹262.39,UPI,Chronic,Saturday,July
2026-07-12,INV-11016,Vicks Action 500,Tablet,Cough & Cold,₹5.00,3,₹15.00,0.0,₹0.00,₹15.00,5.0,₹0.75,₹15.75,UPI,Regular,Sunday,July
2026-07-12,INV-11017,Levocetirizine 5mg,Tablet,Allergy,₹2.20,2,₹4.40,0.0,₹0.00,₹4.40,5.0,₹0.22,₹4.62,UPI,Regular,Sunday,July
2026-07-12,INV-11018,Meftal Spas,Tablet,Pain Relief,₹3.80,3,₹11.40,0.0,₹0.00,₹11.40,12.0,₹1.37,₹12.77,UPI,Chronic,Sunday,July
2026-07-12,INV-11019,Omeprazole 20mg,Capsule,Gastro,₹3.80,2,₹7.60,5.0,₹0.38,₹7.22,5.0,₹0.36,₹7.58,Cash,Walk-in,Sunday,July
2026-07-12,INV-11020,Pantoprazole 40mg,Tablet,Gastro,₹4.50,1,₹4.50,5.0,₹0.23,₹4.27,12.0,₹0.51,₹4.78,Cash,Chronic,Sunday,July
2026-07-12,INV-11021,ORS Orange,Sachet,Hydration,₹20.00,1,₹20.00,0.0,₹0.00,₹20.00,5.0,₹1.00,₹21.00,Cash,Walk-in,Sunday,July
2026-07-12,INV-11022,Glimepiride 1mg,Tablet,Diabetes,₹2.00,5,₹10.00,5.0,₹0.50,₹9.50,12.0,₹1.14,₹10.64,Cash,Walk-in,Sunday,July
2026-07-12,INV-11023,Cetirizine 10mg,Tablet,Allergy,₹1.80,1,₹1.80,3.0,₹0.05,₹1.75,12.0,₹0.21,₹1.96,UPI,Walk-in,Sunday,July
2026-07-12,INV-11024,Dettol Antiseptic 100ml,Liquid,Antiseptic,₹75.00,2,₹150.00,3.0,₹4.50,₹145.50,5.0,₹7.28,₹152.78,Card,Walk-in,Sunday,July
2026-07-12,INV-11025,Glimepiride 1mg,Tablet,Diabetes,₹2.00,8,₹16.00,3.0,₹0.48,₹15.52,5.0,₹0.78,₹16.30,Cash,Chronic,Sunday,July
2026-07-12,INV-11026,Cetirizine 10mg,Tablet,Allergy,₹1.80,1,₹1.80,3.0,₹0.05,₹1.75,5.0,₹0.09,₹1.84,Cash,New Customer,Sunday,July
2026-07-12,INV-11027,Calcium + D3,Tablet,Vitamins,₹6.00,3,₹18.00,0.0,₹0.00,₹18.00,5.0,₹0.90,₹18.90,UPI,Regular,Sunday,July
2026-07-12,INV-11028,Cheston Cold,Tablet,Cough & Cold,₹4.00,2,₹8.00,0.0,₹0.00,₹8.00,5.0,₹0.40,₹8.40,Cash,Chronic,Sunday,July
2026-07-12,INV-11029,Paracetamol 500mg,Tablet,Pain Relief,₹2.50,2,₹5.00,0.0,₹0.00,₹5.00,5.0,₹0.25,₹5.25,UPI,Walk-in,Sunday,July
2026-07-12,INV-11030,Digene Gel 200ml,Suspension,Gastro,₹125.00,2,₹250.00,0.0,₹0.00,₹250.00,5.0,₹12.50,₹262.50,UPI,Regular,Sunday,July
2026-07-12,INV-11031,Omeprazole 20mg,Capsule,Gastro,₹3.80,1,₹3.80,0.0,₹0.00,₹3.80,5.0,₹0.19,₹3.99,Cash,Walk-in,Sunday,July
2026-07-12,INV-11032,Digene Gel 200ml,Suspension,Gastro,₹125.00,1,₹125.00,0.0,₹0.00,₹125.00,5.0,₹6.25,₹131.25,Cash,Walk-in,Sunday,July
2026-07-12,INV-11033,Betadine 100ml,Solution,Antiseptic,₹85.00,2,₹170.00,0.0,₹0.00,₹170.00,5.0,₹8.50,₹178.50,Cash,Walk-in,Sunday,July
2026-07-12,INV-11034,Ondansetron 4mg,Tablet,Gastro,₹2.50,1,₹2.50,0.0,₹0.00,₹2.50,5.0,₹0.12,₹2.62,UPI,Regular,Sunday,July
2026-07-12,INV-11035,B-Complex,Tablet,Vitamins,₹3.50,1,₹3.50,3.0,₹0.10,₹3.40,18.0,₹0.61,₹4.01,Cash,Walk-in,Sunday,July
2026-07-12,INV-11036,Volini Gel 30g,Gel,Pain Relief,₹110.00,4,₹440.00,0.0,₹0.00,₹440.00,5.0,₹22.00,₹462.00,UPI,Walk-in,Sunday,July
2026-07-12,INV-11037,ORS Orange,Sachet,Hydration,₹20.00,2,₹40.00,0.0,₹0.00,₹40.00,18.0,₹7.20,₹47.20,UPI,New Customer,Sunday,July
2026-07-12,INV-11038,Telmisartan 40mg,Tablet,Cardiac,₹4.20,1,₹4.20,0.0,₹0.00,₹4.20,5.0,₹0.21,₹4.41,UPI,Chronic,Sunday,July
2026-07-12,INV-11039,Atorvastatin 10mg,Tablet,Cardiac,₹3.20,1,₹3.20,0.0,₹0.00,₹3.20,12.0,₹0.38,₹3.58,UPI,Walk-in,Sunday,July
2026-07-12,INV-11040,Electral ORS,Sachet,Hydration,₹20.00,3,₹60.00,0.0,₹0.00,₹60.00,18.0,₹10.80,₹70.80,UPI,Walk-in,Sunday,July
2026-07-12,INV-11041,Dettol Antiseptic 100ml,Liquid,Antiseptic,₹75.00,5,₹375.00,5.0,₹18.75,₹356.25,5.0,₹17.81,₹374.06,UPI,Walk-in,Sunday,July
2026-07-12,INV-11042,Dettol Antiseptic 100ml,Liquid,Antiseptic,₹75.00,2,₹150.00,3.0,₹4.50,₹145.50,12.0,₹17.46,₹162.96,Cash,Walk-in,Sunday,July
2026-07-12,INV-11043,Pantoprazole 40mg,Tablet,Gastro,₹4.50,1,₹4.50,0.0,₹0.00,₹4.50,5.0,₹0.23,₹4.73,UPI,Walk-in,Sunday,July
2026-07-12,INV-11044,Meftal Spas,Tablet,Pain Relief,₹3.80,3,₹11.40,0.0,₹0.00,₹11.40,5.0,₹0.57,₹11.97,Card,Walk-in,Sunday,July
2026-07-12,INV-11045,ORS Orange,Sachet,Hydration,₹20.00,3,₹60.00,0.0,₹0.00,₹60.00,5.0,₹3.00,₹63.00,Cash,Chronic,Sunday,July
2026-07-12,INV-11046,Amoxicillin 500mg,Capsule,Antibiotic,₹8.50,1,₹8.50,0.0,₹0.00,₹8.50,5.0,₹0.42,₹8.92,UPI,Walk-in,Sunday,July
2026-07-12,INV-11047,ORS Lemon,Sachet,Hydration,₹22.00,3,₹66.00,3.0,₹1.98,₹64.02,5.0,₹3.20,₹67.22,Cash,Walk-in,Sunday,July
2026-07-12,INV-11048,Levocetirizine 5mg,Tablet,Allergy,₹2.20,1,₹2.20,0.0,₹0.00,₹2.20,5.0,₹0.11,₹2.31,UPI,Chronic,Sunday,July
2026-07-12,INV-11049,ORS Lemon,Sachet,Hydration,₹22.00,2,₹44.00,0.0,₹0.00,₹44.00,18.0,₹7.92,₹51.92,Cash,Regular,Sunday,July
2026-07-12,INV-11050,Azithromycin 500mg,Tablet,Antibiotic,₹12.50,2,₹25.00,2.0,₹0.50,₹24.50,12.0,₹2.94,₹27.44,UPI,Walk-in,Sunday,July
2026-07-12,INV-11051,Omeprazole 20mg,Capsule,Gastro,₹3.80,1,₹3.80,0.0,₹0.00,₹3.80,5.0,₹0.19,₹3.99,UPI,Chronic,Sunday,July
2026-07-12,INV-11052,Betadine 100ml,Solution,Antiseptic,₹85.00,2,₹170.00,3.0,₹5.10,₹164.90,5.0,₹8.24,₹173.14,UPI,Regular,Sunday,July
2026-07-13,INV-11053,Volini Gel 30g,Gel,Pain Relief,₹110.00,3,₹330.00,0.0,₹0.00,₹330.00,12.0,₹39.60,₹369.60,Cash,Walk-in,Monday,July
2026-07-13,INV-11054,Amlodipine 5mg,Tablet,Cardiac,₹1.80,2,₹3.60,0.0,₹0.00,₹3.60,12.0,₹0.43,₹4.03,Cash,Walk-in,Monday,July
2026-07-13,INV-11055,Cheston Cold,Tablet,Cough & Cold,₹4.00,2,₹8.00,0.0,₹0.00,₹8.00,12.0,₹0.96,₹8.96,Cash,Chronic,Monday,July
2026-07-13,INV-11056,Azithromycin 500mg,Tablet,Antibiotic,₹12.50,1,₹12.50,0.0,₹0.00,₹12.50,5.0,₹0.62,₹13.12,UPI,Chronic,Monday,July
2026-07-13,INV-11057,Pantoprazole 40mg,Tablet,Gastro,₹4.50,1,₹4.50,3.0,₹0.14,₹4.36,5.0,₹0.22,₹4.58,UPI,Walk-in,Monday,July
2026-07-13,INV-11058,Cough Syrup 100ml,Syrup,Cough & Cold,₹85.00,1,₹85.00,0.0,₹0.00,₹85.00,5.0,₹4.25,₹89.25,UPI,New Customer,Monday,July
2026-07-13,INV-11059,Calcium + D3,Tablet,Vitamins,₹6.00,2,₹12.00,0.0,₹0.00,₹12.00,5.0,₹0.60,₹12.60,Card,Chronic,Monday,July
2026-07-13,INV-11060,Vitamin C 500mg,Tablet,Vitamins,₹2.80,3,₹8.40,0.0,₹0.00,₹8.40,5.0,₹0.42,₹8.82,UPI,Walk-in,Monday,July
2026-07-13,INV-11061,Vicks Action 500,Tablet,Cough & Cold,₹5.00,1,₹5.00,3.0,₹0.15,₹4.85,5.0,₹0.24,₹5.09,UPI,New Customer,Monday,July
2026-07-13,INV-11062,Cheston Cold,Tablet,Cough & Cold,₹4.00,3,₹12.00,0.0,₹0.00,₹12.00,5.0,₹0.60,₹12.60,Cash,Walk-in,Monday,July
2026-07-13,INV-11063,Betadine 100ml,Solution,Antiseptic,₹85.00,3,₹255.00,0.0,₹0.00,₹255.00,5.0,₹12.75,₹267.75,UPI,Walk-in,Monday,July
2026-07-13,INV-11064,Multivitamin Syrup 200ml,Syrup,Vitamins,₹145.00,2,₹290.00,3.0,₹8.70,₹281.30,5.0,₹14.06,₹295.36,UPI,Walk-in,Monday,July
2026-07-13,INV-11065,Amlodipine 5mg,Tablet,Cardiac,₹1.80,1,₹1.80,5.0,₹0.09,₹1.71,12.0,₹0.21,₹1.92,UPI,Walk-in,Monday,July
2026-07-13,INV-11066,Electral ORS,Sachet,Hydration,₹20.00,1,₹20.00,5.0,₹1.00,₹19.00,5.0,₹0.95,₹19.95,Cash,Regular,Monday,July
2026-07-13,INV-11067,ORS Orange,Sachet,Hydration,₹20.00,3,₹60.00,2.0,₹1.20,₹58.80,18.0,₹10.58,₹69.38,UPI,Regular,Monday,July
2026-07-13,INV-11068,Dettol Antiseptic 100ml,Liquid,Antiseptic,₹75.00,1,₹75.00,0.0,₹0.00,₹75.00,5.0,₹3.75,₹78.75,Cash,New Customer,Monday,July
2026-07-13,INV-11069,Multivitamin Syrup 200ml,Syrup,Vitamins,₹145.00,3,₹435.00,0.0,₹0.00,₹435.00,5.0,₹21.75,₹456.75,Cash,Walk-in,Monday,July
2026-07-13,INV-11070,Pantoprazole 40mg,Tablet,Gastro,₹4.50,2,₹9.00,0.0,₹0.00,₹9.00,18.0,₹1.62,₹10.62,Cash,Chronic,Monday,July
2026-07-13,INV-11071,Dolo 650,Tablet,Pain Relief,₹3.20,2,₹6.40,0.0,₹0.00,₹6.40,12.0,₹0.77,₹7.17,Cash,Regular,Monday,July
2026-07-13,INV-11072,Digene Gel 200ml,Suspension,Gastro,₹125.00,1,₹125.00,0.0,₹0.00,₹125.00,5.0,₹6.25,₹131.25,UPI,Regular,Monday,July
2026-07-13,INV-11073,Metformin 500mg,Tablet,Diabetes,₹1.50,3,₹4.50,0.0,₹0.00,₹4.50,12.0,₹0.54,₹5.04,UPI,Chronic,Monday,July
2026-07-13,INV-11074,Omeprazole 20mg,Capsule,Gastro,₹3.80,2,₹7.60,3.0,₹0.23,₹7.37,5.0,₹0.37,₹7.74,UPI,Chronic,Monday,July
2026-07-13,INV-11075,Telmisartan 40mg,Tablet,Cardiac,₹4.20,5,₹21.00,3.0,₹0.63,₹20.37,12.0,₹2.44,₹22.81,Cash,New Customer,Monday,July
2026-07-13,INV-11076,Cough Syrup 100ml,Syrup,Cough & Cold,₹85.00,4,₹340.00,0.0,₹0.00,₹340.00,5.0,₹17.00,₹357.00,UPI,Chronic,Monday,July
2026-07-13,INV-11077,Pantoprazole 40mg,Tablet,Gastro,₹4.50,6,₹27.00,0.0,₹0.00,₹27.00,12.0,₹3.24,₹30.24,Cash,Regular,Monday,July
2026-07-13,INV-11078,Digene Gel 200ml,Suspension,Gastro,₹125.00,3,₹375.00,0.0,₹0.00,₹375.00,5.0,₹18.75,₹393.75,Card,Walk-in,Monday,July
2026-07-13,INV-11079,Telmisartan 40mg,Tablet,Cardiac,₹4.20,1,₹4.20,0.0,₹0.00,₹4.20,12.0,₹0.50,₹4.70,Card,Regular,Monday,July
2026-07-13,INV-11080,Amoxicillin 500mg,Capsule,Antibiotic,₹8.50,1,₹8.50,0.0,₹0.00,₹8.50,5.0,₹0.42,₹8.92,UPI,Walk-in,Monday,July
2026-07-13,INV-11081,Electral ORS,Sachet,Hydration,₹20.00,3,₹60.00,0.0,₹0.00,₹60.00,5.0,₹3.00,₹63.00,UPI,Walk-in,Monday,July
2026-07-14,INV-11082,Paracetamol 500mg,Tablet,Pain Relief,₹2.50,3,₹7.50,0.0,₹0.00,₹7.50,5.0,₹0.38,₹7.88,UPI,Regular,Tuesday,July
2026-07-14,INV-11083,Telmisartan 40mg,Tablet,Cardiac,₹4.20,2,₹8.40,3.0,₹0.25,₹8.15,5.0,₹0.41,₹8.56,UPI,Walk-in,Tuesday,July
2026-07-14,INV-11084,Amoxicillin 500mg,Capsule,Antibiotic,₹8.50,1,₹8.50,3.0,₹0.26,₹8.24,5.0,₹0.41,₹8.65,Cash,Regular,Tuesday,July
2026-07-14,INV-11085,B-Complex,Tablet,Vitamins,₹3.50,3,₹10.50,0.0,₹0.00,₹10.50,12.0,₹1.26,₹11.76,UPI,Walk-in,Tuesday,July
2026-07-14,INV-11086,Telmisartan 40mg,Tablet,Cardiac,₹4.20,1,₹4.20,0.0,₹0.00,₹4.20,18.0,₹0.76,₹4.96,Card,Walk-in,Tuesday,July
2026-07-14,INV-11087,Vitamin C 500mg,Tablet,Vitamins,₹2.80,2,₹5.60,0.0,₹0.00,₹5.60,12.0,₹0.67,₹6.27,UPI,Walk-in,Tuesday,July
2026-07-14,INV-11088,Glimepiride 1mg,Tablet,Diabetes,₹2.00,3,₹6.00,0.0,₹0.00,₹6.00,18.0,₹1.08,₹7.08,UPI,Chronic,Tuesday,July
2026-07-14,INV-11089,Digene Gel 200ml,Suspension,Gastro,₹125.00,2,₹250.00,5.0,₹12.50,₹237.50,12.0,₹28.50,₹266.00,UPI,Walk-in,Tuesday,July
2026-07-14,INV-11090,Digene Gel 200ml,Suspension,Gastro,₹125.00,2,₹250.00,0.0,₹0.00,₹250.00,12.0,₹30.00,₹280.00,UPI,Chronic,Tuesday,July
2026-07-14,INV-11091,Telmisartan 40mg,Tablet,Cardiac,₹4.20,2,₹8.40,0.0,₹0.00,₹8.40,5.0,₹0.42,₹8.82,UPI,Regular,Tuesday,July
2026-07-14,INV-11092,Crocin Advance,Tablet,Pain Relief,₹3.00,4,₹12.00,0.0,₹0.00,₹12.00,5.0,₹0.60,₹12.60,UPI,Walk-in,Tuesday,July
2026-07-14,INV-11093,Vitamin C 500mg,Tablet,Vitamins,₹2.80,6,₹16.80,0.0,₹0.00,₹16.80,5.0,₹0.84,₹17.64,Cash,Walk-in,Tuesday,July
2026-07-14,INV-11094,Multivitamin Syrup 200ml,Syrup,Vitamins,₹145.00,1,₹145.00,0.0,₹0.00,₹145.00,5.0,₹7.25,₹152.25,UPI,Regular,Tuesday,July
2026-07-14,INV-11095,Amoxicillin 500mg,Capsule,Antibiotic,₹8.50,2,₹17.00,5.0,₹0.85,₹16.15,5.0,₹0.81,₹16.96,UPI,Walk-in,Tuesday,July
2026-07-14,INV-11096,Dolo 650,Tablet,Pain Relief,₹3.20,2,₹6.40,2.0,₹0.13,₹6.27,5.0,₹0.31,₹6.58,Cash,Regular,Tuesday,July
2026-07-14,INV-11097,Vicks Action 500,Tablet,Cough & Cold,₹5.00,2,₹10.00,2.0,₹0.20,₹9.80,5.0,₹0.49,₹10.29,UPI,Regular,Tuesday,July
2026-07-14,INV-11098,Levocetirizine 5mg,Tablet,Allergy,₹2.20,3,₹6.60,0.0,₹0.00,₹6.60,18.0,₹1.19,₹7.79,UPI,Walk-in,Tuesday,July
2026-07-14,INV-11099,B-Complex,Tablet,Vitamins,₹3.50,2,₹7.00,0.0,₹0.00,₹7.00,5.0,₹0.35,₹7.35,Cash,New Customer,Tuesday,July
2026-07-14,INV-11100,Digene Gel 200ml,Suspension,Gastro,₹125.00,1,₹125.00,0.0,₹0.00,₹125.00,18.0,₹22.50,₹147.50,Cash,Walk-in,Tuesday,July
2026-07-14,INV-11101,Metformin 500mg,Tablet,Diabetes,₹1.50,6,₹9.00,0.0,₹0.00,₹9.00,5.0,₹0.45,₹9.45,Card,Regular,Tuesday,July
2026-07-14,INV-11102,Vicks Action 500,Tablet,Cough & Cold,₹5.00,3,₹15.00,0.0,₹0.00,₹15.00,12.0,₹1.80,₹16.80,Card,Walk-in,Tuesday,July
2026-07-14,INV-11103,Crocin Advance,Tablet,Pain Relief,₹3.00,1,₹3.00,0.0,₹0.00,₹3.00,12.0,₹0.36,₹3.36,Cash,New Customer,Tuesday,July
2026-07-14,INV-11104,Dettol Antiseptic 100ml,Liquid,Antiseptic,₹75.00,4,₹300.00,0.0,₹0.00,₹300.00,5.0,₹15.00,₹315.00,Cash,Walk-in,Tuesday,July
2026-07-14,INV-11105,Cheston Cold,Tablet,Cough & Cold,₹4.00,2,₹8.00,2.0,₹0.16,₹7.84,5.0,₹0.39,₹8.23,UPI,Walk-in,Tuesday,July
2026-07-14,INV-11106,Cough Syrup 100ml,Syrup,Cough & Cold,₹85.00,1,₹85.00,0.0,₹0.00,₹85.00,12.0,₹10.20,₹95.20,Card,Regular,Tuesday,July
2026-07-14,INV-11107,Amoxicillin 500mg,Capsule,Antibiotic,₹8.50,2,₹17.00,0.0,₹0.00,₹17.00,12.0,₹2.04,₹19.04,Cash,Chronic,Tuesday,July
2026-07-14,INV-11108,Ondansetron 4mg,Tablet,Gastro,₹2.50,1,₹2.50,0.0,₹0.00,₹2.50,18.0,₹0.45,₹2.95,UPI,Regular,Tuesday,July
2026-07-14,INV-11109,Pantoprazole 40mg,Tablet,Gastro,₹4.50,2,₹9.00,0.0,₹0.00,₹9.00,5.0,₹0.45,₹9.45,Cash,Walk-in,Tuesday,July
2026-07-15,INV-11110,Digene Gel 200ml,Suspension,Gastro,₹125.00,1,₹125.00,3.0,₹3.75,₹121.25,12.0,₹14.55,₹135.80,Cash,Chronic,Wednesday,July
2026-07-15,INV-11111,Cheston Cold,Tablet,Cough & Cold,₹4.00,2,₹8.00,0.0,₹0.00,₹8.00,5.0,₹0.40,₹8.40,UPI,Walk-in,Wednesday,July
2026-07-15,INV-11112,ORS Lemon,Sachet,Hydration,₹22.00,2,₹44.00,0.0,₹0.00,₹44.00,5.0,₹2.20,₹46.20,Cash,Walk-in,Wednesday,July
2026-07-15,INV-11113,Electral ORS,Sachet,Hydration,₹20.00,1,₹20.00,0.0,₹0.00,₹20.00,18.0,₹3.60,₹23.60,Cash,Walk-in,Wednesday,July
2026-07-15,INV-11114,Metformin 500mg,Tablet,Diabetes,₹1.50,1,₹1.50,0.0,₹0.00,₹1.50,5.0,₹0.07,₹1.57,Cash,New Customer,Wednesday,July
2026-07-15,INV-11115,Telmisartan 40mg,Tablet,Cardiac,₹4.20,6,₹25.20,0.0,₹0.00,₹25.20,5.0,₹1.26,₹26.46,Cash,Chronic,Wednesday,July
2026-07-15,INV-11116,Glimepiride 1mg,Tablet,Diabetes,₹2.00,1,₹2.00,2.0,₹0.04,₹1.96,5.0,₹0.10,₹2.06,Card,Walk-in,Wednesday,July
2026-07-15,INV-11117,Vicks Action 500,Tablet,Cough & Cold,₹5.00,4,₹20.00,0.0,₹0.00,₹20.00,5.0,₹1.00,₹21.00,Card,Regular,Wednesday,July
2026-07-15,INV-11118,Cheston Cold,Tablet,Cough & Cold,₹4.00,5,₹20.00,0.0,₹0.00,₹20.00,12.0,₹2.40,₹22.40,Cash,Regular,Wednesday,July
2026-07-15,INV-11119,Dettol Antiseptic 100ml,Liquid,Antiseptic,₹75.00,1,₹75.00,2.0,₹1.50,₹73.50,12.0,₹8.82,₹82.32,UPI,Walk-in,Wednesday,July
2026-07-15,INV-11120,Cough Syrup 100ml,Syrup,Cough & Cold,₹85.00,2,₹170.00,0.0,₹0.00,₹170.00,5.0,₹8.50,₹178.50,Cash,New Customer,Wednesday,July
2026-07-15,INV-11121,Vitamin C 500mg,Tablet,Vitamins,₹2.80,2,₹5.60,0.0,₹0.00,₹5.60,5.0,₹0.28,₹5.88,UPI,Walk-in,Wednesday,July
2026-07-15,INV-11122,Amlodipine 5mg,Tablet,Cardiac,₹1.80,2,₹3.60,5.0,₹0.18,₹3.42,5.0,₹0.17,₹3.59,Cash,Walk-in,Wednesday,July
2026-07-15,INV-11123,Meftal Spas,Tablet,Pain Relief,₹3.80,2,₹7.60,0.0,₹0.00,₹7.60,12.0,₹0.91,₹8.51,Cash,Walk-in,Wednesday,July
2026-07-15,INV-11124,B-Complex,Tablet,Vitamins,₹3.50,2,₹7.00,0.0,₹0.00,₹7.00,5.0,₹0.35,₹7.35,Cash,Walk-in,Wednesday,July
2026-07-15,INV-11125,Amoxicillin 500mg,Capsule,Antibiotic,₹8.50,1,₹8.50,0.0,₹0.00,₹8.50,5.0,₹0.42,₹8.92,Card,Walk-in,Wednesday,July
2026-07-15,INV-11126,Azithromycin 500mg,Tablet,Antibiotic,₹12.50,1,₹12.50,0.0,₹0.00,₹12.50,12.0,₹1.50,₹14.00,Cash,New Customer,Wednesday,July
2026-07-15,INV-11127,Dettol Antiseptic 100ml,Liquid,Antiseptic,₹75.00,8,₹600.00,3.0,₹18.00,₹582.00,5.0,₹29.10,₹611.10,UPI,Regular,Wednesday,July
2026-07-15,INV-11128,Calcium + D3,Tablet,Vitamins,₹6.00,2,₹12.00,3.0,₹0.36,₹11.64,5.0,₹0.58,₹12.22,Cash,Chronic,Wednesday,July
2026-07-15,INV-11129,Pantoprazole 40mg,Tablet,Gastro,₹4.50,5,₹22.50,3.0,₹0.68,₹21.82,5.0,₹1.09,₹22.91,UPI,Regular,Wednesday,July
2026-07-15,INV-11130,Omeprazole 20mg,Capsule,Gastro,₹3.80,4,₹15.20,5.0,₹0.76,₹14.44,12.0,₹1.73,₹16.17,UPI,Regular,Wednesday,July
2026-07-15,INV-11131,Digene Gel 200ml,Suspension,Gastro,₹125.00,4,₹500.00,0.0,₹0.00,₹500.00,5.0,₹25.00,₹525.00,UPI,Regular,Wednesday,July
2026-07-15,INV-11132,Telmisartan 40mg,Tablet,Cardiac,₹4.20,2,₹8.40,0.0,₹0.00,₹8.40,5.0,₹0.42,₹8.82,Cash,Walk-in,Wednesday,July
2026-07-15,INV-11133,Crocin Advance,Tablet,Pain Relief,₹3.00,1,₹3.00,0.0,₹0.00,₹3.00,12.0,₹0.36,₹3.36,UPI,New Customer,Wednesday,July
2026-07-15,INV-11134,Amoxicillin 500mg,Capsule,Antibiotic,₹8.50,8,₹68.00,0.0,₹0.00,₹68.00,12.0,₹8.16,₹76.16,Cash,Regular,Wednesday,July
2026-07-15,INV-11135,Cheston Cold,Tablet,Cough & Cold,₹4.00,2,₹8.00,0.0,₹0.00,₹8.00,12.0,₹0.96,₹8.96,UPI,Walk-in,Wednesday,July
2026-07-15,INV-11136,Volini Gel 30g,Gel,Pain Relief,₹110.00,1,₹110.00,0.0,₹0.00,₹110.00,5.0,₹5.50,₹115.50,UPI,Walk-in,Wednesday,July
2026-07-15,INV-11137,Amlodipine 5mg,Tablet,Cardiac,₹1.80,3,₹5.40,2.0,₹0.11,₹5.29,12.0,₹0.63,₹5.92,Card,Walk-in,Wednesday,July
2026-07-15,INV-11138,Paracetamol 500mg,Tablet,Pain Relief,₹2.50,2,₹5.00,0.0,₹0.00,₹5.00,5.0,₹0.25,₹5.25,Cash,Regular,Wednesday,July
2026-07-15,INV-11139,Pantoprazole 40mg,Tablet,Gastro,₹4.50,1,₹4.50,0.0,₹0.00,₹4.50,5.0,₹0.23,₹4.73,UPI,Walk-in,Wednesday,July
2026-07-15,INV-11140,Telmisartan 40mg,Tablet,Cardiac,₹4.20,2,₹8.40,0.0,₹0.00,₹8.40,12.0,₹1.01,₹9.41,UPI,Walk-in,Wednesday,July
2026-07-15,INV-11141,Atorvastatin 10mg,Tablet,Cardiac,₹3.20,4,₹12.80,0.0,₹0.00,₹12.80,5.0,₹0.64,₹13.44,Card,Walk-in,Wednesday,July
2026-07-15,INV-11142,Atorvastatin 10mg,Tablet,Cardiac,₹3.20,2,₹6.40,0.0,₹0.00,₹6.40,12.0,₹0.77,₹7.17,Cash,Walk-in,Wednesday,July
2026-07-15,INV-11143,Electral ORS,Sachet,Hydration,₹20.00,5,₹100.00,0.0,₹0.00,₹100.00,12.0,₹12.00,₹112.00,Cash,Regular,Wednesday,July
2026-07-16,INV-11144,Cough Syrup 100ml,Syrup,Cough & Cold,₹85.00,2,₹170.00,0.0,₹0.00,₹170.00,12.0,₹20.40,₹190.40,UPI,Walk-in,Thursday,July
2026-07-16,INV-11145,Glimepiride 1mg,Tablet,Diabetes,₹2.00,2,₹4.00,0.0,₹0.00,₹4.00,12.0,₹0.48,₹4.48,UPI,Chronic,Thursday,July
2026-07-16,INV-11146,Levocetirizine 5mg,Tablet,Allergy,₹2.20,2,₹4.40,3.0,₹0.13,₹4.27,5.0,₹0.21,₹4.48,Card,Walk-in,Thursday,July
2026-07-16,INV-11147,Vicks Action 500,Tablet,Cough & Cold,₹5.00,3,₹15.00,2.0,₹0.30,₹14.70,12.0,₹1.76,₹16.46,Card,Chronic,Thursday,July
2026-07-16,INV-11148,ORS Orange,Sachet,Hydration,₹20.00,2,₹40.00,0.0,₹0.00,₹40.00,12.0,₹4.80,₹44.80,Cash,Walk-in,Thursday,July
2026-07-16,INV-11149,Electral ORS,Sachet,Hydration,₹20.00,2,₹40.00,0.0,₹0.00,₹40.00,5.0,₹2.00,₹42.00,Cash,Regular,Thursday,July
2026-07-16,INV-11150,Ondansetron 4mg,Tablet,Gastro,₹2.50,2,₹5.00,2.0,₹0.10,₹4.90,5.0,₹0.24,₹5.14,UPI,New Customer,Thursday,July
2026-07-16,INV-11151,Paracetamol 500mg,Tablet,Pain Relief,₹2.50,2,₹5.00,0.0,₹0.00,₹5.00,12.0,₹0.60,₹5.60,UPI,Chronic,Thursday,July
2026-07-16,INV-11152,Volini Gel 30g,Gel,Pain Relief,₹110.00,5,₹550.00,0.0,₹0.00,₹550.00,18.0,₹99.00,₹649.00,Card,Walk-in,Thursday,July
2026-07-16,INV-11153,ORS Orange,Sachet,Hydration,₹20.00,2,₹40.00,0.0,₹0.00,₹40.00,5.0,₹2.00,₹42.00,UPI,New Customer,Thursday,July
2026-07-16,INV-11154,Betadine 100ml,Solution,Antiseptic,₹85.00,2,₹170.00,3.0,₹5.10,₹164.90,5.0,₹8.24,₹173.14,UPI,Walk-in,Thursday,July
2026-07-16,INV-11155,Levocetirizine 5mg,Tablet,Allergy,₹2.20,2,₹4.40,3.0,₹0.13,₹4.27,18.0,₹0.77,₹5.04,UPI,Regular,Thursday,July
2026-07-16,INV-11156,Vitamin C 500mg,Tablet,Vitamins,₹2.80,2,₹5.60,0.0,₹0.00,₹5.60,5.0,₹0.28,₹5.88,Cash,Walk-in,Thursday,July
2026-07-16,INV-11157,Levocetirizine 5mg,Tablet,Allergy,₹2.20,6,₹13.20,2.0,₹0.26,₹12.94,12.0,₹1.55,₹14.49,Cash,Regular,Thursday,July
2026-07-16,INV-11158,Betadine 100ml,Solution,Antiseptic,₹85.00,6,₹510.00,3.0,₹15.30,₹494.70,12.0,₹59.36,₹554.06,UPI,Chronic,Thursday,July
2026-07-16,INV-11159,Meftal Spas,Tablet,Pain Relief,₹3.80,2,₹7.60,0.0,₹0.00,₹7.60,5.0,₹0.38,₹7.98,Cash,Regular,Thursday,July
2026-07-16,INV-11160,Levocetirizine 5mg,Tablet,Allergy,₹2.20,1,₹2.20,0.0,₹0.00,₹2.20,5.0,₹0.11,₹2.31,Cash,Regular,Thursday,July
2026-07-16,INV-11161,ORS Lemon,Sachet,Hydration,₹22.00,6,₹132.00,0.0,₹0.00,₹132.00,12.0,₹15.84,₹147.84,Cash,Regular,Thursday,July
2026-07-16,INV-11162,Multivitamin Syrup 200ml,Syrup,Vitamins,₹145.00,8,"₹1,160.00",0.0,₹0.00,"₹1,160.00",5.0,₹58.00,"₹1,218.00",UPI,New Customer,Thursday,July
2026-07-16,INV-11163,Glimepiride 1mg,Tablet,Diabetes,₹2.00,3,₹6.00,0.0,₹0.00,₹6.00,5.0,₹0.30,₹6.30,Cash,Walk-in,Thursday,July
2026-07-16,INV-11164,Volini Gel 30g,Gel,Pain Relief,₹110.00,3,₹330.00,3.0,₹9.90,₹320.10,5.0,₹16.00,₹336.10,Cash,Chronic,Thursday,July
2026-07-16,INV-11165,Pantoprazole 40mg,Tablet,Gastro,₹4.50,2,₹9.00,0.0,₹0.00,₹9.00,12.0,₹1.08,₹10.08,Card,Chronic,Thursday,July
2026-07-16,INV-11166,Omeprazole 20mg,Capsule,Gastro,₹3.80,4,₹15.20,0.0,₹0.00,₹15.20,18.0,₹2.74,₹17.94,Card,Regular,Thursday,July
2026-07-16,INV-11167,Omeprazole 20mg,Capsule,Gastro,₹3.80,2,₹7.60,0.0,₹0.00,₹7.60,12.0,₹0.91,₹8.51,UPI,Walk-in,Thursday,July
2026-07-16,INV-11168,Dolo 650,Tablet,Pain Relief,₹3.20,2,₹6.40,0.0,₹0.00,₹6.40,5.0,₹0.32,₹6.72,Cash,Walk-in,Thursday,July
2026-07-16,INV-11169,B-Complex,Tablet,Vitamins,₹3.50,6,₹21.00,0.0,₹0.00,₹21.00,12.0,₹2.52,₹23.52,UPI,Regular,Thursday,July
2026-07-16,INV-11170,B-Complex,Tablet,Vitamins,₹3.50,1,₹3.50,0.0,₹0.00,₹3.50,5.0,₹0.17,₹3.67,Cash,New Customer,Thursday,July
2026-07-16,INV-11171,Meftal Spas,Tablet,Pain Relief,₹3.80,2,₹7.60,0.0,₹0.00,₹7.60,5.0,₹0.38,₹7.98,Cash,Chronic,Thursday,July
2026-07-16,INV-11172,Meftal Spas,Tablet,Pain Relief,₹3.80,1,₹3.80,0.0,₹0.00,₹3.80,12.0,₹0.46,₹4.26,Cash,Walk-in,Thursday,July
2026-07-16,INV-11173,Azithromycin 500mg,Tablet,Antibiotic,₹12.50,3,₹37.50,3.0,₹1.12,₹36.38,5.0,₹1.82,₹38.20,UPI,Regular,Thursday,July
2026-07-16,INV-11174,Digene Gel 200ml,Suspension,Gastro,₹125.00,4,₹500.00,2.0,₹10.00,₹490.00,5.0,₹24.50,₹514.50,UPI,Regular,Thursday,July
2026-07-17,INV-11175,Dolo 650,Tablet,Pain Relief,₹3.20,5,₹16.00,0.0,₹0.00,₹16.00,12.0,₹1.92,₹17.92,UPI,Walk-in,Friday,July
2026-07-17,INV-11176,Levocetirizine 5mg,Tablet,Allergy,₹2.20,6,₹13.20,0.0,₹0.00,₹13.20,12.0,₹1.58,₹14.78,UPI,Walk-in,Friday,July
2026-07-17,INV-11177,Metformin 500mg,Tablet,Diabetes,₹1.50,2,₹3.00,0.0,₹0.00,₹3.00,5.0,₹0.15,₹3.15,UPI,Walk-in,Friday,July
2026-07-17,INV-11178,Digene Gel 200ml,Suspension,Gastro,₹125.00,2,₹250.00,0.0,₹0.00,₹250.00,5.0,₹12.50,₹262.50,UPI,Regular,Friday,July
2026-07-17,INV-11179,Electral ORS,Sachet,Hydration,₹20.00,1,₹20.00,2.0,₹0.40,₹19.60,5.0,₹0.98,₹20.58,Card,Walk-in,Friday,July
2026-07-17,INV-11180,Dolo 650,Tablet,Pain Relief,₹3.20,1,₹3.20,0.0,₹0.00,₹3.20,12.0,₹0.38,₹3.58,Cash,Walk-in,Friday,July
2026-07-17,INV-11181,Levocetirizine 5mg,Tablet,Allergy,₹2.20,2,₹4.40,0.0,₹0.00,₹4.40,5.0,₹0.22,₹4.62,UPI,Regular,Friday,July
2026-07-17,INV-11182,Azithromycin 500mg,Tablet,Antibiotic,₹12.50,1,₹12.50,3.0,₹0.38,₹12.12,18.0,₹2.18,₹14.30,Cash,Regular,Friday,July
2026-07-17,INV-11183,Electral ORS,Sachet,Hydration,₹20.00,1,₹20.00,0.0,₹0.00,₹20.00,18.0,₹3.60,₹23.60,UPI,Chronic,Friday,July
2026-07-17,INV-11184,ORS Orange,Sachet,Hydration,₹20.00,3,₹60.00,0.0,₹0.00,₹60.00,5.0,₹3.00,₹63.00,UPI,Walk-in,Friday,July
2026-07-17,INV-11185,Dolo 650,Tablet,Pain Relief,₹3.20,1,₹3.20,0.0,₹0.00,₹3.20,5.0,₹0.16,₹3.36,UPI,Walk-in,Friday,July
2026-07-17,INV-11186,ORS Orange,Sachet,Hydration,₹20.00,2,₹40.00,3.0,₹1.20,₹38.80,5.0,₹1.94,₹40.74,UPI,Walk-in,Friday,July
2026-07-17,INV-11187,Glimepiride 1mg,Tablet,Diabetes,₹2.00,1,₹2.00,3.0,₹0.06,₹1.94,12.0,₹0.23,₹2.17,UPI,Regular,Friday,July
2026-07-17,INV-11188,Levocetirizine 5mg,Tablet,Allergy,₹2.20,2,₹4.40,2.0,₹0.09,₹4.31,5.0,₹0.22,₹4.53,UPI,Walk-in,Friday,July
2026-07-17,INV-11189,B-Complex,Tablet,Vitamins,₹3.50,2,₹7.00,3.0,₹0.21,₹6.79,12.0,₹0.81,₹7.60,Cash,Chronic,Friday,July
2026-07-17,INV-11190,Amoxicillin 500mg,Capsule,Antibiotic,₹8.50,1,₹8.50,0.0,₹0.00,₹8.50,5.0,₹0.42,₹8.92,Cash,Regular,Friday,July
2026-07-17,INV-11191,Atorvastatin 10mg,Tablet,Cardiac,₹3.20,2,₹6.40,0.0,₹0.00,₹6.40,5.0,₹0.32,₹6.72,UPI,Walk-in,Friday,July
2026-07-17,INV-11192,Cheston Cold,Tablet,Cough & Cold,₹4.00,2,₹8.00,0.0,₹0.00,₹8.00,12.0,₹0.96,₹8.96,UPI,Walk-in,Friday,July
2026-07-17,INV-11193,Vitamin C 500mg,Tablet,Vitamins,₹2.80,3,₹8.40,0.0,₹0.00,₹8.40,5.0,₹0.42,₹8.82,UPI,Walk-in,Friday,July
2026-07-17,INV-11194,Dettol Antiseptic 100ml,Liquid,Antiseptic,₹75.00,3,₹225.00,0.0,₹0.00,₹225.00,18.0,₹40.50,₹265.50,UPI,Walk-in,Friday,July
2026-07-17,INV-11195,Telmisartan 40mg,Tablet,Cardiac,₹4.20,2,₹8.40,0.0,₹0.00,₹8.40,12.0,₹1.01,₹9.41,UPI,Chronic,Friday,July
2026-07-17,INV-11196,Levocetirizine 5mg,Tablet,Allergy,₹2.20,2,₹4.40,3.0,₹0.13,₹4.27,18.0,₹0.77,₹5.04,Cash,Walk-in,Friday,July
2026-07-17,INV-11197,Cetirizine 10mg,Tablet,Allergy,₹1.80,5,₹9.00,0.0,₹0.00,₹9.00,18.0,₹1.62,₹10.62,UPI,Walk-in,Friday,July
2026-07-17,INV-11198,Pantoprazole 40mg,Tablet,Gastro,₹4.50,2,₹9.00,0.0,₹0.00,₹9.00,5.0,₹0.45,₹9.45,Cash,Walk-in,Friday,July
2026-07-17,INV-11199,B-Complex,Tablet,Vitamins,₹3.50,2,₹7.00,0.0,₹0.00,₹7.00,5.0,₹0.35,₹7.35,Cash,Regular,Friday,July
2026-07-17,INV-11200,Amoxicillin 500mg,Capsule,Antibiotic,₹8.50,2,₹17.00,0.0,₹0.00,₹17.00,5.0,₹0.85,₹17.85,Card,Chronic,Friday,July
2026-07-17,INV-11201,Dolo 650,Tablet,Pain Relief,₹3.20,3,₹9.60,0.0,₹0.00,₹9.60,12.0,₹1.15,₹10.75,Cash,Walk-in,Friday,July
2026-07-17,INV-11202,Omeprazole 20mg,Capsule,Gastro,₹3.80,1,₹3.80,0.0,₹0.00,₹3.80,12.0,₹0.46,₹4.26,Cash,Chronic,Friday,July
2026-07-17,INV-11203,Multivitamin Syrup 200ml,Syrup,Vitamins,₹145.00,1,₹145.00,0.0,₹0.00,₹145.00,5.0,₹7.25,₹152.25,UPI,Regular,Friday,July
2026-07-17,INV-11204,Electral ORS,Sachet,Hydration,₹20.00,4,₹80.00,0.0,₹0.00,₹80.00,5.0,₹4.00,₹84.00,UPI,Walk-in,Friday,July
2026-07-17,INV-11205,Ondansetron 4mg,Tablet,Gastro,₹2.50,2,₹5.00,0.0,₹0.00,₹5.00,5.0,₹0.25,₹5.25,Cash,Chronic,Friday,July
2026-07-17,INV-11206,Cetirizine 10mg,Tablet,Allergy,₹1.80,3,₹5.40,2.0,₹0.11,₹5.29,12.0,₹0.63,₹5.92,UPI,Regular,Friday,July
2026-07-17,INV-11207,ORS Orange,Sachet,Hydration,₹20.00,2,₹40.00,2.0,₹0.80,₹39.20,12.0,₹4.70,₹43.90,Cash,Regular,Friday,July
2026-07-17,INV-11208,Volini Gel 30g,Gel,Pain Relief,₹110.00,2,₹220.00,0.0,₹0.00,₹220.00,18.0,₹39.60,₹259.60,UPI,Chronic,Friday,July
2026-07-17,INV-11209,Levocetirizine 5mg,Tablet,Allergy,₹2.20,2,₹4.40,0.0,₹0.00,₹4.40,5.0,₹0.22,₹4.62,Card,Walk-in,Friday,July
2026-07-17,INV-11210,Digene Gel 200ml,Suspension,Gastro,₹125.00,3,₹375.00,2.0,₹7.50,₹367.50,5.0,₹18.38,₹385.88,UPI,Walk-in,Friday,July
2026-07-17,INV-11211,Levocetirizine 5mg,Tablet,Allergy,₹2.20,2,₹4.40,0.0,₹0.00,₹4.40,5.0,₹0.22,₹4.62,Cash,Chronic,Friday,July
2026-07-17,INV-11212,Telmisartan 40mg,Tablet,Cardiac,₹4.20,4,₹16.80,0.0,₹0.00,₹16.80,5.0,₹0.84,₹17.64,UPI,Walk-in,Friday,July
2026-07-17,INV-11213,Cetirizine 10mg,Tablet,Allergy,₹1.80,1,₹1.80,5.0,₹0.09,₹1.71,5.0,₹0.09,₹1.80,UPI,Walk-in,Friday,July
2026-07-17,INV-11214,Electral ORS,Sachet,Hydration,₹20.00,5,₹100.00,0.0,₹0.00,₹100.00,18.0,₹18.00,₹118.00,Cash,Regular,Friday,July
2026-07-18,INV-11215,ORS Orange,Sachet,Hydration,₹20.00,4,₹80.00,3.0,₹2.40,₹77.60,18.0,₹13.97,₹91.57,Card,Walk-in,Saturday,July
2026-07-18,INV-11216,Betadine 100ml,Solution,Antiseptic,₹85.00,2,₹170.00,0.0,₹0.00,₹170.00,5.0,₹8.50,₹178.50,Card,Regular,Saturday,July
2026-07-18,INV-11217,Ondansetron 4mg,Tablet,Gastro,₹2.50,2,₹5.00,0.0,₹0.00,₹5.00,18.0,₹0.90,₹5.90,UPI,Walk-in,Saturday,July
2026-07-18,INV-11218,Dolo 650,Tablet,Pain Relief,₹3.20,1,₹3.20,0.0,₹0.00,₹3.20,5.0,₹0.16,₹3.36,UPI,Regular,Saturday,July
2026-07-18,INV-11219,Glimepiride 1mg,Tablet,Diabetes,₹2.00,3,₹6.00,3.0,₹0.18,₹5.82,18.0,₹1.05,₹6.87,Card,Chronic,Saturday,July
2026-07-18,INV-11220,Paracetamol 500mg,Tablet,Pain Relief,₹2.50,2,₹5.00,2.0,₹0.10,₹4.90,5.0,₹0.24,₹5.14,Cash,Walk-in,Saturday,July
2026-07-18,INV-11221,Volini Gel 30g,Gel,Pain Relief,₹110.00,2,₹220.00,0.0,₹0.00,₹220.00,5.0,₹11.00,₹231.00,Card,Walk-in,Saturday,July
2026-07-18,INV-11222,Telmisartan 40mg,Tablet,Cardiac,₹4.20,2,₹8.40,0.0,₹0.00,₹8.40,5.0,₹0.42,₹8.82,Cash,Walk-in,Saturday,July
2026-07-18,INV-11223,Omeprazole 20mg,Capsule,Gastro,₹3.80,2,₹7.60,2.0,₹0.15,₹7.45,5.0,₹0.37,₹7.82,UPI,Walk-in,Saturday,July
2026-07-18,INV-11224,Dettol Antiseptic 100ml,Liquid,Antiseptic,₹75.00,2,₹150.00,2.0,₹3.00,₹147.00,12.0,₹17.64,₹164.64,Cash,Walk-in,Saturday,July
2026-07-18,INV-11225,Crocin Advance,Tablet,Pain Relief,₹3.00,2,₹6.00,0.0,₹0.00,₹6.00,18.0,₹1.08,₹7.08,Cash,New Customer,Saturday,July
2026-07-18,INV-11226,Digene Gel 200ml,Suspension,Gastro,₹125.00,3,₹375.00,0.0,₹0.00,₹375.00,18.0,₹67.50,₹442.50,UPI,New Customer,Saturday,July
2026-07-18,INV-11227,Levocetirizine 5mg,Tablet,Allergy,₹2.20,1,₹2.20,2.0,₹0.04,₹2.16,12.0,₹0.26,₹2.42,Cash,Walk-in,Saturday,July
2026-07-18,INV-11228,ORS Orange,Sachet,Hydration,₹20.00,2,₹40.00,3.0,₹1.20,₹38.80,18.0,₹6.98,₹45.78,Cash,Regular,Saturday,July
2026-07-18,INV-11229,ORS Lemon,Sachet,Hydration,₹22.00,5,₹110.00,0.0,₹0.00,₹110.00,5.0,₹5.50,₹115.50,UPI,Regular,Saturday,July
2026-07-18,INV-11230,Paracetamol 500mg,Tablet,Pain Relief,₹2.50,6,₹15.00,3.0,₹0.45,₹14.55,5.0,₹0.73,₹15.28,Cash,Walk-in,Saturday,July
2026-07-18,INV-11231,ORS Lemon,Sachet,Hydration,₹22.00,5,₹110.00,0.0,₹0.00,₹110.00,12.0,₹13.20,₹123.20,UPI,Walk-in,Saturday,July
2026-07-18,INV-11232,Cheston Cold,Tablet,Cough & Cold,₹4.00,1,₹4.00,0.0,₹0.00,₹4.00,12.0,₹0.48,₹4.48,Card,New Customer,Saturday,July
2026-07-18,INV-11233,Omeprazole 20mg,Capsule,Gastro,₹3.80,1,₹3.80,0.0,₹0.00,₹3.80,18.0,₹0.68,₹4.48,UPI,Walk-in,Saturday,July
2026-07-18,INV-11234,Dettol Antiseptic 100ml,Liquid,Antiseptic,₹75.00,3,₹225.00,0.0,₹0.00,₹225.00,5.0,₹11.25,₹236.25,Card,New Customer,Saturday,July
2026-07-18,INV-11235,Metformin 500mg,Tablet,Diabetes,₹1.50,2,₹3.00,0.0,₹0.00,₹3.00,12.0,₹0.36,₹3.36,UPI,Walk-in,Saturday,July
2026-07-18,INV-11236,Metformin 500mg,Tablet,Diabetes,₹1.50,6,₹9.00,0.0,₹0.00,₹9.00,5.0,₹0.45,₹9.45,Cash,Regular,Saturday,July
2026-07-18,INV-11237,Crocin Advance,Tablet,Pain Relief,₹3.00,4,₹12.00,0.0,₹0.00,₹12.00,12.0,₹1.44,₹13.44,Cash,Walk-in,Saturday,July
2026-07-18,INV-11238,Digene Gel 200ml,Suspension,Gastro,₹125.00,1,₹125.00,2.0,₹2.50,₹122.50,5.0,₹6.12,₹128.62,Cash,Walk-in,Saturday,July
2026-07-18,INV-11239,Amoxicillin 500mg,Capsule,Antibiotic,₹8.50,6,₹51.00,3.0,₹1.53,₹49.47,5.0,₹2.47,₹51.94,Cash,Walk-in,Saturday,July
2026-07-18,INV-11240,Omeprazole 20mg,Capsule,Gastro,₹3.80,2,₹7.60,0.0,₹0.00,₹7.60,5.0,₹0.38,₹7.98,Card,New Customer,Saturday,July
2026-07-18,INV-11241,Volini Gel 30g,Gel,Pain Relief,₹110.00,2,₹220.00,3.0,₹6.60,₹213.40,5.0,₹10.67,₹224.07,UPI,Walk-in,Saturday,July
2026-07-18,INV-11242,Vicks Action 500,Tablet,Cough & Cold,₹5.00,2,₹10.00,0.0,₹0.00,₹10.00,12.0,₹1.20,₹11.20,Cash,Walk-in,Saturday,July
2026-07-18,INV-11243,Omeprazole 20mg,Capsule,Gastro,₹3.80,1,₹3.80,0.0,₹0.00,₹3.80,18.0,₹0.68,₹4.48,Cash,Chronic,Saturday,July
2026-07-18,INV-11244,Meftal Spas,Tablet,Pain Relief,₹3.80,2,₹7.60,0.0,₹0.00,₹7.60,5.0,₹0.38,₹7.98,Card,Walk-in,Saturday,July
2026-07-18,INV-11245,Levocetirizine 5mg,Tablet,Allergy,₹2.20,1,₹2.20,0.0,₹0.00,₹2.20,12.0,₹0.26,₹2.46,UPI,New Customer,Saturday,July
2026-07-18,INV-11246,Ondansetron 4mg,Tablet,Gastro,₹2.50,2,₹5.00,3.0,₹0.15,₹4.85,12.0,₹0.58,₹5.43,Cash,Walk-in,Saturday,July
2026-07-18,INV-11247,Meftal Spas,Tablet,Pain Relief,₹3.80,3,₹11.40,0.0,₹0.00,₹11.40,12.0,₹1.37,₹12.77,UPI,Regular,Saturday,July
2026-07-18,INV-11248,Vitamin C 500mg,Tablet,Vitamins,₹2.80,3,₹8.40,0.0,₹0.00,₹8.40,5.0,₹0.42,₹8.82,Cash,Walk-in,Saturday,July
2026-07-18,INV-11249,Digene Gel 200ml,Suspension,Gastro,₹125.00,6,₹750.00,0.0,₹0.00,₹750.00,5.0,₹37.50,₹787.50,Cash,Chronic,Saturday,July
2026-07-18,INV-11250,Betadine 100ml,Solution,Antiseptic,₹85.00,2,₹170.00,2.0,₹3.40,₹166.60,5.0,₹8.33,₹174.93,UPI,Regular,Saturday,July
2026-07-18,INV-11251,Omeprazole 20mg,Capsule,Gastro,₹3.80,2,₹7.60,2.0,₹0.15,₹7.45,18.0,₹1.34,₹8.79,Cash,Walk-in,Saturday,July
2026-07-18,INV-11252,Cetirizine 10mg,Tablet,Allergy,₹1.80,1,₹1.80,2.0,₹0.04,₹1.76,5.0,₹0.09,₹1.85,UPI,Walk-in,Saturday,July
2026-07-18,INV-11253,Meftal Spas,Tablet,Pain Relief,₹3.80,4,₹15.20,0.0,₹0.00,₹15.20,12.0,₹1.82,₹17.02,UPI,Regular,Saturday,July
2026-07-18,INV-11254,Dolo 650,Tablet,Pain Relief,₹3.20,6,₹19.20,0.0,₹0.00,₹19.20,12.0,₹2.30,₹21.50,UPI,New Customer,Saturday,July
2026-07-18,INV-11255,Omeprazole 20mg,Capsule,Gastro,₹3.80,1,₹3.80,0.0,₹0.00,₹3.80,12.0,₹0.46,₹4.26,UPI,Walk-in,Saturday,July
2026-07-18,INV-11256,Dettol Antiseptic 100ml,Liquid,Antiseptic,₹75.00,2,₹150.00,0.0,₹0.00,₹150.00,5.0,₹7.50,₹157.50,UPI,Walk-in,Saturday,July
2026-07-18,INV-11257,ORS Orange,Sachet,Hydration,₹20.00,2,₹40.00,0.0,₹0.00,₹40.00,12.0,₹4.80,₹44.80,UPI,Chronic,Saturday,July
2026-07-18,INV-11258,Atorvastatin 10mg,Tablet,Cardiac,₹3.20,1,₹3.20,0.0,₹0.00,₹3.20,12.0,₹0.38,₹3.58,UPI,New Customer,Saturday,July
2026-07-18,INV-11259,Paracetamol 500mg,Tablet,Pain Relief,₹2.50,4,₹10.00,0.0,₹0.00,₹10.00,5.0,₹0.50,₹10.50,UPI,Walk-in,Saturday,July
2026-07-18,INV-11260,Telmisartan 40mg,Tablet,Cardiac,₹4.20,1,₹4.20,3.0,₹0.13,₹4.07,5.0,₹0.20,₹4.27,Cash,Walk-in,Saturday,July
2026-07-18,INV-11261,Dettol Antiseptic 100ml,Liquid,Antiseptic,₹75.00,5,₹375.00,0.0,₹0.00,₹375.00,5.0,₹18.75,₹393.75,UPI,New Customer,Saturday,July
2026-07-18,INV-11262,Cetirizine 10mg,Tablet,Allergy,₹1.80,3,₹5.40,0.0,₹0.00,₹5.40,12.0,₹0.65,₹6.05,Cash,Chronic,Saturday,July
2026-07-18,INV-11263,Amoxicillin 500mg,Capsule,Antibiotic,₹8.50,2,₹17.00,0.0,₹0.00,₹17.00,5.0,₹0.85,₹17.85,UPI,Walk-in,Saturday,July
2026-07-18,INV-11264,Dolo 650,Tablet,Pain Relief,₹3.20,1,₹3.20,0.0,₹0.00,₹3.20,5.0,₹0.16,₹3.36,UPI,Walk-in,Saturday,July
2026-07-19,INV-11265,Omeprazole 20mg,Capsule,Gastro,₹3.80,3,₹11.40,0.0,₹0.00,₹11.40,12.0,₹1.37,₹12.77,Card,Walk-in,Sunday,July
2026-07-19,INV-11266,B-Complex,Tablet,Vitamins,₹3.50,1,₹3.50,0.0,₹0.00,₹3.50,5.0,₹0.17,₹3.67,UPI,Chronic,Sunday,July
2026-07-19,INV-11267,Dettol Antiseptic 100ml,Liquid,Antiseptic,₹75.00,5,₹375.00,0.0,₹0.00,₹375.00,12.0,₹45.00,₹420.00,UPI,Walk-in,Sunday,July
2026-07-19,INV-11268,Betadine 100ml,Solution,Antiseptic,₹85.00,1,₹85.00,3.0,₹2.55,₹82.45,5.0,₹4.12,₹86.57,Card,New Customer,Sunday,July
2026-07-19,INV-11269,Telmisartan 40mg,Tablet,Cardiac,₹4.20,3,₹12.60,2.0,₹0.25,₹12.35,5.0,₹0.62,₹12.97,Cash,Regular,Sunday,July
2026-07-19,INV-11270,Cough Syrup 100ml,Syrup,Cough & Cold,₹85.00,2,₹170.00,0.0,₹0.00,₹170.00,5.0,₹8.50,₹178.50,Cash,Walk-in,Sunday,July
2026-07-19,INV-11271,Atorvastatin 10mg,Tablet,Cardiac,₹3.20,3,₹9.60,0.0,₹0.00,₹9.60,12.0,₹1.15,₹10.75,UPI,Walk-in,Sunday,July
2026-07-19,INV-11272,Cetirizine 10mg,Tablet,Allergy,₹1.80,3,₹5.40,0.0,₹0.00,₹5.40,12.0,₹0.65,₹6.05,UPI,Walk-in,Sunday,July
2026-07-19,INV-11273,Azithromycin 500mg,Tablet,Antibiotic,₹12.50,2,₹25.00,0.0,₹0.00,₹25.00,12.0,₹3.00,₹28.00,UPI,Walk-in,Sunday,July
2026-07-19,INV-11274,Paracetamol 500mg,Tablet,Pain Relief,₹2.50,3,₹7.50,0.0,₹0.00,₹7.50,18.0,₹1.35,₹8.85,Cash,Walk-in,Sunday,July
2026-07-19,INV-11275,Amlodipine 5mg,Tablet,Cardiac,₹1.80,3,₹5.40,0.0,₹0.00,₹5.40,12.0,₹0.65,₹6.05,UPI,Regular,Sunday,July
2026-07-19,INV-11276,Telmisartan 40mg,Tablet,Cardiac,₹4.20,1,₹4.20,0.0,₹0.00,₹4.20,5.0,₹0.21,₹4.41,Card,Walk-in,Sunday,July
2026-07-19,INV-11277,Omeprazole 20mg,Capsule,Gastro,₹3.80,6,₹22.80,0.0,₹0.00,₹22.80,5.0,₹1.14,₹23.94,Cash,Walk-in,Sunday,July
2026-07-19,INV-11278,B-Complex,Tablet,Vitamins,₹3.50,1,₹3.50,3.0,₹0.10,₹3.40,18.0,₹0.61,₹4.01,UPI,Regular,Sunday,July
2026-07-19,INV-11279,Pantoprazole 40mg,Tablet,Gastro,₹4.50,2,₹9.00,0.0,₹0.00,₹9.00,12.0,₹1.08,₹10.08,UPI,New Customer,Sunday,July
2026-07-19,INV-11280,Meftal Spas,Tablet,Pain Relief,₹3.80,1,₹3.80,0.0,₹0.00,₹3.80,5.0,₹0.19,₹3.99,UPI,New Customer,Sunday,July
2026-07-19,INV-11281,B-Complex,Tablet,Vitamins,₹3.50,2,₹7.00,3.0,₹0.21,₹6.79,5.0,₹0.34,₹7.13,UPI,Walk-in,Sunday,July
2026-07-19,INV-11282,Metformin 500mg,Tablet,Diabetes,₹1.50,1,₹1.50,0.0,₹0.00,₹1.50,5.0,₹0.07,₹1.57,Card,Walk-in,Sunday,July
2026-07-19,INV-11283,Electral ORS,Sachet,Hydration,₹20.00,3,₹60.00,0.0,₹0.00,₹60.00,18.0,₹10.80,₹70.80,UPI,Regular,Sunday,July
2026-07-19,INV-11284,Vitamin C 500mg,Tablet,Vitamins,₹2.80,3,₹8.40,0.0,₹0.00,₹8.40,5.0,₹0.42,₹8.82,Cash,New Customer,Sunday,July
2026-07-19,INV-11285,Calcium + D3,Tablet,Vitamins,₹6.00,3,₹18.00,0.0,₹0.00,₹18.00,12.0,₹2.16,₹20.16,Card,Regular,Sunday,July
2026-07-19,INV-11286,Azithromycin 500mg,Tablet,Antibiotic,₹12.50,1,₹12.50,0.0,₹0.00,₹12.50,5.0,₹0.62,₹13.12,UPI,Chronic,Sunday,July
2026-07-19,INV-11287,Paracetamol 500mg,Tablet,Pain Relief,₹2.50,6,₹15.00,3.0,₹0.45,₹14.55,5.0,₹0.73,₹15.28,Cash,Chronic,Sunday,July
2026-07-19,INV-11288,Ondansetron 4mg,Tablet,Gastro,₹2.50,2,₹5.00,0.0,₹0.00,₹5.00,5.0,₹0.25,₹5.25,UPI,Regular,Sunday,July
2026-07-19,INV-11289,Azithromycin 500mg,Tablet,Antibiotic,₹12.50,3,₹37.50,0.0,₹0.00,₹37.50,18.0,₹6.75,₹44.25,UPI,Walk-in,Sunday,July
2026-07-19,INV-11290,Telmisartan 40mg,Tablet,Cardiac,₹4.20,2,₹8.40,0.0,₹0.00,₹8.40,18.0,₹1.51,₹9.91,Cash,Walk-in,Sunday,July
2026-07-19,INV-11291,Omeprazole 20mg,Capsule,Gastro,₹3.80,2,₹7.60,0.0,₹0.00,₹7.60,18.0,₹1.37,₹8.97,Cash,Walk-in,Sunday,July
2026-07-19,INV-11292,ORS Lemon,Sachet,Hydration,₹22.00,3,₹66.00,0.0,₹0.00,₹66.00,5.0,₹3.30,₹69.30,UPI,Walk-in,Sunday,July
2026-07-19,INV-11293,Azithromycin 500mg,Tablet,Antibiotic,₹12.50,4,₹50.00,2.0,₹1.00,₹49.00,12.0,₹5.88,₹54.88,Cash,New Customer,Sunday,July
2026-07-19,INV-11294,Cough Syrup 100ml,Syrup,Cough & Cold,₹85.00,2,₹170.00,0.0,₹0.00,₹170.00,5.0,₹8.50,₹178.50,UPI,Regular,Sunday,July
2026-07-19,INV-11295,Multivitamin Syrup 200ml,Syrup,Vitamins,₹145.00,2,₹290.00,0.0,₹0.00,₹290.00,5.0,₹14.50,₹304.50,UPI,Regular,Sunday,July
2026-07-19,INV-11296,Omeprazole 20mg,Capsule,Gastro,₹3.80,3,₹11.40,3.0,₹0.34,₹11.06,5.0,₹0.55,₹11.61,Card,Walk-in,Sunday,July
2026-07-19,INV-11297,B-Complex,Tablet,Vitamins,₹3.50,2,₹7.00,0.0,₹0.00,₹7.00,5.0,₹0.35,₹7.35,Card,Walk-in,Sunday,July
2026-07-19,INV-11298,Vitamin C 500mg,Tablet,Vitamins,₹2.80,2,₹5.60,0.0,₹0.00,₹5.60,5.0,₹0.28,₹5.88,UPI,Walk-in,Sunday,July
2026-07-19,INV-11299,Electral ORS,Sachet,Hydration,₹20.00,1,₹20.00,0.0,₹0.00,₹20.00,12.0,₹2.40,₹22.40,Cash,Regular,Sunday,July
2026-07-19,INV-11300,Vitamin C 500mg,Tablet,Vitamins,₹2.80,3,₹8.40,3.0,₹0.25,₹8.15,5.0,₹0.41,₹8.56,Card,New Customer,Sunday,July
2026-07-19,INV-11301,Multivitamin Syrup 200ml,Syrup,Vitamins,₹145.00,1,₹145.00,0.0,₹0.00,₹145.00,18.0,₹26.10,₹171.10,Card,New Customer,Sunday,July
2026-07-19,INV-11302,Amlodipine 5mg,Tablet,Cardiac,₹1.80,1,₹1.80,3.0,₹0.05,₹1.75,5.0,₹0.09,₹1.84,UPI,Walk-in,Sunday,July
2026-07-19,INV-11303,Multivitamin Syrup 200ml,Syrup,Vitamins,₹145.00,1,₹145.00,0.0,₹0.00,₹145.00,12.0,₹17.40,₹162.40,UPI,Walk-in,Sunday,July
2026-07-19,INV-11304,Vitamin C 500mg,Tablet,Vitamins,₹2.80,4,₹11.20,0.0,₹0.00,₹11.20,18.0,₹2.02,₹13.22,UPI,Chronic,Sunday,July
2026-07-19,INV-11305,Glimepiride 1mg,Tablet,Diabetes,₹2.00,1,₹2.00,0.0,₹0.00,₹2.00,12.0,₹0.24,₹2.24,Cash,Walk-in,Sunday,July
2026-07-19,INV-11306,Amoxicillin 500mg,Capsule,Antibiotic,₹8.50,4,₹34.00,0.0,₹0.00,₹34.00,18.0,₹6.12,₹40.12,UPI,Chronic,Sunday,July
2026-07-19,INV-11307,Cough Syrup 100ml,Syrup,Cough & Cold,₹85.00,1,₹85.00,3.0,₹2.55,₹82.45,5.0,₹4.12,₹86.57,UPI,Regular,Sunday,July
2026-07-19,INV-11308,Digene Gel 200ml,Suspension,Gastro,₹125.00,1,₹125.00,0.0,₹0.00,₹125.00,5.0,₹6.25,₹131.25,UPI,Walk-in,Sunday,July
2026-07-19,INV-11309,Vitamin C 500mg,Tablet,Vitamins,₹2.80,3,₹8.40,0.0,₹0.00,₹8.40,5.0,₹0.42,₹8.82,UPI,Walk-in,Sunday,July
2026-07-19,INV-11310,Cheston Cold,Tablet,Cough & Cold,₹4.00,2,₹8.00,0.0,₹0.00,₹8.00,18.0,₹1.44,₹9.44,UPI,Walk-in,Sunday,July
2026-07-19,INV-11311,Digene Gel 200ml,Suspension,Gastro,₹125.00,3,₹375.00,0.0,₹0.00,₹375.00,5.0,₹18.75,₹393.75,UPI,Chronic,Sunday,July
2026-07-19,INV-11312,Electral ORS,Sachet,Hydration,₹20.00,1,₹20.00,2.0,₹0.40,₹19.60,5.0,₹0.98,₹20.58,UPI,Regular,Sunday,July
2026-07-20,INV-11313,Amoxicillin 500mg,Capsule,Antibiotic,₹8.50,3,₹25.50,0.0,₹0.00,₹25.50,18.0,₹4.59,₹30.09,UPI,Walk-in,Monday,July
2026-07-20,INV-11314,Omeprazole 20mg,Capsule,Gastro,₹3.80,1,₹3.80,3.0,₹0.11,₹3.69,12.0,₹0.44,₹4.13,UPI,Walk-in,Monday,July
2026-07-20,INV-11315,Multivitamin Syrup 200ml,Syrup,Vitamins,₹145.00,1,₹145.00,5.0,₹7.25,₹137.75,5.0,₹6.89,₹144.64,UPI,Walk-in,Monday,July
2026-07-20,INV-11316,Digene Gel 200ml,Suspension,Gastro,₹125.00,1,₹125.00,5.0,₹6.25,₹118.75,5.0,₹5.94,₹124.69,Cash,Regular,Monday,July
2026-07-20,INV-11317,Atorvastatin 10mg,Tablet,Cardiac,₹3.20,6,₹19.20,0.0,₹0.00,₹19.20,12.0,₹2.30,₹21.50,UPI,Walk-in,Monday,July
2026-07-20,INV-11318,Glimepiride 1mg,Tablet,Diabetes,₹2.00,1,₹2.00,0.0,₹0.00,₹2.00,5.0,₹0.10,₹2.10,Cash,Regular,Monday,July
2026-07-20,INV-11319,Pantoprazole 40mg,Tablet,Gastro,₹4.50,2,₹9.00,0.0,₹0.00,₹9.00,5.0,₹0.45,₹9.45,UPI,New Customer,Monday,July
2026-07-20,INV-11320,Atorvastatin 10mg,Tablet,Cardiac,₹3.20,2,₹6.40,0.0,₹0.00,₹6.40,12.0,₹0.77,₹7.17,Cash,Walk-in,Monday,July
2026-07-20,INV-11321,Metformin 500mg,Tablet,Diabetes,₹1.50,2,₹3.00,3.0,₹0.09,₹2.91,5.0,₹0.15,₹3.06,UPI,Regular,Monday,July
2026-07-20,INV-11322,Ondansetron 4mg,Tablet,Gastro,₹2.50,2,₹5.00,0.0,₹0.00,₹5.00,12.0,₹0.60,₹5.60,UPI,Walk-in,Monday,July
2026-07-20,INV-11323,Paracetamol 500mg,Tablet,Pain Relief,₹2.50,6,₹15.00,0.0,₹0.00,₹15.00,5.0,₹0.75,₹15.75,Cash,Walk-in,Monday,July
2026-07-20,INV-11324,Vitamin C 500mg,Tablet,Vitamins,₹2.80,1,₹2.80,2.0,₹0.06,₹2.74,5.0,₹0.14,₹2.88,Card,New Customer,Monday,July
2026-07-20,INV-11325,Amoxicillin 500mg,Capsule,Antibiotic,₹8.50,4,₹34.00,0.0,₹0.00,₹34.00,12.0,₹4.08,₹38.08,UPI,Regular,Monday,July
2026-07-20,INV-11326,Ondansetron 4mg,Tablet,Gastro,₹2.50,2,₹5.00,0.0,₹0.00,₹5.00,5.0,₹0.25,₹5.25,UPI,Regular,Monday,July
2026-07-20,INV-11327,Cetirizine 10mg,Tablet,Allergy,₹1.80,5,₹9.00,0.0,₹0.00,₹9.00,12.0,₹1.08,₹10.08,UPI,Walk-in,Monday,July
2026-07-20,INV-11328,Digene Gel 200ml,Suspension,Gastro,₹125.00,1,₹125.00,0.0,₹0.00,₹125.00,12.0,₹15.00,₹140.00,UPI,Walk-in,Monday,July
2026-07-20,INV-11329,Paracetamol 500mg,Tablet,Pain Relief,₹2.50,1,₹2.50,0.0,₹0.00,₹2.50,12.0,₹0.30,₹2.80,Cash,New Customer,Monday,July
2026-07-20,INV-11330,Digene Gel 200ml,Suspension,Gastro,₹125.00,3,₹375.00,0.0,₹0.00,₹375.00,5.0,₹18.75,₹393.75,Cash,New Customer,Monday,July
2026-07-20,INV-11331,Paracetamol 500mg,Tablet,Pain Relief,₹2.50,2,₹5.00,0.0,₹0.00,₹5.00,5.0,₹0.25,₹5.25,Cash,Chronic,Monday,July
2026-07-20,INV-11332,ORS Lemon,Sachet,Hydration,₹22.00,1,₹22.00,0.0,₹0.00,₹22.00,12.0,₹2.64,₹24.64,Cash,Chronic,Monday,July
2026-07-20,INV-11333,ORS Lemon,Sachet,Hydration,₹22.00,1,₹22.00,0.0,₹0.00,₹22.00,5.0,₹1.10,₹23.10,UPI,Regular,Monday,July
2026-07-20,INV-11334,Crocin Advance,Tablet,Pain Relief,₹3.00,2,₹6.00,0.0,₹0.00,₹6.00,5.0,₹0.30,₹6.30,UPI,New Customer,Monday,July
2026-07-20,INV-11335,Atorvastatin 10mg,Tablet,Cardiac,₹3.20,2,₹6.40,0.0,₹0.00,₹6.40,12.0,₹0.77,₹7.17,UPI,Walk-in,Monday,July
2026-07-20,INV-11336,Telmisartan 40mg,Tablet,Cardiac,₹4.20,2,₹8.40,0.0,₹0.00,₹8.40,5.0,₹0.42,₹8.82,Cash,Walk-in,Monday,July
2026-07-20,INV-11337,Dettol Antiseptic 100ml,Liquid,Antiseptic,₹75.00,3,₹225.00,0.0,₹0.00,₹225.00,5.0,₹11.25,₹236.25,UPI,Walk-in,Monday,July
2026-07-20,INV-11338,Electral ORS,Sachet,Hydration,₹20.00,2,₹40.00,0.0,₹0.00,₹40.00,12.0,₹4.80,₹44.80,Cash,Walk-in,Monday,July
2026-07-20,INV-11339,ORS Orange,Sachet,Hydration,₹20.00,3,₹60.00,0.0,₹0.00,₹60.00,5.0,₹3.00,₹63.00,UPI,Walk-in,Monday,July
2026-07-20,INV-11340,Amlodipine 5mg,Tablet,Cardiac,₹1.80,1,₹1.80,3.0,₹0.05,₹1.75,5.0,₹0.09,₹1.84,Cash,Walk-in,Monday,July
2026-07-21,INV-11341,Atorvastatin 10mg,Tablet,Cardiac,₹3.20,6,₹19.20,0.0,₹0.00,₹19.20,12.0,₹2.30,₹21.50,Card,Chronic,Tuesday,July
2026-07-21,INV-11342,Calcium + D3,Tablet,Vitamins,₹6.00,1,₹6.00,3.0,₹0.18,₹5.82,12.0,₹0.70,₹6.52,UPI,Chronic,Tuesday,July
2026-07-21,INV-11343,Amlodipine 5mg,Tablet,Cardiac,₹1.80,4,₹7.20,0.0,₹0.00,₹7.20,5.0,₹0.36,₹7.56,Cash,Walk-in,Tuesday,July
2026-07-21,INV-11344,Betadine 100ml,Solution,Antiseptic,₹85.00,1,₹85.00,0.0,₹0.00,₹85.00,5.0,₹4.25,₹89.25,UPI,Chronic,Tuesday,July
2026-07-21,INV-11345,Paracetamol 500mg,Tablet,Pain Relief,₹2.50,2,₹5.00,0.0,₹0.00,₹5.00,12.0,₹0.60,₹5.60,Cash,Walk-in,Tuesday,July
2026-07-21,INV-11346,Vicks Action 500,Tablet,Cough & Cold,₹5.00,1,₹5.00,0.0,₹0.00,₹5.00,12.0,₹0.60,₹5.60,Cash,Chronic,Tuesday,July
2026-07-21,INV-11347,Glimepiride 1mg,Tablet,Diabetes,₹2.00,6,₹12.00,3.0,₹0.36,₹11.64,12.0,₹1.40,₹13.04,Card,Chronic,Tuesday,July
2026-07-21,INV-11348,Crocin Advance,Tablet,Pain Relief,₹3.00,1,₹3.00,0.0,₹0.00,₹3.00,5.0,₹0.15,₹3.15,Cash,Regular,Tuesday,July
2026-07-21,INV-11349,Meftal Spas,Tablet,Pain Relief,₹3.80,4,₹15.20,5.0,₹0.76,₹14.44,18.0,₹2.60,₹17.04,UPI,Regular,Tuesday,July
2026-07-21,INV-11350,Cheston Cold,Tablet,Cough & Cold,₹4.00,1,₹4.00,2.0,₹0.08,₹3.92,5.0,₹0.20,₹4.12,Cash,Regular,Tuesday,July
2026-07-21,INV-11351,Omeprazole 20mg,Capsule,Gastro,₹3.80,5,₹19.00,0.0,₹0.00,₹19.00,5.0,₹0.95,₹19.95,Cash,Walk-in,Tuesday,July
2026-07-21,INV-11352,Meftal Spas,Tablet,Pain Relief,₹3.80,6,₹22.80,2.0,₹0.46,₹22.34,5.0,₹1.12,₹23.46,UPI,Walk-in,Tuesday,July
2026-07-21,INV-11353,Azithromycin 500mg,Tablet,Antibiotic,₹12.50,3,₹37.50,2.0,₹0.75,₹36.75,12.0,₹4.41,₹41.16,UPI,Regular,Tuesday,July
2026-07-21,INV-11354,Cheston Cold,Tablet,Cough & Cold,₹4.00,6,₹24.00,3.0,₹0.72,₹23.28,5.0,₹1.16,₹24.44,UPI,Regular,Tuesday,July
2026-07-21,INV-11355,Amoxicillin 500mg,Capsule,Antibiotic,₹8.50,4,₹34.00,0.0,₹0.00,₹34.00,12.0,₹4.08,₹38.08,Cash,Walk-in,Tuesday,July
2026-07-21,INV-11356,Electral ORS,Sachet,Hydration,₹20.00,1,₹20.00,0.0,₹0.00,₹20.00,5.0,₹1.00,₹21.00,UPI,Walk-in,Tuesday,July
2026-07-21,INV-11357,Cheston Cold,Tablet,Cough & Cold,₹4.00,4,₹16.00,2.0,₹0.32,₹15.68,12.0,₹1.88,₹17.56,Cash,Chronic,Tuesday,July
2026-07-21,INV-11358,Volini Gel 30g,Gel,Pain Relief,₹110.00,2,₹220.00,0.0,₹0.00,₹220.00,5.0,₹11.00,₹231.00,Card,Walk-in,Tuesday,July
2026-07-21,INV-11359,Omeprazole 20mg,Capsule,Gastro,₹3.80,6,₹22.80,0.0,₹0.00,₹22.80,5.0,₹1.14,₹23.94,Cash,Regular,Tuesday,July
2026-07-21,INV-11360,Volini Gel 30g,Gel,Pain Relief,₹110.00,4,₹440.00,0.0,₹0.00,₹440.00,5.0,₹22.00,₹462.00,Cash,Regular,Tuesday,July
2026-07-21,INV-11361,Crocin Advance,Tablet,Pain Relief,₹3.00,1,₹3.00,0.0,₹0.00,₹3.00,12.0,₹0.36,₹3.36,UPI,Walk-in,Tuesday,July
2026-07-21,INV-11362,Cetirizine 10mg,Tablet,Allergy,₹1.80,2,₹3.60,0.0,₹0.00,₹3.60,12.0,₹0.43,₹4.03,UPI,Walk-in,Tuesday,July
2026-07-21,INV-11363,Ondansetron 4mg,Tablet,Gastro,₹2.50,1,₹2.50,0.0,₹0.00,₹2.50,12.0,₹0.30,₹2.80,Cash,New Customer,Tuesday,July
2026-07-21,INV-11364,Electral ORS,Sachet,Hydration,₹20.00,3,₹60.00,0.0,₹0.00,₹60.00,18.0,₹10.80,₹70.80,UPI,Walk-in,Tuesday,July
2026-07-21,INV-11365,Omeprazole 20mg,Capsule,Gastro,₹3.80,2,₹7.60,0.0,₹0.00,₹7.60,12.0,₹0.91,₹8.51,UPI,Walk-in,Tuesday,July
2026-07-21,INV-11366,ORS Orange,Sachet,Hydration,₹20.00,3,₹60.00,0.0,₹0.00,₹60.00,5.0,₹3.00,₹63.00,UPI,Walk-in,Tuesday,July
2026-07-21,INV-11367,Metformin 500mg,Tablet,Diabetes,₹1.50,4,₹6.00,0.0,₹0.00,₹6.00,5.0,₹0.30,₹6.30,UPI,New Customer,Tuesday,July
2026-07-21,INV-11368,Meftal Spas,Tablet,Pain Relief,₹3.80,4,₹15.20,5.0,₹0.76,₹14.44,5.0,₹0.72,₹15.16,Card,Chronic,Tuesday,July
2026-07-21,INV-11369,Dettol Antiseptic 100ml,Liquid,Antiseptic,₹75.00,1,₹75.00,0.0,₹0.00,₹75.00,12.0,₹9.00,₹84.00,Cash,Walk-in,Tuesday,July
2026-07-21,INV-11370,Crocin Advance,Tablet,Pain Relief,₹3.00,2,₹6.00,3.0,₹0.18,₹5.82,12.0,₹0.70,₹6.52,UPI,Chronic,Tuesday,July
2026-07-21,INV-11371,Paracetamol 500mg,Tablet,Pain Relief,₹2.50,5,₹12.50,2.0,₹0.25,₹12.25,18.0,₹2.21,₹14.46,UPI,Walk-in,Tuesday,July
2026-07-22,INV-11372,Vicks Action 500,Tablet,Cough & Cold,₹5.00,1,₹5.00,0.0,₹0.00,₹5.00,18.0,₹0.90,₹5.90,Card,Chronic,Wednesday,July
2026-07-22,INV-11373,Betadine 100ml,Solution,Antiseptic,₹85.00,5,₹425.00,0.0,₹0.00,₹425.00,18.0,₹76.50,₹501.50,Cash,Regular,Wednesday,July
2026-07-22,INV-11374,Glimepiride 1mg,Tablet,Diabetes,₹2.00,6,₹12.00,0.0,₹0.00,₹12.00,12.0,₹1.44,₹13.44,UPI,Walk-in,Wednesday,July
2026-07-22,INV-11375,Cough Syrup 100ml,Syrup,Cough & Cold,₹85.00,3,₹255.00,0.0,₹0.00,₹255.00,12.0,₹30.60,₹285.60,UPI,Regular,Wednesday,July
2026-07-22,INV-11376,ORS Orange,Sachet,Hydration,₹20.00,1,₹20.00,3.0,₹0.60,₹19.40,12.0,₹2.33,₹21.73,UPI,Chronic,Wednesday,July
2026-07-22,INV-11377,Glimepiride 1mg,Tablet,Diabetes,₹2.00,1,₹2.00,0.0,₹0.00,₹2.00,12.0,₹0.24,₹2.24,UPI,Walk-in,Wednesday,July
2026-07-22,INV-11378,Vitamin C 500mg,Tablet,Vitamins,₹2.80,3,₹8.40,2.0,₹0.17,₹8.23,12.0,₹0.99,₹9.22,Cash,Walk-in,Wednesday,July
2026-07-22,INV-11379,Atorvastatin 10mg,Tablet,Cardiac,₹3.20,1,₹3.20,0.0,₹0.00,₹3.20,12.0,₹0.38,₹3.58,UPI,Walk-in,Wednesday,July
2026-07-22,INV-11380,Amoxicillin 500mg,Capsule,Antibiotic,₹8.50,1,₹8.50,0.0,₹0.00,₹8.50,5.0,₹0.42,₹8.92,Card,New Customer,Wednesday,July
2026-07-22,INV-11381,Betadine 100ml,Solution,Antiseptic,₹85.00,5,₹425.00,0.0,₹0.00,₹425.00,18.0,₹76.50,₹501.50,Cash,Walk-in,Wednesday,July
2026-07-22,INV-11382,Digene Gel 200ml,Suspension,Gastro,₹125.00,1,₹125.00,0.0,₹0.00,₹125.00,5.0,₹6.25,₹131.25,UPI,Regular,Wednesday,July
2026-07-22,INV-11383,B-Complex,Tablet,Vitamins,₹3.50,1,₹3.50,0.0,₹0.00,₹3.50,12.0,₹0.42,₹3.92,UPI,Regular,Wednesday,July
2026-07-22,INV-11384,Pantoprazole 40mg,Tablet,Gastro,₹4.50,3,₹13.50,0.0,₹0.00,₹13.50,5.0,₹0.68,₹14.18,Card,Regular,Wednesday,July
2026-07-22,INV-11385,Ondansetron 4mg,Tablet,Gastro,₹2.50,2,₹5.00,2.0,₹0.10,₹4.90,12.0,₹0.59,₹5.49,Card,Walk-in,Wednesday,July
2026-07-22,INV-11386,Amoxicillin 500mg,Capsule,Antibiotic,₹8.50,1,₹8.50,0.0,₹0.00,₹8.50,12.0,₹1.02,₹9.52,UPI,Regular,Wednesday,July
2026-07-22,INV-11387,Vitamin C 500mg,Tablet,Vitamins,₹2.80,2,₹5.60,0.0,₹0.00,₹5.60,5.0,₹0.28,₹5.88,UPI,Walk-in,Wednesday,July
2026-07-22,INV-11388,Omeprazole 20mg,Capsule,Gastro,₹3.80,2,₹7.60,0.0,₹0.00,₹7.60,5.0,₹0.38,₹7.98,Cash,Regular,Wednesday,July
2026-07-22,INV-11389,Crocin Advance,Tablet,Pain Relief,₹3.00,1,₹3.00,0.0,₹0.00,₹3.00,5.0,₹0.15,₹3.15,Cash,Regular,Wednesday,July
2026-07-22,INV-11390,Crocin Advance,Tablet,Pain Relief,₹3.00,2,₹6.00,0.0,₹0.00,₹6.00,18.0,₹1.08,₹7.08,Cash,Regular,Wednesday,July
2026-07-22,INV-11391,Paracetamol 500mg,Tablet,Pain Relief,₹2.50,1,₹2.50,0.0,₹0.00,₹2.50,12.0,₹0.30,₹2.80,UPI,Walk-in,Wednesday,July
2026-07-22,INV-11392,Digene Gel 200ml,Suspension,Gastro,₹125.00,1,₹125.00,5.0,₹6.25,₹118.75,18.0,₹21.38,₹140.13,UPI,Walk-in,Wednesday,July
2026-07-22,INV-11393,Vicks Action 500,Tablet,Cough & Cold,₹5.00,2,₹10.00,0.0,₹0.00,₹10.00,5.0,₹0.50,₹10.50,UPI,Regular,Wednesday,July
2026-07-22,INV-11394,Amlodipine 5mg,Tablet,Cardiac,₹1.80,3,₹5.40,0.0,₹0.00,₹5.40,5.0,₹0.27,₹5.67,UPI,New Customer,Wednesday,July
2026-07-22,INV-11395,Ondansetron 4mg,Tablet,Gastro,₹2.50,2,₹5.00,0.0,₹0.00,₹5.00,5.0,₹0.25,₹5.25,Cash,New Customer,Wednesday,July
2026-07-22,INV-11396,Vitamin C 500mg,Tablet,Vitamins,₹2.80,2,₹5.60,2.0,₹0.11,₹5.49,12.0,₹0.66,₹6.15,Card,Regular,Wednesday,July
2026-07-22,INV-11397,Omeprazole 20mg,Capsule,Gastro,₹3.80,3,₹11.40,5.0,₹0.57,₹10.83,5.0,₹0.54,₹11.37,UPI,Regular,Wednesday,July
2026-07-22,INV-11398,Omeprazole 20mg,Capsule,Gastro,₹3.80,1,₹3.80,0.0,₹0.00,₹3.80,18.0,₹0.68,₹4.48,Card,Chronic,Wednesday,July
2026-07-22,INV-11399,Amlodipine 5mg,Tablet,Cardiac,₹1.80,2,₹3.60,2.0,₹0.07,₹3.53,5.0,₹0.18,₹3.71,UPI,Regular,Wednesday,July
2026-07-22,INV-11400,Amlodipine 5mg,Tablet,Cardiac,₹1.80,2,₹3.60,3.0,₹0.11,₹3.49,5.0,₹0.17,₹3.66,Cash,New Customer,Wednesday,July
2026-07-22,INV-11401,ORS Orange,Sachet,Hydration,₹20.00,3,₹60.00,0.0,₹0.00,₹60.00,18.0,₹10.80,₹70.80,UPI,Walk-in,Wednesday,July
2026-07-22,INV-11402,Levocetirizine 5mg,Tablet,Allergy,₹2.20,3,₹6.60,0.0,₹0.00,₹6.60,5.0,₹0.33,₹6.93,UPI,Walk-in,Wednesday,July
2026-07-22,INV-11403,Betadine 100ml,Solution,Antiseptic,₹85.00,2,₹170.00,3.0,₹5.10,₹164.90,5.0,₹8.24,₹173.14,UPI,Regular,Wednesday,July
2026-07-22,INV-11404,Azithromycin 500mg,Tablet,Antibiotic,₹12.50,1,₹12.50,5.0,₹0.62,₹11.88,5.0,₹0.59,₹12.47,UPI,New Customer,Wednesday,July
2026-07-23,INV-11405,Cetirizine 10mg,Tablet,Allergy,₹1.80,1,₹1.80,0.0,₹0.00,₹1.80,18.0,₹0.32,₹2.12,Cash,New Customer,Thursday,July
2026-07-23,INV-11406,Meftal Spas,Tablet,Pain Relief,₹3.80,2,₹7.60,0.0,₹0.00,₹7.60,12.0,₹0.91,₹8.51,UPI,Walk-in,Thursday,July
2026-07-23,INV-11407,Digene Gel 200ml,Suspension,Gastro,₹125.00,2,₹250.00,3.0,₹7.50,₹242.50,12.0,₹29.10,₹271.60,Card,Walk-in,Thursday,July
2026-07-23,INV-11408,Vitamin C 500mg,Tablet,Vitamins,₹2.80,1,₹2.80,0.0,₹0.00,₹2.80,18.0,₹0.50,₹3.30,UPI,Walk-in,Thursday,July
2026-07-23,INV-11409,Meftal Spas,Tablet,Pain Relief,₹3.80,1,₹3.80,0.0,₹0.00,₹3.80,5.0,₹0.19,₹3.99,UPI,Regular,Thursday,July
2026-07-23,INV-11410,Multivitamin Syrup 200ml,Syrup,Vitamins,₹145.00,4,₹580.00,0.0,₹0.00,₹580.00,5.0,₹29.00,₹609.00,UPI,Walk-in,Thursday,July
2026-07-23,INV-11411,Paracetamol 500mg,Tablet,Pain Relief,₹2.50,4,₹10.00,0.0,₹0.00,₹10.00,5.0,₹0.50,₹10.50,UPI,Walk-in,Thursday,July
2026-07-23,INV-11412,Glimepiride 1mg,Tablet,Diabetes,₹2.00,1,₹2.00,0.0,₹0.00,₹2.00,5.0,₹0.10,₹2.10,UPI,Chronic,Thursday,July
2026-07-23,INV-11413,Ondansetron 4mg,Tablet,Gastro,₹2.50,2,₹5.00,0.0,₹0.00,₹5.00,5.0,₹0.25,₹5.25,UPI,Walk-in,Thursday,July
2026-07-23,INV-11414,Amoxicillin 500mg,Capsule,Antibiotic,₹8.50,1,₹8.50,0.0,₹0.00,₹8.50,12.0,₹1.02,₹9.52,Cash,Walk-in,Thursday,July
2026-07-23,INV-11415,Omeprazole 20mg,Capsule,Gastro,₹3.80,2,₹7.60,5.0,₹0.38,₹7.22,5.0,₹0.36,₹7.58,Cash,Walk-in,Thursday,July
2026-07-23,INV-11416,ORS Lemon,Sachet,Hydration,₹22.00,1,₹22.00,2.0,₹0.44,₹21.56,18.0,₹3.88,₹25.44,Cash,New Customer,Thursday,July
2026-07-23,INV-11417,B-Complex,Tablet,Vitamins,₹3.50,2,₹7.00,0.0,₹0.00,₹7.00,12.0,₹0.84,₹7.84,UPI,Walk-in,Thursday,July
2026-07-23,INV-11418,Metformin 500mg,Tablet,Diabetes,₹1.50,1,₹1.50,0.0,₹0.00,₹1.50,18.0,₹0.27,₹1.77,UPI,Regular,Thursday,July
2026-07-23,INV-11419,Vitamin C 500mg,Tablet,Vitamins,₹2.80,1,₹2.80,2.0,₹0.06,₹2.74,5.0,₹0.14,₹2.88,Cash,Walk-in,Thursday,July
2026-07-23,INV-11420,Amoxicillin 500mg,Capsule,Antibiotic,₹8.50,2,₹17.00,0.0,₹0.00,₹17.00,5.0,₹0.85,₹17.85,UPI,Chronic,Thursday,July
2026-07-23,INV-11421,Amoxicillin 500mg,Capsule,Antibiotic,₹8.50,2,₹17.00,2.0,₹0.34,₹16.66,5.0,₹0.83,₹17.49,UPI,Walk-in,Thursday,July
2026-07-23,INV-11422,Dettol Antiseptic 100ml,Liquid,Antiseptic,₹75.00,5,₹375.00,0.0,₹0.00,₹375.00,12.0,₹45.00,₹420.00,Cash,Walk-in,Thursday,July
2026-07-23,INV-11423,Dettol Antiseptic 100ml,Liquid,Antiseptic,₹75.00,1,₹75.00,5.0,₹3.75,₹71.25,5.0,₹3.56,₹74.81,Cash,Chronic,Thursday,July
2026-07-23,INV-11424,Multivitamin Syrup 200ml,Syrup,Vitamins,₹145.00,2,₹290.00,3.0,₹8.70,₹281.30,5.0,₹14.06,₹295.36,UPI,Regular,Thursday,July
2026-07-23,INV-11425,Amlodipine 5mg,Tablet,Cardiac,₹1.80,1,₹1.80,0.0,₹0.00,₹1.80,5.0,₹0.09,₹1.89,UPI,Walk-in,Thursday,July
2026-07-23,INV-11426,Vitamin C 500mg,Tablet,Vitamins,₹2.80,2,₹5.60,0.0,₹0.00,₹5.60,5.0,₹0.28,₹5.88,UPI,Walk-in,Thursday,July
2026-07-23,INV-11427,Betadine 100ml,Solution,Antiseptic,₹85.00,6,₹510.00,0.0,₹0.00,₹510.00,12.0,₹61.20,₹571.20,UPI,Chronic,Thursday,July
2026-07-23,INV-11428,Crocin Advance,Tablet,Pain Relief,₹3.00,1,₹3.00,2.0,₹0.06,₹2.94,5.0,₹0.15,₹3.09,UPI,Regular,Thursday,July
2026-07-23,INV-11429,Volini Gel 30g,Gel,Pain Relief,₹110.00,1,₹110.00,0.0,₹0.00,₹110.00,5.0,₹5.50,₹115.50,UPI,Regular,Thursday,July
2026-07-23,INV-11430,Digene Gel 200ml,Suspension,Gastro,₹125.00,2,₹250.00,0.0,₹0.00,₹250.00,5.0,₹12.50,₹262.50,UPI,New Customer,Thursday,July
2026-07-23,INV-11431,Levocetirizine 5mg,Tablet,Allergy,₹2.20,2,₹4.40,0.0,₹0.00,₹4.40,18.0,₹0.79,₹5.19,UPI,Regular,Thursday,July
2026-07-23,INV-11432,Atorvastatin 10mg,Tablet,Cardiac,₹3.20,1,₹3.20,5.0,₹0.16,₹3.04,5.0,₹0.15,₹3.19,Cash,Regular,Thursday,July
2026-07-23,INV-11433,Telmisartan 40mg,Tablet,Cardiac,₹4.20,5,₹21.00,0.0,₹0.00,₹21.00,5.0,₹1.05,₹22.05,UPI,Chronic,Thursday,July
2026-07-23,INV-11434,Dettol Antiseptic 100ml,Liquid,Antiseptic,₹75.00,1,₹75.00,3.0,₹2.25,₹72.75,5.0,₹3.64,₹76.39,Cash,Walk-in,Thursday,July
2026-07-23,INV-11435,Amlodipine 5mg,Tablet,Cardiac,₹1.80,2,₹3.60,0.0,₹0.00,₹3.60,5.0,₹0.18,₹3.78,Cash,Walk-in,Thursday,July
2026-07-23,INV-11436,Paracetamol 500mg,Tablet,Pain Relief,₹2.50,5,₹12.50,5.0,₹0.62,₹11.88,18.0,₹2.14,₹14.02,UPI,Walk-in,Thursday,July
2026-07-23,INV-11437,Digene Gel 200ml,Suspension,Gastro,₹125.00,2,₹250.00,0.0,₹0.00,₹250.00,12.0,₹30.00,₹280.00,Card,Chronic,Thursday,July
2026-07-24,INV-11438,Vicks Action 500,Tablet,Cough & Cold,₹5.00,5,₹25.00,0.0,₹0.00,₹25.00,5.0,₹1.25,₹26.25,UPI,Chronic,Friday,July
2026-07-24,INV-11439,Amoxicillin 500mg,Capsule,Antibiotic,₹8.50,3,₹25.50,0.0,₹0.00,₹25.50,12.0,₹3.06,₹28.56,UPI,Walk-in,Friday,July
2026-07-24,INV-11440,ORS Orange,Sachet,Hydration,₹20.00,1,₹20.00,0.0,₹0.00,₹20.00,12.0,₹2.40,₹22.40,UPI,Walk-in,Friday,July
2026-07-24,INV-11441,Crocin Advance,Tablet,Pain Relief,₹3.00,2,₹6.00,3.0,₹0.18,₹5.82,12.0,₹0.70,₹6.52,UPI,Chronic,Friday,July
2026-07-24,INV-11442,Betadine 100ml,Solution,Antiseptic,₹85.00,2,₹170.00,0.0,₹0.00,₹170.00,5.0,₹8.50,₹178.50,UPI,Chronic,Friday,July
2026-07-24,INV-11443,Betadine 100ml,Solution,Antiseptic,₹85.00,2,₹170.00,2.0,₹3.40,₹166.60,5.0,₹8.33,₹174.93,UPI,Regular,Friday,July
2026-07-24,INV-11444,Pantoprazole 40mg,Tablet,Gastro,₹4.50,1,₹4.50,2.0,₹0.09,₹4.41,18.0,₹0.79,₹5.20,Cash,Walk-in,Friday,July
2026-07-24,INV-11445,Cough Syrup 100ml,Syrup,Cough & Cold,₹85.00,2,₹170.00,5.0,₹8.50,₹161.50,5.0,₹8.07,₹169.57,Card,Walk-in,Friday,July
2026-07-24,INV-11446,ORS Lemon,Sachet,Hydration,₹22.00,3,₹66.00,0.0,₹0.00,₹66.00,5.0,₹3.30,₹69.30,Cash,Regular,Friday,July
2026-07-24,INV-11447,B-Complex,Tablet,Vitamins,₹3.50,4,₹14.00,0.0,₹0.00,₹14.00,18.0,₹2.52,₹16.52,Cash,Walk-in,Friday,July
2026-07-24,INV-11448,ORS Orange,Sachet,Hydration,₹20.00,3,₹60.00,2.0,₹1.20,₹58.80,5.0,₹2.94,₹61.74,UPI,Walk-in,Friday,July
2026-07-24,INV-11449,Crocin Advance,Tablet,Pain Relief,₹3.00,2,₹6.00,0.0,₹0.00,₹6.00,18.0,₹1.08,₹7.08,UPI,Walk-in,Friday,July
2026-07-24,INV-11450,ORS Orange,Sachet,Hydration,₹20.00,1,₹20.00,5.0,₹1.00,₹19.00,5.0,₹0.95,₹19.95,Cash,Walk-in,Friday,July
2026-07-24,INV-11451,Vicks Action 500,Tablet,Cough & Cold,₹5.00,2,₹10.00,0.0,₹0.00,₹10.00,12.0,₹1.20,₹11.20,UPI,Walk-in,Friday,July
2026-07-24,INV-11452,Pantoprazole 40mg,Tablet,Gastro,₹4.50,3,₹13.50,2.0,₹0.27,₹13.23,12.0,₹1.59,₹14.82,Cash,Regular,Friday,July
2026-07-24,INV-11453,ORS Orange,Sachet,Hydration,₹20.00,2,₹40.00,0.0,₹0.00,₹40.00,5.0,₹2.00,₹42.00,Cash,Walk-in,Friday,July
2026-07-24,INV-11454,Omeprazole 20mg,Capsule,Gastro,₹3.80,1,₹3.80,0.0,₹0.00,₹3.80,12.0,₹0.46,₹4.26,UPI,New Customer,Friday,July
2026-07-24,INV-11455,Multivitamin Syrup 200ml,Syrup,Vitamins,₹145.00,1,₹145.00,3.0,₹4.35,₹140.65,12.0,₹16.88,₹157.53,UPI,Walk-in,Friday,July
2026-07-24,INV-11456,Vicks Action 500,Tablet,Cough & Cold,₹5.00,6,₹30.00,0.0,₹0.00,₹30.00,5.0,₹1.50,₹31.50,Card,Walk-in,Friday,July
2026-07-24,INV-11457,Cheston Cold,Tablet,Cough & Cold,₹4.00,2,₹8.00,0.0,₹0.00,₹8.00,5.0,₹0.40,₹8.40,UPI,New Customer,Friday,July
2026-07-24,INV-11458,Vitamin C 500mg,Tablet,Vitamins,₹2.80,1,₹2.80,2.0,₹0.06,₹2.74,5.0,₹0.14,₹2.88,UPI,Walk-in,Friday,July
2026-07-24,INV-11459,Electral ORS,Sachet,Hydration,₹20.00,3,₹60.00,2.0,₹1.20,₹58.80,18.0,₹10.58,₹69.38,UPI,Walk-in,Friday,July
2026-07-24,INV-11460,Dolo 650,Tablet,Pain Relief,₹3.20,3,₹9.60,0.0,₹0.00,₹9.60,5.0,₹0.48,₹10.08,Cash,Regular,Friday,July
2026-07-24,INV-11461,Amlodipine 5mg,Tablet,Cardiac,₹1.80,1,₹1.80,0.0,₹0.00,₹1.80,5.0,₹0.09,₹1.89,Cash,Regular,Friday,July
2026-07-24,INV-11462,Omeprazole 20mg,Capsule,Gastro,₹3.80,3,₹11.40,0.0,₹0.00,₹11.40,18.0,₹2.05,₹13.45,Cash,Walk-in,Friday,July
2026-07-24,INV-11463,Dolo 650,Tablet,Pain Relief,₹3.20,4,₹12.80,0.0,₹0.00,₹12.80,18.0,₹2.30,₹15.10,UPI,Regular,Friday,July
2026-07-24,INV-11464,Dolo 650,Tablet,Pain Relief,₹3.20,2,₹6.40,0.0,₹0.00,₹6.40,18.0,₹1.15,₹7.55,Cash,Walk-in,Friday,July
2026-07-24,INV-11465,Crocin Advance,Tablet,Pain Relief,₹3.00,2,₹6.00,0.0,₹0.00,₹6.00,12.0,₹0.72,₹6.72,Cash,Regular,Friday,July
2026-07-24,INV-11466,Glimepiride 1mg,Tablet,Diabetes,₹2.00,2,₹4.00,5.0,₹0.20,₹3.80,18.0,₹0.68,₹4.48,Cash,Walk-in,Friday,July
2026-07-24,INV-11467,Telmisartan 40mg,Tablet,Cardiac,₹4.20,2,₹8.40,0.0,₹0.00,₹8.40,5.0,₹0.42,₹8.82,UPI,Chronic,Friday,July
2026-07-24,INV-11468,Azithromycin 500mg,Tablet,Antibiotic,₹12.50,6,₹75.00,2.0,₹1.50,₹73.50,5.0,₹3.67,₹77.17,Cash,Regular,Friday,July
2026-07-24,INV-11469,Meftal Spas,Tablet,Pain Relief,₹3.80,2,₹7.60,2.0,₹0.15,₹7.45,5.0,₹0.37,₹7.82,Card,Walk-in,Friday,July
2026-07-24,INV-11470,Digene Gel 200ml,Suspension,Gastro,₹125.00,2,₹250.00,0.0,₹0.00,₹250.00,12.0,₹30.00,₹280.00,UPI,Walk-in,Friday,July
2026-07-24,INV-11471,Amlodipine 5mg,Tablet,Cardiac,₹1.80,2,₹3.60,0.0,₹0.00,₹3.60,5.0,₹0.18,₹3.78,UPI,Chronic,Friday,July
2026-07-24,INV-11472,Cough Syrup 100ml,Syrup,Cough & Cold,₹85.00,1,₹85.00,0.0,₹0.00,₹85.00,12.0,₹10.20,₹95.20,Cash,Walk-in,Friday,July
2026-07-24,INV-11473,Digene Gel 200ml,Suspension,Gastro,₹125.00,1,₹125.00,0.0,₹0.00,₹125.00,5.0,₹6.25,₹131.25,Cash,Walk-in,Friday,July
2026-07-24,INV-11474,Multivitamin Syrup 200ml,Syrup,Vitamins,₹145.00,8,"₹1,160.00",0.0,₹0.00,"₹1,160.00",18.0,₹208.80,"₹1,368.80",Cash,Walk-in,Friday,July
2026-07-24,INV-11475,Amlodipine 5mg,Tablet,Cardiac,₹1.80,2,₹3.60,0.0,₹0.00,₹3.60,5.0,₹0.18,₹3.78,Card,Walk-in,Friday,July
2026-07-24,INV-11476,ORS Lemon,Sachet,Hydration,₹22.00,1,₹22.00,0.0,₹0.00,₹22.00,5.0,₹1.10,₹23.10,Cash,Regular,Friday,July
2026-07-24,INV-11477,Electral ORS,Sachet,Hydration,₹20.00,2,₹40.00,0.0,₹0.00,₹40.00,18.0,₹7.20,₹47.20,Cash,Walk-in,Friday,July
2026-07-24,INV-11478,ORS Orange,Sachet,Hydration,₹20.00,2,₹40.00,0.0,₹0.00,₹40.00,5.0,₹2.00,₹42.00,Cash,Walk-in,Friday,July
2026-07-24,INV-11479,Atorvastatin 10mg,Tablet,Cardiac,₹3.20,2,₹6.40,0.0,₹0.00,₹6.40,5.0,₹0.32,₹6.72,Cash,Chronic,Friday,July
2026-07-25,INV-11480,Atorvastatin 10mg,Tablet,Cardiac,₹3.20,1,₹3.20,0.0,₹0.00,₹3.20,12.0,₹0.38,₹3.58,Cash,Walk-in,Saturday,July
2026-07-25,INV-11481,Glimepiride 1mg,Tablet,Diabetes,₹2.00,3,₹6.00,0.0,₹0.00,₹6.00,12.0,₹0.72,₹6.72,UPI,Walk-in,Saturday,July
2026-07-25,INV-11482,Cough Syrup 100ml,Syrup,Cough & Cold,₹85.00,1,₹85.00,0.0,₹0.00,₹85.00,12.0,₹10.20,₹95.20,UPI,Chronic,Saturday,July
2026-07-25,INV-11483,Volini Gel 30g,Gel,Pain Relief,₹110.00,1,₹110.00,0.0,₹0.00,₹110.00,5.0,₹5.50,₹115.50,Card,Walk-in,Saturday,July
2026-07-25,INV-11484,Glimepiride 1mg,Tablet,Diabetes,₹2.00,1,₹2.00,0.0,₹0.00,₹2.00,5.0,₹0.10,₹2.10,Cash,Walk-in,Saturday,July
2026-07-25,INV-11485,Telmisartan 40mg,Tablet,Cardiac,₹4.20,5,₹21.00,0.0,₹0.00,₹21.00,12.0,₹2.52,₹23.52,Cash,Regular,Saturday,July
2026-07-25,INV-11486,Volini Gel 30g,Gel,Pain Relief,₹110.00,2,₹220.00,2.0,₹4.40,₹215.60,5.0,₹10.78,₹226.38,Cash,Chronic,Saturday,July
2026-07-25,INV-11487,Metformin 500mg,Tablet,Diabetes,₹1.50,1,₹1.50,3.0,₹0.04,₹1.46,5.0,₹0.07,₹1.53,UPI,Walk-in,Saturday,July
2026-07-25,INV-11488,Vitamin C 500mg,Tablet,Vitamins,₹2.80,1,₹2.80,0.0,₹0.00,₹2.80,5.0,₹0.14,₹2.94,Cash,Walk-in,Saturday,July
2026-07-25,INV-11489,Cheston Cold,Tablet,Cough & Cold,₹4.00,3,₹12.00,2.0,₹0.24,₹11.76,18.0,₹2.12,₹13.88,UPI,Walk-in,Saturday,July
2026-07-25,INV-11490,ORS Lemon,Sachet,Hydration,₹22.00,3,₹66.00,3.0,₹1.98,₹64.02,12.0,₹7.68,₹71.70,UPI,Walk-in,Saturday,July
2026-07-25,INV-11491,ORS Orange,Sachet,Hydration,₹20.00,1,₹20.00,0.0,₹0.00,₹20.00,18.0,₹3.60,₹23.60,UPI,Chronic,Saturday,July
2026-07-25,INV-11492,Volini Gel 30g,Gel,Pain Relief,₹110.00,3,₹330.00,0.0,₹0.00,₹330.00,5.0,₹16.50,₹346.50,Cash,Walk-in,Saturday,July
2026-07-25,INV-11493,ORS Orange,Sachet,Hydration,₹20.00,1,₹20.00,0.0,₹0.00,₹20.00,18.0,₹3.60,₹23.60,UPI,Chronic,Saturday,July
2026-07-25,INV-11494,Vicks Action 500,Tablet,Cough & Cold,₹5.00,3,₹15.00,2.0,₹0.30,₹14.70,12.0,₹1.76,₹16.46,UPI,New Customer,Saturday,July
2026-07-25,INV-11495,Dolo 650,Tablet,Pain Relief,₹3.20,4,₹12.80,3.0,₹0.38,₹12.42,5.0,₹0.62,₹13.04,Card,Walk-in,Saturday,July
2026-07-25,INV-11496,Levocetirizine 5mg,Tablet,Allergy,₹2.20,1,₹2.20,0.0,₹0.00,₹2.20,5.0,₹0.11,₹2.31,Cash,Walk-in,Saturday,July
2026-07-25,INV-11497,B-Complex,Tablet,Vitamins,₹3.50,2,₹7.00,0.0,₹0.00,₹7.00,12.0,₹0.84,₹7.84,Cash,Regular,Saturday,July
2026-07-25,INV-11498,Crocin Advance,Tablet,Pain Relief,₹3.00,2,₹6.00,3.0,₹0.18,₹5.82,5.0,₹0.29,₹6.11,Cash,Walk-in,Saturday,July
2026-07-25,INV-11499,Metformin 500mg,Tablet,Diabetes,₹1.50,1,₹1.50,0.0,₹0.00,₹1.50,5.0,₹0.07,₹1.57,UPI,Walk-in,Saturday,July
2026-07-25,INV-11500,Paracetamol 500mg,Tablet,Pain Relief,₹2.50,2,₹5.00,0.0,₹0.00,₹5.00,5.0,₹0.25,₹5.25,UPI,Walk-in,Saturday,July
2026-07-25,INV-11501,Volini Gel 30g,Gel,Pain Relief,₹110.00,1,₹110.00,0.0,₹0.00,₹110.00,12.0,₹13.20,₹123.20,Card,Walk-in,Saturday,July
2026-07-25,INV-11502,Crocin Advance,Tablet,Pain Relief,₹3.00,4,₹12.00,0.0,₹0.00,₹12.00,12.0,₹1.44,₹13.44,UPI,New Customer,Saturday,July
2026-07-25,INV-11503,Digene Gel 200ml,Suspension,Gastro,₹125.00,2,₹250.00,2.0,₹5.00,₹245.00,18.0,₹44.10,₹289.10,UPI,Walk-in,Saturday,July
2026-07-25,INV-11504,ORS Lemon,Sachet,Hydration,₹22.00,2,₹44.00,0.0,₹0.00,₹44.00,5.0,₹2.20,₹46.20,Card,Chronic,Saturday,July
2026-07-25,INV-11505,Betadine 100ml,Solution,Antiseptic,₹85.00,1,₹85.00,0.0,₹0.00,₹85.00,18.0,₹15.30,₹100.30,UPI,Regular,Saturday,July
2026-07-25,INV-11506,Betadine 100ml,Solution,Antiseptic,₹85.00,4,₹340.00,0.0,₹0.00,₹340.00,12.0,₹40.80,₹380.80,Cash,Walk-in,Saturday,July
2026-07-25,INV-11507,Metformin 500mg,Tablet,Diabetes,₹1.50,3,₹4.50,0.0,₹0.00,₹4.50,5.0,₹0.23,₹4.73,UPI,Walk-in,Saturday,July
2026-07-25,INV-11508,Vicks Action 500,Tablet,Cough & Cold,₹5.00,2,₹10.00,0.0,₹0.00,₹10.00,12.0,₹1.20,₹11.20,UPI,Walk-in,Saturday,July
2026-07-25,INV-11509,Betadine 100ml,Solution,Antiseptic,₹85.00,1,₹85.00,2.0,₹1.70,₹83.30,12.0,₹10.00,₹93.30,UPI,Regular,Saturday,July
2026-07-25,INV-11510,Cetirizine 10mg,Tablet,Allergy,₹1.80,1,₹1.80,0.0,₹0.00,₹1.80,18.0,₹0.32,₹2.12,Card,Chronic,Saturday,July
2026-07-25,INV-11511,Cough Syrup 100ml,Syrup,Cough & Cold,₹85.00,3,₹255.00,0.0,₹0.00,₹255.00,5.0,₹12.75,₹267.75,Cash,Regular,Saturday,July
2026-07-25,INV-11512,Metformin 500mg,Tablet,Diabetes,₹1.50,1,₹1.50,2.0,₹0.03,₹1.47,12.0,₹0.18,₹1.65,UPI,Walk-in,Saturday,July
2026-07-25,INV-11513,Ondansetron 4mg,Tablet,Gastro,₹2.50,4,₹10.00,0.0,₹0.00,₹10.00,5.0,₹0.50,₹10.50,UPI,Chronic,Saturday,July
2026-07-25,INV-11514,Cheston Cold,Tablet,Cough & Cold,₹4.00,1,₹4.00,0.0,₹0.00,₹4.00,18.0,₹0.72,₹4.72,UPI,Walk-in,Saturday,July
2026-07-25,INV-11515,Levocetirizine 5mg,Tablet,Allergy,₹2.20,3,₹6.60,2.0,₹0.13,₹6.47,5.0,₹0.32,₹6.79,Card,Chronic,Saturday,July
2026-07-25,INV-11516,Digene Gel 200ml,Suspension,Gastro,₹125.00,1,₹125.00,0.0,₹0.00,₹125.00,12.0,₹15.00,₹140.00,UPI,Walk-in,Saturday,July
2026-07-25,INV-11517,ORS Orange,Sachet,Hydration,₹20.00,5,₹100.00,0.0,₹0.00,₹100.00,12.0,₹12.00,₹112.00,UPI,Walk-in,Saturday,July
2026-07-25,INV-11518,ORS Orange,Sachet,Hydration,₹20.00,1,₹20.00,3.0,₹0.60,₹19.40,5.0,₹0.97,₹20.37,Cash,Regular,Saturday,July
2026-07-25,INV-11519,Multivitamin Syrup 200ml,Syrup,Vitamins,₹145.00,1,₹145.00,0.0,₹0.00,₹145.00,5.0,₹7.25,₹152.25,UPI,Walk-in,Saturday,July
2026-07-25,INV-11520,Cheston Cold,Tablet,Cough & Cold,₹4.00,3,₹12.00,0.0,₹0.00,₹12.00,5.0,₹0.60,₹12.60,Cash,Regular,Saturday,July
2026-07-25,INV-11521,Betadine 100ml,Solution,Antiseptic,₹85.00,2,₹170.00,0.0,₹0.00,₹170.00,18.0,₹30.60,₹200.60,UPI,Walk-in,Saturday,July
2026-07-25,INV-11522,Multivitamin Syrup 200ml,Syrup,Vitamins,₹145.00,2,₹290.00,0.0,₹0.00,₹290.00,12.0,₹34.80,₹324.80,Cash,Chronic,Saturday,July
2026-07-25,INV-11523,Amoxicillin 500mg,Capsule,Antibiotic,₹8.50,3,₹25.50,3.0,₹0.77,₹24.73,5.0,₹1.24,₹25.97,Card,Regular,Saturday,July
2026-07-26,INV-11524,Glimepiride 1mg,Tablet,Diabetes,₹2.00,2,₹4.00,2.0,₹0.08,₹3.92,5.0,₹0.20,₹4.12,Cash,Walk-in,Sunday,July
2026-07-26,INV-11525,Pantoprazole 40mg,Tablet,Gastro,₹4.50,1,₹4.50,0.0,₹0.00,₹4.50,5.0,₹0.23,₹4.73,Cash,Walk-in,Sunday,July
2026-07-26,INV-11526,ORS Orange,Sachet,Hydration,₹20.00,3,₹60.00,0.0,₹0.00,₹60.00,12.0,₹7.20,₹67.20,Card,Walk-in,Sunday,July
2026-07-26,INV-11527,Meftal Spas,Tablet,Pain Relief,₹3.80,5,₹19.00,3.0,₹0.57,₹18.43,5.0,₹0.92,₹19.35,UPI,Walk-in,Sunday,July
2026-07-26,INV-11528,B-Complex,Tablet,Vitamins,₹3.50,2,₹7.00,0.0,₹0.00,₹7.00,12.0,₹0.84,₹7.84,Cash,Chronic,Sunday,July
2026-07-26,INV-11529,Pantoprazole 40mg,Tablet,Gastro,₹4.50,3,₹13.50,3.0,₹0.41,₹13.09,12.0,₹1.57,₹14.66,UPI,Regular,Sunday,July
2026-07-26,INV-11530,Atorvastatin 10mg,Tablet,Cardiac,₹3.20,1,₹3.20,0.0,₹0.00,₹3.20,18.0,₹0.58,₹3.78,Card,New Customer,Sunday,July
2026-07-26,INV-11531,Vicks Action 500,Tablet,Cough & Cold,₹5.00,2,₹10.00,3.0,₹0.30,₹9.70,5.0,₹0.48,₹10.18,Cash,Walk-in,Sunday,July
2026-07-26,INV-11532,Meftal Spas,Tablet,Pain Relief,₹3.80,2,₹7.60,0.0,₹0.00,₹7.60,5.0,₹0.38,₹7.98,UPI,Walk-in,Sunday,July
2026-07-26,INV-11533,Calcium + D3,Tablet,Vitamins,₹6.00,4,₹24.00,0.0,₹0.00,₹24.00,12.0,₹2.88,₹26.88,Cash,Walk-in,Sunday,July
2026-07-26,INV-11534,Betadine 100ml,Solution,Antiseptic,₹85.00,2,₹170.00,0.0,₹0.00,₹170.00,5.0,₹8.50,₹178.50,UPI,New Customer,Sunday,July
2026-07-26,INV-11535,Cheston Cold,Tablet,Cough & Cold,₹4.00,2,₹8.00,0.0,₹0.00,₹8.00,5.0,₹0.40,₹8.40,UPI,Walk-in,Sunday,July
2026-07-26,INV-11536,Multivitamin Syrup 200ml,Syrup,Vitamins,₹145.00,1,₹145.00,5.0,₹7.25,₹137.75,12.0,₹16.53,₹154.28,UPI,Regular,Sunday,July
2026-07-26,INV-11537,Cheston Cold,Tablet,Cough & Cold,₹4.00,1,₹4.00,3.0,₹0.12,₹3.88,12.0,₹0.47,₹4.35,UPI,Walk-in,Sunday,July
2026-07-26,INV-11538,Levocetirizine 5mg,Tablet,Allergy,₹2.20,4,₹8.80,2.0,₹0.18,₹8.62,18.0,₹1.55,₹10.17,Cash,New Customer,Sunday,July
2026-07-26,INV-11539,Betadine 100ml,Solution,Antiseptic,₹85.00,2,₹170.00,0.0,₹0.00,₹170.00,12.0,₹20.40,₹190.40,Cash,New Customer,Sunday,July
2026-07-26,INV-11540,Metformin 500mg,Tablet,Diabetes,₹1.50,2,₹3.00,0.0,₹0.00,₹3.00,5.0,₹0.15,₹3.15,Cash,Regular,Sunday,July
2026-07-26,INV-11541,Glimepiride 1mg,Tablet,Diabetes,₹2.00,6,₹12.00,0.0,₹0.00,₹12.00,5.0,₹0.60,₹12.60,UPI,Walk-in,Sunday,July
2026-07-26,INV-11542,Telmisartan 40mg,Tablet,Cardiac,₹4.20,2,₹8.40,0.0,₹0.00,₹8.40,5.0,₹0.42,₹8.82,Cash,New Customer,Sunday,July
2026-07-26,INV-11543,Cetirizine 10mg,Tablet,Allergy,₹1.80,1,₹1.80,0.0,₹0.00,₹1.80,5.0,₹0.09,₹1.89,Cash,New Customer,Sunday,July
2026-07-26,INV-11544,Meftal Spas,Tablet,Pain Relief,₹3.80,2,₹7.60,0.0,₹0.00,₹7.60,5.0,₹0.38,₹7.98,Cash,Walk-in,Sunday,July
2026-07-26,INV-11545,Paracetamol 500mg,Tablet,Pain Relief,₹2.50,2,₹5.00,0.0,₹0.00,₹5.00,5.0,₹0.25,₹5.25,Cash,Chronic,Sunday,July
2026-07-26,INV-11546,Vitamin C 500mg,Tablet,Vitamins,₹2.80,3,₹8.40,2.0,₹0.17,₹8.23,5.0,₹0.41,₹8.64,UPI,Walk-in,Sunday,July
2026-07-26,INV-11547,Amlodipine 5mg,Tablet,Cardiac,₹1.80,3,₹5.40,0.0,₹0.00,₹5.40,18.0,₹0.97,₹6.37,UPI,Walk-in,Sunday,July
2026-07-26,INV-11548,Glimepiride 1mg,Tablet,Diabetes,₹2.00,1,₹2.00,0.0,₹0.00,₹2.00,5.0,₹0.10,₹2.10,UPI,Walk-in,Sunday,July
2026-07-26,INV-11549,Vitamin C 500mg,Tablet,Vitamins,₹2.80,3,₹8.40,2.0,₹0.17,₹8.23,12.0,₹0.99,₹9.22,Card,Walk-in,Sunday,July
2026-07-26,INV-11550,Cough Syrup 100ml,Syrup,Cough & Cold,₹85.00,1,₹85.00,0.0,₹0.00,₹85.00,5.0,₹4.25,₹89.25,Cash,Walk-in,Sunday,July
2026-07-26,INV-11551,B-Complex,Tablet,Vitamins,₹3.50,2,₹7.00,0.0,₹0.00,₹7.00,18.0,₹1.26,₹8.26,Card,Walk-in,Sunday,July
2026-07-26,INV-11552,Pantoprazole 40mg,Tablet,Gastro,₹4.50,3,₹13.50,0.0,₹0.00,₹13.50,12.0,₹1.62,₹15.12,UPI,Walk-in,Sunday,July
2026-07-26,INV-11553,Betadine 100ml,Solution,Antiseptic,₹85.00,2,₹170.00,5.0,₹8.50,₹161.50,12.0,₹19.38,₹180.88,UPI,Chronic,Sunday,July
2026-07-26,INV-11554,ORS Orange,Sachet,Hydration,₹20.00,2,₹40.00,0.0,₹0.00,₹40.00,5.0,₹2.00,₹42.00,UPI,Walk-in,Sunday,July
2026-07-26,INV-11555,Multivitamin Syrup 200ml,Syrup,Vitamins,₹145.00,5,₹725.00,0.0,₹0.00,₹725.00,12.0,₹87.00,₹812.00,Card,Chronic,Sunday,July
2026-07-26,INV-11556,Volini Gel 30g,Gel,Pain Relief,₹110.00,6,₹660.00,0.0,₹0.00,₹660.00,5.0,₹33.00,₹693.00,Card,Walk-in,Sunday,July
2026-07-27,INV-11557,Azithromycin 500mg,Tablet,Antibiotic,₹12.50,5,₹62.50,0.0,₹0.00,₹62.50,5.0,₹3.12,₹65.62,UPI,Walk-in,Monday,July
2026-07-27,INV-11558,B-Complex,Tablet,Vitamins,₹3.50,2,₹7.00,0.0,₹0.00,₹7.00,5.0,₹0.35,₹7.35,UPI,Walk-in,Monday,July
2026-07-27,INV-11559,Omeprazole 20mg,Capsule,Gastro,₹3.80,4,₹15.20,3.0,₹0.46,₹14.74,5.0,₹0.74,₹15.48,Cash,Walk-in,Monday,July
2026-07-27,INV-11560,Digene Gel 200ml,Suspension,Gastro,₹125.00,1,₹125.00,0.0,₹0.00,₹125.00,5.0,₹6.25,₹131.25,Cash,Regular,Monday,July
2026-07-27,INV-11561,Atorvastatin 10mg,Tablet,Cardiac,₹3.20,1,₹3.20,0.0,₹0.00,₹3.20,12.0,₹0.38,₹3.58,UPI,Walk-in,Monday,July
2026-07-27,INV-11562,Dolo 650,Tablet,Pain Relief,₹3.20,2,₹6.40,0.0,₹0.00,₹6.40,5.0,₹0.32,₹6.72,Cash,Walk-in,Monday,July
2026-07-27,INV-11563,Ondansetron 4mg,Tablet,Gastro,₹2.50,1,₹2.50,0.0,₹0.00,₹2.50,5.0,₹0.12,₹2.62,UPI,Walk-in,Monday,July
2026-07-27,INV-11564,Amoxicillin 500mg,Capsule,Antibiotic,₹8.50,2,₹17.00,0.0,₹0.00,₹17.00,5.0,₹0.85,₹17.85,Card,Regular,Monday,July
2026-07-27,INV-11565,Glimepiride 1mg,Tablet,Diabetes,₹2.00,2,₹4.00,3.0,₹0.12,₹3.88,5.0,₹0.19,₹4.07,UPI,Walk-in,Monday,July
2026-07-27,INV-11566,Levocetirizine 5mg,Tablet,Allergy,₹2.20,1,₹2.20,0.0,₹0.00,₹2.20,5.0,₹0.11,₹2.31,UPI,Regular,Monday,July
2026-07-27,INV-11567,Paracetamol 500mg,Tablet,Pain Relief,₹2.50,3,₹7.50,2.0,₹0.15,₹7.35,5.0,₹0.37,₹7.72,Cash,Regular,Monday,July
2026-07-27,INV-11568,Dettol Antiseptic 100ml,Liquid,Antiseptic,₹75.00,5,₹375.00,2.0,₹7.50,₹367.50,18.0,₹66.15,₹433.65,UPI,Regular,Monday,July
2026-07-27,INV-11569,Volini Gel 30g,Gel,Pain Relief,₹110.00,2,₹220.00,0.0,₹0.00,₹220.00,5.0,₹11.00,₹231.00,UPI,Walk-in,Monday,July
2026-07-27,INV-11570,Vitamin C 500mg,Tablet,Vitamins,₹2.80,4,₹11.20,0.0,₹0.00,₹11.20,5.0,₹0.56,₹11.76,UPI,Walk-in,Monday,July
2026-07-27,INV-11571,Cheston Cold,Tablet,Cough & Cold,₹4.00,1,₹4.00,0.0,₹0.00,₹4.00,5.0,₹0.20,₹4.20,UPI,Walk-in,Monday,July
2026-07-27,INV-11572,Electral ORS,Sachet,Hydration,₹20.00,2,₹40.00,5.0,₹2.00,₹38.00,5.0,₹1.90,₹39.90,UPI,Walk-in,Monday,July
2026-07-27,INV-11573,Vitamin C 500mg,Tablet,Vitamins,₹2.80,2,₹5.60,0.0,₹0.00,₹5.60,5.0,₹0.28,₹5.88,UPI,Walk-in,Monday,July
2026-07-27,INV-11574,Telmisartan 40mg,Tablet,Cardiac,₹4.20,2,₹8.40,0.0,₹0.00,₹8.40,5.0,₹0.42,₹8.82,Cash,Walk-in,Monday,July
2026-07-27,INV-11575,Volini Gel 30g,Gel,Pain Relief,₹110.00,1,₹110.00,0.0,₹0.00,₹110.00,5.0,₹5.50,₹115.50,Cash,Walk-in,Monday,July
2026-07-27,INV-11576,Vitamin C 500mg,Tablet,Vitamins,₹2.80,6,₹16.80,3.0,₹0.50,₹16.30,5.0,₹0.81,₹17.11,Cash,Walk-in,Monday,July
2026-07-27,INV-11577,Vitamin C 500mg,Tablet,Vitamins,₹2.80,2,₹5.60,0.0,₹0.00,₹5.60,18.0,₹1.01,₹6.61,UPI,Regular,Monday,July
2026-07-27,INV-11578,Calcium + D3,Tablet,Vitamins,₹6.00,1,₹6.00,2.0,₹0.12,₹5.88,5.0,₹0.29,₹6.17,UPI,Walk-in,Monday,July
2026-07-27,INV-11579,Dolo 650,Tablet,Pain Relief,₹3.20,1,₹3.20,0.0,₹0.00,₹3.20,5.0,₹0.16,₹3.36,Cash,Regular,Monday,July
2026-07-27,INV-11580,Dolo 650,Tablet,Pain Relief,₹3.20,6,₹19.20,0.0,₹0.00,₹19.20,12.0,₹2.30,₹21.50,Card,Walk-in,Monday,July
2026-07-27,INV-11581,Digene Gel 200ml,Suspension,Gastro,₹125.00,2,₹250.00,0.0,₹0.00,₹250.00,12.0,₹30.00,₹280.00,UPI,Walk-in,Monday,July
2026-07-27,INV-11582,ORS Orange,Sachet,Hydration,₹20.00,2,₹40.00,0.0,₹0.00,₹40.00,5.0,₹2.00,₹42.00,UPI,Regular,Monday,July
2026-07-27,INV-11583,Azithromycin 500mg,Tablet,Antibiotic,₹12.50,3,₹37.50,3.0,₹1.12,₹36.38,12.0,₹4.37,₹40.75,Cash,Walk-in,Monday,July
2026-07-27,INV-11584,Cough Syrup 100ml,Syrup,Cough & Cold,₹85.00,2,₹170.00,0.0,₹0.00,₹170.00,5.0,₹8.50,₹178.50,Cash,Regular,Monday,July
2026-07-27,INV-11585,Meftal Spas,Tablet,Pain Relief,₹3.80,2,₹7.60,2.0,₹0.15,₹7.45,18.0,₹1.34,₹8.79,Cash,Walk-in,Monday,July
2026-07-27,INV-11586,Volini Gel 30g,Gel,Pain Relief,₹110.00,3,₹330.00,2.0,₹6.60,₹323.40,5.0,₹16.17,₹339.57,UPI,Chronic,Monday,July
2026-07-27,INV-11587,Glimepiride 1mg,Tablet,Diabetes,₹2.00,1,₹2.00,0.0,₹0.00,₹2.00,5.0,₹0.10,₹2.10,UPI,Chronic,Monday,July
2026-07-27,INV-11588,ORS Lemon,Sachet,Hydration,₹22.00,3,₹66.00,0.0,₹0.00,₹66.00,12.0,₹7.92,₹73.92,UPI,Walk-in,Monday,July
2026-07-28,INV-11589,Levocetirizine 5mg,Tablet,Allergy,₹2.20,1,₹2.20,2.0,₹0.04,₹2.16,5.0,₹0.11,₹2.27,UPI,Walk-in,Tuesday,July
2026-07-28,INV-11590,ORS Orange,Sachet,Hydration,₹20.00,2,₹40.00,0.0,₹0.00,₹40.00,5.0,₹2.00,₹42.00,Cash,Walk-in,Tuesday,July
2026-07-28,INV-11591,Ondansetron 4mg,Tablet,Gastro,₹2.50,2,₹5.00,5.0,₹0.25,₹4.75,5.0,₹0.24,₹4.99,UPI,Walk-in,Tuesday,July
2026-07-28,INV-11592,Vicks Action 500,Tablet,Cough & Cold,₹5.00,2,₹10.00,0.0,₹0.00,₹10.00,18.0,₹1.80,₹11.80,Card,Walk-in,Tuesday,July
2026-07-28,INV-11593,Cetirizine 10mg,Tablet,Allergy,₹1.80,2,₹3.60,0.0,₹0.00,₹3.60,5.0,₹0.18,₹3.78,Cash,Walk-in,Tuesday,July
2026-07-28,INV-11594,Glimepiride 1mg,Tablet,Diabetes,₹2.00,4,₹8.00,2.0,₹0.16,₹7.84,12.0,₹0.94,₹8.78,UPI,Regular,Tuesday,July
2026-07-28,INV-11595,Ondansetron 4mg,Tablet,Gastro,₹2.50,1,₹2.50,0.0,₹0.00,₹2.50,12.0,₹0.30,₹2.80,UPI,Regular,Tuesday,July
2026-07-28,INV-11596,Pantoprazole 40mg,Tablet,Gastro,₹4.50,1,₹4.50,0.0,₹0.00,₹4.50,5.0,₹0.23,₹4.73,Card,Regular,Tuesday,July
2026-07-28,INV-11597,Meftal Spas,Tablet,Pain Relief,₹3.80,4,₹15.20,3.0,₹0.46,₹14.74,18.0,₹2.65,₹17.39,Cash,Chronic,Tuesday,July
2026-07-28,INV-11598,Vicks Action 500,Tablet,Cough & Cold,₹5.00,5,₹25.00,3.0,₹0.75,₹24.25,5.0,₹1.21,₹25.46,UPI,Walk-in,Tuesday,July
2026-07-28,INV-11599,Cetirizine 10mg,Tablet,Allergy,₹1.80,1,₹1.80,0.0,₹0.00,₹1.80,5.0,₹0.09,₹1.89,UPI,Walk-in,Tuesday,July
2026-07-28,INV-11600,ORS Lemon,Sachet,Hydration,₹22.00,1,₹22.00,2.0,₹0.44,₹21.56,5.0,₹1.08,₹22.64,Cash,Regular,Tuesday,July
2026-07-28,INV-11601,Glimepiride 1mg,Tablet,Diabetes,₹2.00,1,₹2.00,3.0,₹0.06,₹1.94,5.0,₹0.10,₹2.04,UPI,Walk-in,Tuesday,July
2026-07-28,INV-11602,Electral ORS,Sachet,Hydration,₹20.00,2,₹40.00,0.0,₹0.00,₹40.00,18.0,₹7.20,₹47.20,UPI,Regular,Tuesday,July
2026-07-28,INV-11603,B-Complex,Tablet,Vitamins,₹3.50,3,₹10.50,0.0,₹0.00,₹10.50,5.0,₹0.53,₹11.03,Cash,Walk-in,Tuesday,July
2026-07-28,INV-11604,ORS Orange,Sachet,Hydration,₹20.00,1,₹20.00,2.0,₹0.40,₹19.60,5.0,₹0.98,₹20.58,Cash,Chronic,Tuesday,July
2026-07-28,INV-11605,Cetirizine 10mg,Tablet,Allergy,₹1.80,6,₹10.80,0.0,₹0.00,₹10.80,18.0,₹1.94,₹12.74,UPI,Walk-in,Tuesday,July
2026-07-28,INV-11606,Ondansetron 4mg,Tablet,Gastro,₹2.50,4,₹10.00,0.0,₹0.00,₹10.00,5.0,₹0.50,₹10.50,UPI,Regular,Tuesday,July
2026-07-28,INV-11607,Paracetamol 500mg,Tablet,Pain Relief,₹2.50,2,₹5.00,2.0,₹0.10,₹4.90,5.0,₹0.24,₹5.14,UPI,Walk-in,Tuesday,July
2026-07-28,INV-11608,Cheston Cold,Tablet,Cough & Cold,₹4.00,3,₹12.00,0.0,₹0.00,₹12.00,12.0,₹1.44,₹13.44,Cash,Walk-in,Tuesday,July
2026-07-28,INV-11609,Telmisartan 40mg,Tablet,Cardiac,₹4.20,1,₹4.20,0.0,₹0.00,₹4.20,18.0,₹0.76,₹4.96,UPI,Chronic,Tuesday,July
2026-07-28,INV-11610,Vitamin C 500mg,Tablet,Vitamins,₹2.80,1,₹2.80,0.0,₹0.00,₹2.80,5.0,₹0.14,₹2.94,UPI,Walk-in,Tuesday,July
2026-07-28,INV-11611,Ondansetron 4mg,Tablet,Gastro,₹2.50,4,₹10.00,5.0,₹0.50,₹9.50,5.0,₹0.47,₹9.97,UPI,Walk-in,Tuesday,July
2026-07-28,INV-11612,Betadine 100ml,Solution,Antiseptic,₹85.00,1,₹85.00,2.0,₹1.70,₹83.30,5.0,₹4.17,₹87.47,UPI,Chronic,Tuesday,July
2026-07-28,INV-11613,Cetirizine 10mg,Tablet,Allergy,₹1.80,2,₹3.60,0.0,₹0.00,₹3.60,5.0,₹0.18,₹3.78,UPI,Chronic,Tuesday,July
2026-07-28,INV-11614,Multivitamin Syrup 200ml,Syrup,Vitamins,₹145.00,3,₹435.00,0.0,₹0.00,₹435.00,12.0,₹52.20,₹487.20,Card,Chronic,Tuesday,July
2026-07-28,INV-11615,Amlodipine 5mg,Tablet,Cardiac,₹1.80,2,₹3.60,0.0,₹0.00,₹3.60,12.0,₹0.43,₹4.03,UPI,Regular,Tuesday,July
2026-07-28,INV-11616,B-Complex,Tablet,Vitamins,₹3.50,3,₹10.50,0.0,₹0.00,₹10.50,12.0,₹1.26,₹11.76,Cash,Walk-in,Tuesday,July
2026-07-28,INV-11617,Levocetirizine 5mg,Tablet,Allergy,₹2.20,3,₹6.60,0.0,₹0.00,₹6.60,12.0,₹0.79,₹7.39,UPI,Walk-in,Tuesday,July
2026-07-28,INV-11618,Meftal Spas,Tablet,Pain Relief,₹3.80,3,₹11.40,0.0,₹0.00,₹11.40,12.0,₹1.37,₹12.77,UPI,Walk-in,Tuesday,July
2026-07-29,INV-11619,Amlodipine 5mg,Tablet,Cardiac,₹1.80,2,₹3.60,0.0,₹0.00,₹3.60,5.0,₹0.18,₹3.78,UPI,Walk-in,Wednesday,July
2026-07-29,INV-11620,Cheston Cold,Tablet,Cough & Cold,₹4.00,1,₹4.00,0.0,₹0.00,₹4.00,5.0,₹0.20,₹4.20,Cash,Chronic,Wednesday,July
2026-07-29,INV-11621,Atorvastatin 10mg,Tablet,Cardiac,₹3.20,3,₹9.60,0.0,₹0.00,₹9.60,5.0,₹0.48,₹10.08,Card,Walk-in,Wednesday,July
2026-07-29,INV-11622,Crocin Advance,Tablet,Pain Relief,₹3.00,2,₹6.00,0.0,₹0.00,₹6.00,18.0,₹1.08,₹7.08,UPI,Walk-in,Wednesday,July
2026-07-29,INV-11623,Paracetamol 500mg,Tablet,Pain Relief,₹2.50,2,₹5.00,0.0,₹0.00,₹5.00,12.0,₹0.60,₹5.60,UPI,Walk-in,Wednesday,July
2026-07-29,INV-11624,ORS Orange,Sachet,Hydration,₹20.00,2,₹40.00,0.0,₹0.00,₹40.00,12.0,₹4.80,₹44.80,Cash,Chronic,Wednesday,July
2026-07-29,INV-11625,Telmisartan 40mg,Tablet,Cardiac,₹4.20,1,₹4.20,0.0,₹0.00,₹4.20,5.0,₹0.21,₹4.41,Cash,New Customer,Wednesday,July
2026-07-29,INV-11626,ORS Orange,Sachet,Hydration,₹20.00,2,₹40.00,0.0,₹0.00,₹40.00,18.0,₹7.20,₹47.20,UPI,Regular,Wednesday,July
2026-07-29,INV-11627,Azithromycin 500mg,Tablet,Antibiotic,₹12.50,2,₹25.00,2.0,₹0.50,₹24.50,5.0,₹1.23,₹25.73,UPI,Walk-in,Wednesday,July
2026-07-29,INV-11628,Meftal Spas,Tablet,Pain Relief,₹3.80,2,₹7.60,5.0,₹0.38,₹7.22,5.0,₹0.36,₹7.58,UPI,Walk-in,Wednesday,July
2026-07-29,INV-11629,Dettol Antiseptic 100ml,Liquid,Antiseptic,₹75.00,1,₹75.00,3.0,₹2.25,₹72.75,5.0,₹3.64,₹76.39,UPI,Chronic,Wednesday,July
2026-07-29,INV-11630,Glimepiride 1mg,Tablet,Diabetes,₹2.00,2,₹4.00,0.0,₹0.00,₹4.00,5.0,₹0.20,₹4.20,Cash,Regular,Wednesday,July
2026-07-29,INV-11631,Vitamin C 500mg,Tablet,Vitamins,₹2.80,1,₹2.80,3.0,₹0.08,₹2.72,5.0,₹0.14,₹2.86,UPI,Walk-in,Wednesday,July
2026-07-29,INV-11632,Cheston Cold,Tablet,Cough & Cold,₹4.00,2,₹8.00,0.0,₹0.00,₹8.00,12.0,₹0.96,₹8.96,UPI,Chronic,Wednesday,July
2026-07-29,INV-11633,Cheston Cold,Tablet,Cough & Cold,₹4.00,1,₹4.00,0.0,₹0.00,₹4.00,12.0,₹0.48,₹4.48,UPI,Walk-in,Wednesday,July
2026-07-29,INV-11634,B-Complex,Tablet,Vitamins,₹3.50,2,₹7.00,0.0,₹0.00,₹7.00,5.0,₹0.35,₹7.35,UPI,New Customer,Wednesday,July
2026-07-29,INV-11635,Atorvastatin 10mg,Tablet,Cardiac,₹3.20,3,₹9.60,0.0,₹0.00,₹9.60,12.0,₹1.15,₹10.75,Cash,Walk-in,Wednesday,July
2026-07-29,INV-11636,Pantoprazole 40mg,Tablet,Gastro,₹4.50,2,₹9.00,3.0,₹0.27,₹8.73,18.0,₹1.57,₹10.30,Cash,Walk-in,Wednesday,July
2026-07-29,INV-11637,B-Complex,Tablet,Vitamins,₹3.50,2,₹7.00,0.0,₹0.00,₹7.00,12.0,₹0.84,₹7.84,UPI,Walk-in,Wednesday,July
2026-07-29,INV-11638,Cough Syrup 100ml,Syrup,Cough & Cold,₹85.00,1,₹85.00,0.0,₹0.00,₹85.00,5.0,₹4.25,₹89.25,Cash,Chronic,Wednesday,July
2026-07-29,INV-11639,Volini Gel 30g,Gel,Pain Relief,₹110.00,3,₹330.00,3.0,₹9.90,₹320.10,5.0,₹16.00,₹336.10,UPI,Regular,Wednesday,July
2026-07-29,INV-11640,Amoxicillin 500mg,Capsule,Antibiotic,₹8.50,2,₹17.00,0.0,₹0.00,₹17.00,18.0,₹3.06,₹20.06,UPI,New Customer,Wednesday,July
2026-07-29,INV-11641,Amlodipine 5mg,Tablet,Cardiac,₹1.80,4,₹7.20,3.0,₹0.22,₹6.98,18.0,₹1.26,₹8.24,UPI,Regular,Wednesday,July
2026-07-29,INV-11642,Metformin 500mg,Tablet,Diabetes,₹1.50,2,₹3.00,5.0,₹0.15,₹2.85,12.0,₹0.34,₹3.19,UPI,Regular,Wednesday,July
2026-07-29,INV-11643,Vitamin C 500mg,Tablet,Vitamins,₹2.80,6,₹16.80,0.0,₹0.00,₹16.80,5.0,₹0.84,₹17.64,UPI,Regular,Wednesday,July
2026-07-29,INV-11644,ORS Orange,Sachet,Hydration,₹20.00,3,₹60.00,0.0,₹0.00,₹60.00,5.0,₹3.00,₹63.00,UPI,Walk-in,Wednesday,July
2026-07-29,INV-11645,Atorvastatin 10mg,Tablet,Cardiac,₹3.20,3,₹9.60,0.0,₹0.00,₹9.60,5.0,₹0.48,₹10.08,Cash,New Customer,Wednesday,July
2026-07-29,INV-11646,Digene Gel 200ml,Suspension,Gastro,₹125.00,3,₹375.00,0.0,₹0.00,₹375.00,5.0,₹18.75,₹393.75,UPI,Walk-in,Wednesday,July
2026-07-29,INV-11647,Metformin 500mg,Tablet,Diabetes,₹1.50,2,₹3.00,0.0,₹0.00,₹3.00,5.0,₹0.15,₹3.15,UPI,Walk-in,Wednesday,July
2026-07-29,INV-11648,Dolo 650,Tablet,Pain Relief,₹3.20,1,₹3.20,0.0,₹0.00,₹3.20,12.0,₹0.38,₹3.58,Card,Regular,Wednesday,July
2026-07-29,INV-11649,Cetirizine 10mg,Tablet,Allergy,₹1.80,2,₹3.60,3.0,₹0.11,₹3.49,5.0,₹0.17,₹3.66,UPI,Chronic,Wednesday,July
2026-07-29,INV-11650,Atorvastatin 10mg,Tablet,Cardiac,₹3.20,6,₹19.20,2.0,₹0.38,₹18.82,5.0,₹0.94,₹19.76,UPI,Walk-in,Wednesday,July
2026-07-29,INV-11651,Glimepiride 1mg,Tablet,Diabetes,₹2.00,1,₹2.00,0.0,₹0.00,₹2.00,5.0,₹0.10,₹2.10,UPI,Walk-in,Wednesday,July
2026-07-29,INV-11652,Atorvastatin 10mg,Tablet,Cardiac,₹3.20,1,₹3.20,0.0,₹0.00,₹3.20,12.0,₹0.38,₹3.58,Cash,Chronic,Wednesday,July
2026-07-29,INV-11653,Digene Gel 200ml,Suspension,Gastro,₹125.00,1,₹125.00,0.0,₹0.00,₹125.00,12.0,₹15.00,₹140.00,UPI,Walk-in,Wednesday,July
2026-07-29,INV-11654,Cough Syrup 100ml,Syrup,Cough & Cold,₹85.00,3,₹255.00,0.0,₹0.00,₹255.00,18.0,₹45.90,₹300.90,UPI,Walk-in,Wednesday,July
2026-07-29,INV-11655,Omeprazole 20mg,Capsule,Gastro,₹3.80,4,₹15.20,3.0,₹0.46,₹14.74,12.0,₹1.77,₹16.51,Cash,New Customer,Wednesday,July
2026-07-29,INV-11656,Betadine 100ml,Solution,Antiseptic,₹85.00,4,₹340.00,0.0,₹0.00,₹340.00,12.0,₹40.80,₹380.80,UPI,New Customer,Wednesday,July
2026-07-29,INV-11657,Amoxicillin 500mg,Capsule,Antibiotic,₹8.50,2,₹17.00,3.0,₹0.51,₹16.49,5.0,₹0.82,₹17.31,UPI,Regular,Wednesday,July
2026-07-30,INV-11658,Atorvastatin 10mg,Tablet,Cardiac,₹3.20,2,₹6.40,0.0,₹0.00,₹6.40,5.0,₹0.32,₹6.72,Cash,Chronic,Thursday,July
2026-07-30,INV-11659,Cheston Cold,Tablet,Cough & Cold,₹4.00,2,₹8.00,0.0,₹0.00,₹8.00,5.0,₹0.40,₹8.40,UPI,Walk-in,Thursday,July
2026-07-30,INV-11660,Calcium + D3,Tablet,Vitamins,₹6.00,1,₹6.00,2.0,₹0.12,₹5.88,12.0,₹0.71,₹6.59,Cash,Walk-in,Thursday,July
2026-07-30,INV-11661,Amlodipine 5mg,Tablet,Cardiac,₹1.80,1,₹1.80,0.0,₹0.00,₹1.80,5.0,₹0.09,₹1.89,UPI,Walk-in,Thursday,July
2026-07-30,INV-11662,Crocin Advance,Tablet,Pain Relief,₹3.00,1,₹3.00,2.0,₹0.06,₹2.94,5.0,₹0.15,₹3.09,UPI,Walk-in,Thursday,July
2026-07-30,INV-11663,Multivitamin Syrup 200ml,Syrup,Vitamins,₹145.00,2,₹290.00,0.0,₹0.00,₹290.00,12.0,₹34.80,₹324.80,Cash,Regular,Thursday,July
2026-07-30,INV-11664,Vicks Action 500,Tablet,Cough & Cold,₹5.00,2,₹10.00,0.0,₹0.00,₹10.00,12.0,₹1.20,₹11.20,Card,Walk-in,Thursday,July
2026-07-30,INV-11665,Telmisartan 40mg,Tablet,Cardiac,₹4.20,3,₹12.60,0.0,₹0.00,₹12.60,5.0,₹0.63,₹13.23,Card,Walk-in,Thursday,July
2026-07-30,INV-11666,Crocin Advance,Tablet,Pain Relief,₹3.00,3,₹9.00,0.0,₹0.00,₹9.00,12.0,₹1.08,₹10.08,UPI,Walk-in,Thursday,July
2026-07-30,INV-11667,Vitamin C 500mg,Tablet,Vitamins,₹2.80,4,₹11.20,0.0,₹0.00,₹11.20,5.0,₹0.56,₹11.76,Card,Walk-in,Thursday,July
2026-07-30,INV-11668,Vicks Action 500,Tablet,Cough & Cold,₹5.00,3,₹15.00,2.0,₹0.30,₹14.70,12.0,₹1.76,₹16.46,Cash,Walk-in,Thursday,July
2026-07-30,INV-11669,Amoxicillin 500mg,Capsule,Antibiotic,₹8.50,6,₹51.00,0.0,₹0.00,₹51.00,18.0,₹9.18,₹60.18,Cash,New Customer,Thursday,July
2026-07-30,INV-11670,ORS Lemon,Sachet,Hydration,₹22.00,2,₹44.00,2.0,₹0.88,₹43.12,12.0,₹5.17,₹48.29,UPI,New Customer,Thursday,July
2026-07-30,INV-11671,Omeprazole 20mg,Capsule,Gastro,₹3.80,3,₹11.40,0.0,₹0.00,₹11.40,12.0,₹1.37,₹12.77,UPI,Regular,Thursday,July
2026-07-30,INV-11672,Paracetamol 500mg,Tablet,Pain Relief,₹2.50,6,₹15.00,0.0,₹0.00,₹15.00,12.0,₹1.80,₹16.80,UPI,Walk-in,Thursday,July
2026-07-30,INV-11673,B-Complex,Tablet,Vitamins,₹3.50,3,₹10.50,0.0,₹0.00,₹10.50,5.0,₹0.53,₹11.03,UPI,Walk-in,Thursday,July
2026-07-30,INV-11674,Crocin Advance,Tablet,Pain Relief,₹3.00,4,₹12.00,0.0,₹0.00,₹12.00,5.0,₹0.60,₹12.60,UPI,Walk-in,Thursday,July
2026-07-30,INV-11675,Telmisartan 40mg,Tablet,Cardiac,₹4.20,3,₹12.60,0.0,₹0.00,₹12.60,5.0,₹0.63,₹13.23,Card,Walk-in,Thursday,July
2026-07-30,INV-11676,Electral ORS,Sachet,Hydration,₹20.00,2,₹40.00,0.0,₹0.00,₹40.00,12.0,₹4.80,₹44.80,UPI,New Customer,Thursday,July
2026-07-30,INV-11677,Glimepiride 1mg,Tablet,Diabetes,₹2.00,2,₹4.00,2.0,₹0.08,₹3.92,5.0,₹0.20,₹4.12,Card,Walk-in,Thursday,July
2026-07-30,INV-11678,Cetirizine 10mg,Tablet,Allergy,₹1.80,3,₹5.40,0.0,₹0.00,₹5.40,5.0,₹0.27,₹5.67,Card,Walk-in,Thursday,July
2026-07-30,INV-11679,Ondansetron 4mg,Tablet,Gastro,₹2.50,6,₹15.00,2.0,₹0.30,₹14.70,5.0,₹0.73,₹15.43,Cash,New Customer,Thursday,July
2026-07-30,INV-11680,Crocin Advance,Tablet,Pain Relief,₹3.00,2,₹6.00,3.0,₹0.18,₹5.82,5.0,₹0.29,₹6.11,UPI,Walk-in,Thursday,July
2026-07-30,INV-11681,Telmisartan 40mg,Tablet,Cardiac,₹4.20,3,₹12.60,0.0,₹0.00,₹12.60,5.0,₹0.63,₹13.23,UPI,Regular,Thursday,July
2026-07-30,INV-11682,Cetirizine 10mg,Tablet,Allergy,₹1.80,3,₹5.40,3.0,₹0.16,₹5.24,5.0,₹0.26,₹5.50,UPI,Walk-in,Thursday,July
2026-07-30,INV-11683,Pantoprazole 40mg,Tablet,Gastro,₹4.50,3,₹13.50,3.0,₹0.41,₹13.09,5.0,₹0.65,₹13.74,UPI,Walk-in,Thursday,July
2026-07-30,INV-11684,Vicks Action 500,Tablet,Cough & Cold,₹5.00,2,₹10.00,0.0,₹0.00,₹10.00,12.0,₹1.20,₹11.20,UPI,Walk-in,Thursday,July
2026-07-30,INV-11685,B-Complex,Tablet,Vitamins,₹3.50,2,₹7.00,0.0,₹0.00,₹7.00,5.0,₹0.35,₹7.35,Cash,Regular,Thursday,July
2026-07-30,INV-11686,Vitamin C 500mg,Tablet,Vitamins,₹2.80,1,₹2.80,0.0,₹0.00,₹2.80,5.0,₹0.14,₹2.94,UPI,Walk-in,Thursday,July
2026-07-30,INV-11687,Multivitamin Syrup 200ml,Syrup,Vitamins,₹145.00,4,₹580.00,2.0,₹11.60,₹568.40,5.0,₹28.42,₹596.82,Cash,Regular,Thursday,July
2026-07-31,INV-11688,Pantoprazole 40mg,Tablet,Gastro,₹4.50,2,₹9.00,0.0,₹0.00,₹9.00,5.0,₹0.45,₹9.45,UPI,Regular,Friday,July
2026-07-31,INV-11689,ORS Lemon,Sachet,Hydration,₹22.00,3,₹66.00,0.0,₹0.00,₹66.00,5.0,₹3.30,₹69.30,UPI,Regular,Friday,July
2026-07-31,INV-11690,Metformin 500mg,Tablet,Diabetes,₹1.50,2,₹3.00,0.0,₹0.00,₹3.00,5.0,₹0.15,₹3.15,Cash,Chronic,Friday,July
2026-07-31,INV-11691,Pantoprazole 40mg,Tablet,Gastro,₹4.50,2,₹9.00,0.0,₹0.00,₹9.00,5.0,₹0.45,₹9.45,Cash,Walk-in,Friday,July
2026-07-31,INV-11692,B-Complex,Tablet,Vitamins,₹3.50,2,₹7.00,0.0,₹0.00,₹7.00,5.0,₹0.35,₹7.35,UPI,Walk-in,Friday,July
2026-07-31,INV-11693,Vitamin C 500mg,Tablet,Vitamins,₹2.80,2,₹5.60,3.0,₹0.17,₹5.43,5.0,₹0.27,₹5.70,UPI,Chronic,Friday,July
2026-07-31,INV-11694,Pantoprazole 40mg,Tablet,Gastro,₹4.50,4,₹18.00,0.0,₹0.00,₹18.00,5.0,₹0.90,₹18.90,Cash,Regular,Friday,July
2026-07-31,INV-11695,Metformin 500mg,Tablet,Diabetes,₹1.50,8,₹12.00,0.0,₹0.00,₹12.00,12.0,₹1.44,₹13.44,Card,Regular,Friday,July
2026-07-31,INV-11696,Volini Gel 30g,Gel,Pain Relief,₹110.00,1,₹110.00,0.0,₹0.00,₹110.00,12.0,₹13.20,₹123.20,Card,Walk-in,Friday,July
2026-07-31,INV-11697,Vitamin C 500mg,Tablet,Vitamins,₹2.80,8,₹22.40,0.0,₹0.00,₹22.40,5.0,₹1.12,₹23.52,UPI,Regular,Friday,July
2026-07-31,INV-11698,Electral ORS,Sachet,Hydration,₹20.00,1,₹20.00,0.0,₹0.00,₹20.00,5.0,₹1.00,₹21.00,UPI,Regular,Friday,July
2026-07-31,INV-11699,Telmisartan 40mg,Tablet,Cardiac,₹4.20,6,₹25.20,0.0,₹0.00,₹25.20,5.0,₹1.26,₹26.46,UPI,Regular,Friday,July
2026-07-31,INV-11700,Calcium + D3,Tablet,Vitamins,₹6.00,1,₹6.00,2.0,₹0.12,₹5.88,5.0,₹0.29,₹6.17,Card,Walk-in,Friday,July
2026-07-31,INV-11701,Betadine 100ml,Solution,Antiseptic,₹85.00,2,₹170.00,0.0,₹0.00,₹170.00,5.0,₹8.50,₹178.50,UPI,Chronic,Friday,July
2026-07-31,INV-11702,Amlodipine 5mg,Tablet,Cardiac,₹1.80,8,₹14.40,0.0,₹0.00,₹14.40,5.0,₹0.72,₹15.12,UPI,Walk-in,Friday,July
2026-07-31,INV-11703,B-Complex,Tablet,Vitamins,₹3.50,2,₹7.00,0.0,₹0.00,₹7.00,5.0,₹0.35,₹7.35,UPI,Regular,Friday,July
2026-07-31,INV-11704,Azithromycin 500mg,Tablet,Antibiotic,₹12.50,4,₹50.00,0.0,₹0.00,₹50.00,5.0,₹2.50,₹52.50,UPI,Walk-in,Friday,July
2026-07-31,INV-11705,Atorvastatin 10mg,Tablet,Cardiac,₹3.20,2,₹6.40,0.0,₹0.00,₹6.40,5.0,₹0.32,₹6.72,UPI,Walk-in,Friday,July
2026-07-31,INV-11706,Telmisartan 40mg,Tablet,Cardiac,₹4.20,2,₹8.40,0.0,₹0.00,₹8.40,5.0,₹0.42,₹8.82,UPI,Walk-in,Friday,July
2026-07-31,INV-11707,Betadine 100ml,Solution,Antiseptic,₹85.00,3,₹255.00,0.0,₹0.00,₹255.00,5.0,₹12.75,₹267.75,Cash,Walk-in,Friday,July
2026-07-31,INV-11708,Omeprazole 20mg,Capsule,Gastro,₹3.80,2,₹7.60,0.0,₹0.00,₹7.60,5.0,₹0.38,₹7.98,Cash,Regular,Friday,July
2026-07-31,INV-11709,Meftal Spas,Tablet,Pain Relief,₹3.80,4,₹15.20,0.0,₹0.00,₹15.20,5.0,₹0.76,₹15.96,UPI,Walk-in,Friday,July
2026-07-31,INV-11710,Levocetirizine 5mg,Tablet,Allergy,₹2.20,2,₹4.40,0.0,₹0.00,₹4.40,18.0,₹0.79,₹5.19,Cash,New Customer,Friday,July
2026-07-31,INV-11711,Paracetamol 500mg,Tablet,Pain Relief,₹2.50,2,₹5.00,5.0,₹0.25,₹4.75,5.0,₹0.24,₹4.99,Cash,Walk-in,Friday,July
2026-07-31,INV-11712,Levocetirizine 5mg,Tablet,Allergy,₹2.20,2,₹4.40,0.0,₹0.00,₹4.40,5.0,₹0.22,₹4.62,Card,Walk-in,Friday,July
2026-07-31,INV-11713,Volini Gel 30g,Gel,Pain Relief,₹110.00,4,₹440.00,0.0,₹0.00,₹440.00,5.0,₹22.00,₹462.00,Cash,Regular,Friday,July
2026-07-31,INV-11714,Levocetirizine 5mg,Tablet,Allergy,₹2.20,1,₹2.20,0.0,₹0.00,₹2.20,12.0,₹0.26,₹2.46,UPI,New Customer,Friday,July
2026-07-31,INV-11715,Cough Syrup 100ml,Syrup,Cough & Cold,₹85.00,1,₹85.00,0.0,₹0.00,₹85.00,5.0,₹4.25,₹89.25,UPI,New Customer,Friday,July
2026-07-31,INV-11716,Levocetirizine 5mg,Tablet,Allergy,₹2.20,2,₹4.40,0.0,₹0.00,₹4.40,5.0,₹0.22,₹4.62,Card,Walk-in,Friday,July
2026-07-31,INV-11717,Pantoprazole 40mg,Tablet,Gastro,₹4.50,1,₹4.50,0.0,₹0.00,₹4.50,12.0,₹0.54,₹5.04,UPI,Regular,Friday,July
2026-07-31,INV-11718,Glimepiride 1mg,Tablet,Diabetes,₹2.00,1,₹2.00,0.0,₹0.00,₹2.00,12.0,₹0.24,₹2.24,Cash,Walk-in,Friday,July
2026-07-31,INV-11719,Crocin Advance,Tablet,Pain Relief,₹3.00,1,₹3.00,0.0,₹0.00,₹3.00,5.0,₹0.15,₹3.15,UPI,Walk-in,Friday,July
2026-07-31,INV-11720,B-Complex,Tablet,Vitamins,₹3.50,4,₹14.00,0.0,₹0.00,₹14.00,5.0,₹0.70,₹14.70,UPI,Walk-in,Friday,July
2026-07-31,INV-11721,ORS Lemon,Sachet,Hydration,₹22.00,5,₹110.00,0.0,₹0.00,₹110.00,5.0,₹5.50,₹115.50,UPI,Walk-in,Friday,July
2026-08-01,INV-11722,Cheston Cold,Tablet,Cough & Cold,₹4.00,4,₹16.00,0.0,₹0.00,₹16.00,12.0,₹1.92,₹17.92,UPI,Walk-in,Saturday,August
2026-08-01,INV-11723,Volini Gel 30g,Gel,Pain Relief,₹110.00,2,₹220.00,0.0,₹0.00,₹220.00,5.0,₹11.00,₹231.00,UPI,Walk-in,Saturday,August
2026-08-01,INV-11724,Metformin 500mg,Tablet,Diabetes,₹1.50,2,₹3.00,0.0,₹0.00,₹3.00,5.0,₹0.15,₹3.15,UPI,Walk-in,Saturday,August
2026-08-01,INV-11725,Cough Syrup 100ml,Syrup,Cough & Cold,₹85.00,1,₹85.00,2.0,₹1.70,₹83.30,12.0,₹10.00,₹93.30,Cash,Walk-in,Saturday,August
2026-08-01,INV-11726,Pantoprazole 40mg,Tablet,Gastro,₹4.50,3,₹13.50,2.0,₹0.27,₹13.23,12.0,₹1.59,₹14.82,UPI,Walk-in,Saturday,August
2026-08-01,INV-11727,Atorvastatin 10mg,Tablet,Cardiac,₹3.20,3,₹9.60,0.0,₹0.00,₹9.60,18.0,₹1.73,₹11.33,Card,Walk-in,Saturday,August
2026-08-01,INV-11728,Vitamin C 500mg,Tablet,Vitamins,₹2.80,4,₹11.20,0.0,₹0.00,₹11.20,5.0,₹0.56,₹11.76,Card,Regular,Saturday,August
2026-08-01,INV-11729,Cheston Cold,Tablet,Cough & Cold,₹4.00,2,₹8.00,0.0,₹0.00,₹8.00,5.0,₹0.40,₹8.40,UPI,Regular,Saturday,August
2026-08-01,INV-11730,Multivitamin Syrup 200ml,Syrup,Vitamins,₹145.00,2,₹290.00,0.0,₹0.00,₹290.00,5.0,₹14.50,₹304.50,Card,Walk-in,Saturday,August
2026-08-01,INV-11731,Multivitamin Syrup 200ml,Syrup,Vitamins,₹145.00,1,₹145.00,0.0,₹0.00,₹145.00,5.0,₹7.25,₹152.25,Cash,Regular,Saturday,August
2026-08-01,INV-11732,Betadine 100ml,Solution,Antiseptic,₹85.00,1,₹85.00,3.0,₹2.55,₹82.45,5.0,₹4.12,₹86.57,Cash,Walk-in,Saturday,August
2026-08-01,INV-11733,Vitamin C 500mg,Tablet,Vitamins,₹2.80,2,₹5.60,0.0,₹0.00,₹5.60,5.0,₹0.28,₹5.88,UPI,Walk-in,Saturday,August
2026-08-01,INV-11734,Volini Gel 30g,Gel,Pain Relief,₹110.00,3,₹330.00,2.0,₹6.60,₹323.40,5.0,₹16.17,₹339.57,UPI,Regular,Saturday,August
2026-08-01,INV-11735,Paracetamol 500mg,Tablet,Pain Relief,₹2.50,1,₹2.50,0.0,₹0.00,₹2.50,5.0,₹0.12,₹2.62,Cash,Walk-in,Saturday,August
2026-08-01,INV-11736,Volini Gel 30g,Gel,Pain Relief,₹110.00,2,₹220.00,3.0,₹6.60,₹213.40,12.0,₹25.61,₹239.01,Cash,Regular,Saturday,August
2026-08-01,INV-11737,Volini Gel 30g,Gel,Pain Relief,₹110.00,2,₹220.00,0.0,₹0.00,₹220.00,5.0,₹11.00,₹231.00,Cash,Walk-in,Saturday,August
2026-08-01,INV-11738,Azithromycin 500mg,Tablet,Antibiotic,₹12.50,3,₹37.50,0.0,₹0.00,₹37.50,12.0,₹4.50,₹42.00,Cash,Regular,Saturday,August
2026-08-01,INV-11739,Pantoprazole 40mg,Tablet,Gastro,₹4.50,2,₹9.00,0.0,₹0.00,₹9.00,5.0,₹0.45,₹9.45,UPI,Walk-in,Saturday,August
2026-08-01,INV-11740,Paracetamol 500mg,Tablet,Pain Relief,₹2.50,2,₹5.00,3.0,₹0.15,₹4.85,5.0,₹0.24,₹5.09,Cash,Regular,Saturday,August
2026-08-01,INV-11741,Betadine 100ml,Solution,Antiseptic,₹85.00,2,₹170.00,0.0,₹0.00,₹170.00,12.0,₹20.40,₹190.40,Cash,Chronic,Saturday,August
2026-08-01,INV-11742,Metformin 500mg,Tablet,Diabetes,₹1.50,2,₹3.00,0.0,₹0.00,₹3.00,12.0,₹0.36,₹3.36,Cash,Walk-in,Saturday,August
2026-08-01,INV-11743,Amlodipine 5mg,Tablet,Cardiac,₹1.80,6,₹10.80,0.0,₹0.00,₹10.80,5.0,₹0.54,₹11.34,UPI,Chronic,Saturday,August
2026-08-01,INV-11744,Paracetamol 500mg,Tablet,Pain Relief,₹2.50,2,₹5.00,0.0,₹0.00,₹5.00,12.0,₹0.60,₹5.60,UPI,Regular,Saturday,August
2026-08-01,INV-11745,Electral ORS,Sachet,Hydration,₹20.00,4,₹80.00,0.0,₹0.00,₹80.00,5.0,₹4.00,₹84.00,UPI,Chronic,Saturday,August
2026-08-01,INV-11746,Meftal Spas,Tablet,Pain Relief,₹3.80,1,₹3.80,0.0,₹0.00,₹3.80,12.0,₹0.46,₹4.26,UPI,Walk-in,Saturday,August
2026-08-01,INV-11747,Dolo 650,Tablet,Pain Relief,₹3.20,1,₹3.20,3.0,₹0.10,₹3.10,5.0,₹0.15,₹3.25,Cash,Walk-in,Saturday,August
2026-08-01,INV-11748,Paracetamol 500mg,Tablet,Pain Relief,₹2.50,2,₹5.00,0.0,₹0.00,₹5.00,12.0,₹0.60,₹5.60,Cash,Walk-in,Saturday,August
2026-08-01,INV-11749,Vitamin C 500mg,Tablet,Vitamins,₹2.80,3,₹8.40,0.0,₹0.00,₹8.40,5.0,₹0.42,₹8.82,UPI,Regular,Saturday,August
2026-08-01,INV-11750,Glimepiride 1mg,Tablet,Diabetes,₹2.00,6,₹12.00,2.0,₹0.24,₹11.76,5.0,₹0.59,₹12.35,Cash,Walk-in,Saturday,August
2026-08-01,INV-11751,Vicks Action 500,Tablet,Cough & Cold,₹5.00,1,₹5.00,0.0,₹0.00,₹5.00,12.0,₹0.60,₹5.60,UPI,Chronic,Saturday,August
2026-08-01,INV-11752,Vicks Action 500,Tablet,Cough & Cold,₹5.00,3,₹15.00,0.0,₹0.00,₹15.00,12.0,₹1.80,₹16.80,Cash,Walk-in,Saturday,August
2026-08-01,INV-11753,ORS Lemon,Sachet,Hydration,₹22.00,1,₹22.00,0.0,₹0.00,₹22.00,5.0,₹1.10,₹23.10,UPI,Regular,Saturday,August
2026-08-01,INV-11754,Amlodipine 5mg,Tablet,Cardiac,₹1.80,3,₹5.40,2.0,₹0.11,₹5.29,18.0,₹0.95,₹6.24,Cash,Walk-in,Saturday,August
2026-08-01,INV-11755,Metformin 500mg,Tablet,Diabetes,₹1.50,2,₹3.00,0.0,₹0.00,₹3.00,5.0,₹0.15,₹3.15,UPI,Chronic,Saturday,August
2026-08-01,INV-11756,Atorvastatin 10mg,Tablet,Cardiac,₹3.20,1,₹3.20,0.0,₹0.00,₹3.20,12.0,₹0.38,₹3.58,Card,Walk-in,Saturday,August
2026-08-01,INV-11757,Multivitamin Syrup 200ml,Syrup,Vitamins,₹145.00,5,₹725.00,0.0,₹0.00,₹725.00,18.0,₹130.50,₹855.50,Card,New Customer,Saturday,August
2026-08-01,INV-11758,ORS Lemon,Sachet,Hydration,₹22.00,1,₹22.00,0.0,₹0.00,₹22.00,5.0,₹1.10,₹23.10,UPI,New Customer,Saturday,August
2026-08-01,INV-11759,Crocin Advance,Tablet,Pain Relief,₹3.00,3,₹9.00,0.0,₹0.00,₹9.00,12.0,₹1.08,₹10.08,Cash,Walk-in,Saturday,August
2026-08-01,INV-11760,Volini Gel 30g,Gel,Pain Relief,₹110.00,2,₹220.00,0.0,₹0.00,₹220.00,12.0,₹26.40,₹246.40,Card,Walk-in,Saturday,August
2026-08-01,INV-11761,Multivitamin Syrup 200ml,Syrup,Vitamins,₹145.00,2,₹290.00,0.0,₹0.00,₹290.00,5.0,₹14.50,₹304.50,UPI,New Customer,Saturday,August
2026-08-01,INV-11762,Cheston Cold,Tablet,Cough & Cold,₹4.00,3,₹12.00,0.0,₹0.00,₹12.00,5.0,₹0.60,₹12.60,Cash,Regular,Saturday,August
2026-08-01,INV-11763,Glimepiride 1mg,Tablet,Diabetes,₹2.00,1,₹2.00,0.0,₹0.00,₹2.00,5.0,₹0.10,₹2.10,Cash,Walk-in,Saturday,August
2026-08-01,INV-11764,Cetirizine 10mg,Tablet,Allergy,₹1.80,2,₹3.60,3.0,₹0.11,₹3.49,18.0,₹0.63,₹4.12,UPI,Walk-in,Saturday,August
2026-08-01,INV-11765,Crocin Advance,Tablet,Pain Relief,₹3.00,4,₹12.00,0.0,₹0.00,₹12.00,12.0,₹1.44,₹13.44,Cash,Regular,Saturday,August
2026-08-01,INV-11766,Omeprazole 20mg,Capsule,Gastro,₹3.80,4,₹15.20,0.0,₹0.00,₹15.20,5.0,₹0.76,₹15.96,UPI,New Customer,Saturday,August
2026-08-01,INV-11767,Electral ORS,Sachet,Hydration,₹20.00,1,₹20.00,2.0,₹0.40,₹19.60,18.0,₹3.53,₹23.13,Cash,Chronic,Saturday,August
2026-08-01,INV-11768,Cheston Cold,Tablet,Cough & Cold,₹4.00,3,₹12.00,0.0,₹0.00,₹12.00,5.0,₹0.60,₹12.60,UPI,Walk-in,Saturday,August
2026-08-01,INV-11769,B-Complex,Tablet,Vitamins,₹3.50,3,₹10.50,2.0,₹0.21,₹10.29,5.0,₹0.51,₹10.80,UPI,Walk-in,Saturday,August
2026-08-01,INV-11770,Amlodipine 5mg,Tablet,Cardiac,₹1.80,4,₹7.20,0.0,₹0.00,₹7.20,12.0,₹0.86,₹8.06,UPI,Chronic,Saturday,August
2026-08-01,INV-11771,Volini Gel 30g,Gel,Pain Relief,₹110.00,2,₹220.00,3.0,₹6.60,₹213.40,5.0,₹10.67,₹224.07,Cash,New Customer,Saturday,August
2026-08-02,INV-11772,B-Complex,Tablet,Vitamins,₹3.50,2,₹7.00,3.0,₹0.21,₹6.79,5.0,₹0.34,₹7.13,UPI,Regular,Sunday,August
2026-08-02,INV-11773,Paracetamol 500mg,Tablet,Pain Relief,₹2.50,2,₹5.00,0.0,₹0.00,₹5.00,5.0,₹0.25,₹5.25,Card,Walk-in,Sunday,August
2026-08-02,INV-11774,Glimepiride 1mg,Tablet,Diabetes,₹2.00,2,₹4.00,0.0,₹0.00,₹4.00,5.0,₹0.20,₹4.20,Cash,Regular,Sunday,August
2026-08-02,INV-11775,Meftal Spas,Tablet,Pain Relief,₹3.80,1,₹3.80,0.0,₹0.00,₹3.80,5.0,₹0.19,₹3.99,UPI,Regular,Sunday,August
2026-08-02,INV-11776,Omeprazole 20mg,Capsule,Gastro,₹3.80,2,₹7.60,0.0,₹0.00,₹7.60,12.0,₹0.91,₹8.51,Card,Walk-in,Sunday,August
2026-08-02,INV-11777,Vicks Action 500,Tablet,Cough & Cold,₹5.00,5,₹25.00,2.0,₹0.50,₹24.50,12.0,₹2.94,₹27.44,Cash,Walk-in,Sunday,August
2026-08-02,INV-11778,Glimepiride 1mg,Tablet,Diabetes,₹2.00,1,₹2.00,2.0,₹0.04,₹1.96,5.0,₹0.10,₹2.06,UPI,Regular,Sunday,August
2026-08-02,INV-11779,Telmisartan 40mg,Tablet,Cardiac,₹4.20,3,₹12.60,0.0,₹0.00,₹12.60,5.0,₹0.63,₹13.23,UPI,Walk-in,Sunday,August
2026-08-02,INV-11780,Metformin 500mg,Tablet,Diabetes,₹1.50,2,₹3.00,0.0,₹0.00,₹3.00,5.0,₹0.15,₹3.15,UPI,New Customer,Sunday,August
2026-08-02,INV-11781,Volini Gel 30g,Gel,Pain Relief,₹110.00,4,₹440.00,0.0,₹0.00,₹440.00,5.0,₹22.00,₹462.00,Cash,Walk-in,Sunday,August
2026-08-02,INV-11782,Calcium + D3,Tablet,Vitamins,₹6.00,5,₹30.00,0.0,₹0.00,₹30.00,18.0,₹5.40,₹35.40,UPI,Walk-in,Sunday,August
2026-08-02,INV-11783,Cough Syrup 100ml,Syrup,Cough & Cold,₹85.00,1,₹85.00,0.0,₹0.00,₹85.00,5.0,₹4.25,₹89.25,Cash,Walk-in,Sunday,August
2026-08-02,INV-11784,ORS Lemon,Sachet,Hydration,₹22.00,4,₹88.00,0.0,₹0.00,₹88.00,5.0,₹4.40,₹92.40,UPI,Regular,Sunday,August
2026-08-02,INV-11785,Cheston Cold,Tablet,Cough & Cold,₹4.00,2,₹8.00,5.0,₹0.40,₹7.60,12.0,₹0.91,₹8.51,UPI,Chronic,Sunday,August
2026-08-02,INV-11786,Vitamin C 500mg,Tablet,Vitamins,₹2.80,1,₹2.80,0.0,₹0.00,₹2.80,5.0,₹0.14,₹2.94,Cash,Walk-in,Sunday,August
2026-08-02,INV-11787,Dettol Antiseptic 100ml,Liquid,Antiseptic,₹75.00,2,₹150.00,0.0,₹0.00,₹150.00,18.0,₹27.00,₹177.00,Card,Regular,Sunday,August
2026-08-02,INV-11788,Paracetamol 500mg,Tablet,Pain Relief,₹2.50,1,₹2.50,0.0,₹0.00,₹2.50,5.0,₹0.12,₹2.62,UPI,Walk-in,Sunday,August
2026-08-02,INV-11789,Cheston Cold,Tablet,Cough & Cold,₹4.00,2,₹8.00,0.0,₹0.00,₹8.00,5.0,₹0.40,₹8.40,UPI,Walk-in,Sunday,August
2026-08-02,INV-11790,Atorvastatin 10mg,Tablet,Cardiac,₹3.20,3,₹9.60,0.0,₹0.00,₹9.60,5.0,₹0.48,₹10.08,Cash,Walk-in,Sunday,August
2026-08-02,INV-11791,Omeprazole 20mg,Capsule,Gastro,₹3.80,3,₹11.40,2.0,₹0.23,₹11.17,12.0,₹1.34,₹12.51,UPI,Walk-in,Sunday,August
2026-08-02,INV-11792,Meftal Spas,Tablet,Pain Relief,₹3.80,2,₹7.60,0.0,₹0.00,₹7.60,12.0,₹0.91,₹8.51,UPI,Walk-in,Sunday,August
2026-08-02,INV-11793,Telmisartan 40mg,Tablet,Cardiac,₹4.20,3,₹12.60,0.0,₹0.00,₹12.60,5.0,₹0.63,₹13.23,UPI,Walk-in,Sunday,August
2026-08-02,INV-11794,Digene Gel 200ml,Suspension,Gastro,₹125.00,6,₹750.00,5.0,₹37.50,₹712.50,5.0,₹35.62,₹748.12,Cash,Walk-in,Sunday,August
2026-08-02,INV-11795,Amlodipine 5mg,Tablet,Cardiac,₹1.80,2,₹3.60,2.0,₹0.07,₹3.53,5.0,₹0.18,₹3.71,Card,Regular,Sunday,August
2026-08-02,INV-11796,Dettol Antiseptic 100ml,Liquid,Antiseptic,₹75.00,3,₹225.00,0.0,₹0.00,₹225.00,12.0,₹27.00,₹252.00,Card,Chronic,Sunday,August
2026-08-02,INV-11797,Levocetirizine 5mg,Tablet,Allergy,₹2.20,2,₹4.40,0.0,₹0.00,₹4.40,5.0,₹0.22,₹4.62,Cash,Chronic,Sunday,August
2026-08-02,INV-11798,Omeprazole 20mg,Capsule,Gastro,₹3.80,2,₹7.60,0.0,₹0.00,₹7.60,18.0,₹1.37,₹8.97,UPI,Walk-in,Sunday,August
2026-08-02,INV-11799,Vicks Action 500,Tablet,Cough & Cold,₹5.00,5,₹25.00,3.0,₹0.75,₹24.25,5.0,₹1.21,₹25.46,UPI,Walk-in,Sunday,August
2026-08-02,INV-11800,Volini Gel 30g,Gel,Pain Relief,₹110.00,2,₹220.00,0.0,₹0.00,₹220.00,18.0,₹39.60,₹259.60,UPI,Walk-in,Sunday,August
2026-08-02,INV-11801,Cheston Cold,Tablet,Cough & Cold,₹4.00,1,₹4.00,0.0,₹0.00,₹4.00,18.0,₹0.72,₹4.72,UPI,Chronic,Sunday,August
2026-08-02,INV-11802,Vitamin C 500mg,Tablet,Vitamins,₹2.80,3,₹8.40,3.0,₹0.25,₹8.15,5.0,₹0.41,₹8.56,UPI,Regular,Sunday,August
2026-08-02,INV-11803,Levocetirizine 5mg,Tablet,Allergy,₹2.20,1,₹2.20,0.0,₹0.00,₹2.20,5.0,₹0.11,₹2.31,Cash,Walk-in,Sunday,August
2026-08-02,INV-11804,Calcium + D3,Tablet,Vitamins,₹6.00,1,₹6.00,3.0,₹0.18,₹5.82,5.0,₹0.29,₹6.11,Cash,Regular,Sunday,August
2026-08-02,INV-11805,Metformin 500mg,Tablet,Diabetes,₹1.50,5,₹7.50,3.0,₹0.23,₹7.27,5.0,₹0.36,₹7.63,UPI,Regular,Sunday,August
2026-08-02,INV-11806,Metformin 500mg,Tablet,Diabetes,₹1.50,8,₹12.00,3.0,₹0.36,₹11.64,5.0,₹0.58,₹12.22,Card,Regular,Sunday,August
2026-08-02,INV-11807,Cetirizine 10mg,Tablet,Allergy,₹1.80,5,₹9.00,0.0,₹0.00,₹9.00,18.0,₹1.62,₹10.62,UPI,Walk-in,Sunday,August
2026-08-02,INV-11808,Cheston Cold,Tablet,Cough & Cold,₹4.00,1,₹4.00,0.0,₹0.00,₹4.00,12.0,₹0.48,₹4.48,UPI,Chronic,Sunday,August
2026-08-02,INV-11809,Calcium + D3,Tablet,Vitamins,₹6.00,1,₹6.00,0.0,₹0.00,₹6.00,12.0,₹0.72,₹6.72,UPI,New Customer,Sunday,August
2026-08-02,INV-11810,Dolo 650,Tablet,Pain Relief,₹3.20,2,₹6.40,3.0,₹0.19,₹6.21,5.0,₹0.31,₹6.52,UPI,Regular,Sunday,August
2026-08-02,INV-11811,Pantoprazole 40mg,Tablet,Gastro,₹4.50,2,₹9.00,2.0,₹0.18,₹8.82,5.0,₹0.44,₹9.26,UPI,Walk-in,Sunday,August
2026-08-02,INV-11812,B-Complex,Tablet,Vitamins,₹3.50,1,₹3.50,0.0,₹0.00,₹3.50,12.0,₹0.42,₹3.92,Cash,Walk-in,Sunday,August
2026-08-02,INV-11813,Meftal Spas,Tablet,Pain Relief,₹3.80,3,₹11.40,2.0,₹0.23,₹11.17,18.0,₹2.01,₹13.18,UPI,Chronic,Sunday,August
2026-08-02,INV-11814,Cetirizine 10mg,Tablet,Allergy,₹1.80,4,₹7.20,0.0,₹0.00,₹7.20,5.0,₹0.36,₹7.56,Cash,New Customer,Sunday,August
2026-08-02,INV-11815,Amoxicillin 500mg,Capsule,Antibiotic,₹8.50,1,₹8.50,0.0,₹0.00,₹8.50,12.0,₹1.02,₹9.52,Cash,New Customer,Sunday,August
2026-08-02,INV-11816,Amoxicillin 500mg,Capsule,Antibiotic,₹8.50,2,₹17.00,0.0,₹0.00,₹17.00,12.0,₹2.04,₹19.04,UPI,Walk-in,Sunday,August
2026-08-02,INV-11817,Digene Gel 200ml,Suspension,Gastro,₹125.00,3,₹375.00,0.0,₹0.00,₹375.00,5.0,₹18.75,₹393.75,UPI,Walk-in,Sunday,August
2026-08-03,INV-11818,Omeprazole 20mg,Capsule,Gastro,₹3.80,3,₹11.40,0.0,₹0.00,₹11.40,18.0,₹2.05,₹13.45,UPI,Regular,Monday,August
2026-08-03,INV-11819,Betadine 100ml,Solution,Antiseptic,₹85.00,6,₹510.00,0.0,₹0.00,₹510.00,12.0,₹61.20,₹571.20,Card,Regular,Monday,August
2026-08-03,INV-11820,Calcium + D3,Tablet,Vitamins,₹6.00,1,₹6.00,3.0,₹0.18,₹5.82,5.0,₹0.29,₹6.11,Cash,Chronic,Monday,August
2026-08-03,INV-11821,Cough Syrup 100ml,Syrup,Cough & Cold,₹85.00,3,₹255.00,0.0,₹0.00,₹255.00,5.0,₹12.75,₹267.75,Cash,Walk-in,Monday,August
2026-08-03,INV-11822,Paracetamol 500mg,Tablet,Pain Relief,₹2.50,1,₹2.50,0.0,₹0.00,₹2.50,12.0,₹0.30,₹2.80,UPI,Chronic,Monday,August
2026-08-03,INV-11823,ORS Lemon,Sachet,Hydration,₹22.00,1,₹22.00,0.0,₹0.00,₹22.00,18.0,₹3.96,₹25.96,Cash,New Customer,Monday,August
2026-08-03,INV-11824,Atorvastatin 10mg,Tablet,Cardiac,₹3.20,2,₹6.40,0.0,₹0.00,₹6.40,18.0,₹1.15,₹7.55,Card,Chronic,Monday,August
2026-08-03,INV-11825,Atorvastatin 10mg,Tablet,Cardiac,₹3.20,4,₹12.80,0.0,₹0.00,₹12.80,5.0,₹0.64,₹13.44,Cash,Walk-in,Monday,August
2026-08-03,INV-11826,Atorvastatin 10mg,Tablet,Cardiac,₹3.20,2,₹6.40,0.0,₹0.00,₹6.40,5.0,₹0.32,₹6.72,Cash,Walk-in,Monday,August
2026-08-03,INV-11827,Azithromycin 500mg,Tablet,Antibiotic,₹12.50,1,₹12.50,0.0,₹0.00,₹12.50,5.0,₹0.62,₹13.12,UPI,Chronic,Monday,August
2026-08-03,INV-11828,Atorvastatin 10mg,Tablet,Cardiac,₹3.20,2,₹6.40,0.0,₹0.00,₹6.40,5.0,₹0.32,₹6.72,UPI,Walk-in,Monday,August
2026-08-03,INV-11829,Amlodipine 5mg,Tablet,Cardiac,₹1.80,4,₹7.20,0.0,₹0.00,₹7.20,5.0,₹0.36,₹7.56,Cash,Walk-in,Monday,August
2026-08-03,INV-11830,Cough Syrup 100ml,Syrup,Cough & Cold,₹85.00,2,₹170.00,3.0,₹5.10,₹164.90,5.0,₹8.24,₹173.14,UPI,Regular,Monday,August
2026-08-03,INV-11831,Meftal Spas,Tablet,Pain Relief,₹3.80,2,₹7.60,0.0,₹0.00,₹7.60,5.0,₹0.38,₹7.98,UPI,Regular,Monday,August
2026-08-03,INV-11832,Dolo 650,Tablet,Pain Relief,₹3.20,5,₹16.00,0.0,₹0.00,₹16.00,5.0,₹0.80,₹16.80,Cash,Walk-in,Monday,August
2026-08-03,INV-11833,Pantoprazole 40mg,Tablet,Gastro,₹4.50,2,₹9.00,0.0,₹0.00,₹9.00,12.0,₹1.08,₹10.08,Cash,Regular,Monday,August
2026-08-03,INV-11834,B-Complex,Tablet,Vitamins,₹3.50,1,₹3.50,0.0,₹0.00,₹3.50,12.0,₹0.42,₹3.92,UPI,New Customer,Monday,August
2026-08-03,INV-11835,Meftal Spas,Tablet,Pain Relief,₹3.80,1,₹3.80,0.0,₹0.00,₹3.80,18.0,₹0.68,₹4.48,UPI,Walk-in,Monday,August
2026-08-03,INV-11836,Digene Gel 200ml,Suspension,Gastro,₹125.00,2,₹250.00,5.0,₹12.50,₹237.50,12.0,₹28.50,₹266.00,UPI,Regular,Monday,August
2026-08-03,INV-11837,Multivitamin Syrup 200ml,Syrup,Vitamins,₹145.00,2,₹290.00,0.0,₹0.00,₹290.00,18.0,₹52.20,₹342.20,UPI,Regular,Monday,August
2026-08-03,INV-11838,Vicks Action 500,Tablet,Cough & Cold,₹5.00,5,₹25.00,5.0,₹1.25,₹23.75,5.0,₹1.19,₹24.94,UPI,Regular,Monday,August
2026-08-03,INV-11839,Cough Syrup 100ml,Syrup,Cough & Cold,₹85.00,3,₹255.00,0.0,₹0.00,₹255.00,18.0,₹45.90,₹300.90,Cash,Walk-in,Monday,August
2026-08-03,INV-11840,Vicks Action 500,Tablet,Cough & Cold,₹5.00,4,₹20.00,0.0,₹0.00,₹20.00,12.0,₹2.40,₹22.40,UPI,Regular,Monday,August
2026-08-03,INV-11841,Metformin 500mg,Tablet,Diabetes,₹1.50,2,₹3.00,0.0,₹0.00,₹3.00,12.0,₹0.36,₹3.36,UPI,Regular,Monday,August
2026-08-03,INV-11842,Cough Syrup 100ml,Syrup,Cough & Cold,₹85.00,2,₹170.00,5.0,₹8.50,₹161.50,5.0,₹8.07,₹169.57,Cash,Walk-in,Monday,August
2026-08-03,INV-11843,Meftal Spas,Tablet,Pain Relief,₹3.80,1,₹3.80,0.0,₹0.00,₹3.80,5.0,₹0.19,₹3.99,Cash,Regular,Monday,August
2026-08-03,INV-11844,Omeprazole 20mg,Capsule,Gastro,₹3.80,3,₹11.40,0.0,₹0.00,₹11.40,5.0,₹0.57,₹11.97,Cash,Chronic,Monday,August
2026-08-03,INV-11845,Crocin Advance,Tablet,Pain Relief,₹3.00,4,₹12.00,3.0,₹0.36,₹11.64,12.0,₹1.40,₹13.04,UPI,New Customer,Monday,August
2026-08-03,INV-11846,Crocin Advance,Tablet,Pain Relief,₹3.00,5,₹15.00,0.0,₹0.00,₹15.00,5.0,₹0.75,₹15.75,Cash,Chronic,Monday,August
2026-08-03,INV-11847,Dolo 650,Tablet,Pain Relief,₹3.20,1,₹3.20,0.0,₹0.00,₹3.20,12.0,₹0.38,₹3.58,Cash,Regular,Monday,August
2026-08-03,INV-11848,Paracetamol 500mg,Tablet,Pain Relief,₹2.50,5,₹12.50,0.0,₹0.00,₹12.50,5.0,₹0.62,₹13.12,Card,New Customer,Monday,August
2026-08-03,INV-11849,Calcium + D3,Tablet,Vitamins,₹6.00,2,₹12.00,2.0,₹0.24,₹11.76,12.0,₹1.41,₹13.17,UPI,Chronic,Monday,August
2026-08-03,INV-11850,Atorvastatin 10mg,Tablet,Cardiac,₹3.20,2,₹6.40,0.0,₹0.00,₹6.40,12.0,₹0.77,₹7.17,UPI,Walk-in,Monday,August
2026-08-03,INV-11851,B-Complex,Tablet,Vitamins,₹3.50,4,₹14.00,0.0,₹0.00,₹14.00,12.0,₹1.68,₹15.68,Card,Walk-in,Monday,August
2026-08-03,INV-11852,Telmisartan 40mg,Tablet,Cardiac,₹4.20,3,₹12.60,5.0,₹0.63,₹11.97,18.0,₹2.15,₹14.12,UPI,Walk-in,Monday,August
2026-08-03,INV-11853,Multivitamin Syrup 200ml,Syrup,Vitamins,₹145.00,3,₹435.00,0.0,₹0.00,₹435.00,12.0,₹52.20,₹487.20,UPI,Chronic,Monday,August
2026-08-03,INV-11854,Meftal Spas,Tablet,Pain Relief,₹3.80,2,₹7.60,2.0,₹0.15,₹7.45,5.0,₹0.37,₹7.82,UPI,Regular,Monday,August
2026-08-03,INV-11855,Metformin 500mg,Tablet,Diabetes,₹1.50,1,₹1.50,0.0,₹0.00,₹1.50,5.0,₹0.07,₹1.57,UPI,Walk-in,Monday,August
2026-08-03,INV-11856,Betadine 100ml,Solution,Antiseptic,₹85.00,1,₹85.00,0.0,₹0.00,₹85.00,5.0,₹4.25,₹89.25,Cash,Walk-in,Monday,August
2026-08-04,INV-11857,Volini Gel 30g,Gel,Pain Relief,₹110.00,3,₹330.00,0.0,₹0.00,₹330.00,5.0,₹16.50,₹346.50,Cash,Regular,Tuesday,August
2026-08-04,INV-11858,Vitamin C 500mg,Tablet,Vitamins,₹2.80,4,₹11.20,0.0,₹0.00,₹11.20,18.0,₹2.02,₹13.22,UPI,Walk-in,Tuesday,August
2026-08-04,INV-11859,Vitamin C 500mg,Tablet,Vitamins,₹2.80,1,₹2.80,0.0,₹0.00,₹2.80,18.0,₹0.50,₹3.30,Cash,Regular,Tuesday,August
2026-08-04,INV-11860,Amlodipine 5mg,Tablet,Cardiac,₹1.80,2,₹3.60,0.0,₹0.00,₹3.60,5.0,₹0.18,₹3.78,Card,Regular,Tuesday,August
2026-08-04,INV-11861,Omeprazole 20mg,Capsule,Gastro,₹3.80,2,₹7.60,0.0,₹0.00,₹7.60,5.0,₹0.38,₹7.98,Cash,Chronic,Tuesday,August
2026-08-04,INV-11862,Atorvastatin 10mg,Tablet,Cardiac,₹3.20,1,₹3.20,2.0,₹0.06,₹3.14,12.0,₹0.38,₹3.52,UPI,Walk-in,Tuesday,August
2026-08-04,INV-11863,Cheston Cold,Tablet,Cough & Cold,₹4.00,5,₹20.00,3.0,₹0.60,₹19.40,5.0,₹0.97,₹20.37,Card,Chronic,Tuesday,August
2026-08-04,INV-11864,Glimepiride 1mg,Tablet,Diabetes,₹2.00,2,₹4.00,2.0,₹0.08,₹3.92,12.0,₹0.47,₹4.39,UPI,Regular,Tuesday,August
2026-08-04,INV-11865,Atorvastatin 10mg,Tablet,Cardiac,₹3.20,2,₹6.40,3.0,₹0.19,₹6.21,18.0,₹1.12,₹7.33,UPI,Walk-in,Tuesday,August
2026-08-04,INV-11866,Cheston Cold,Tablet,Cough & Cold,₹4.00,2,₹8.00,0.0,₹0.00,₹8.00,12.0,₹0.96,₹8.96,UPI,Chronic,Tuesday,August
2026-08-04,INV-11867,Ondansetron 4mg,Tablet,Gastro,₹2.50,4,₹10.00,0.0,₹0.00,₹10.00,18.0,₹1.80,₹11.80,Cash,Chronic,Tuesday,August
2026-08-04,INV-11868,Pantoprazole 40mg,Tablet,Gastro,₹4.50,1,₹4.50,0.0,₹0.00,₹4.50,18.0,₹0.81,₹5.31,Card,Chronic,Tuesday,August
2026-08-04,INV-11869,Electral ORS,Sachet,Hydration,₹20.00,5,₹100.00,0.0,₹0.00,₹100.00,5.0,₹5.00,₹105.00,UPI,Regular,Tuesday,August
2026-08-04,INV-11870,Ondansetron 4mg,Tablet,Gastro,₹2.50,3,₹7.50,0.0,₹0.00,₹7.50,5.0,₹0.38,₹7.88,UPI,Regular,Tuesday,August
2026-08-04,INV-11871,Dolo 650,Tablet,Pain Relief,₹3.20,1,₹3.20,0.0,₹0.00,₹3.20,18.0,₹0.58,₹3.78,Cash,Walk-in,Tuesday,August
2026-08-04,INV-11872,Pantoprazole 40mg,Tablet,Gastro,₹4.50,1,₹4.50,0.0,₹0.00,₹4.50,5.0,₹0.23,₹4.73,UPI,Regular,Tuesday,August
2026-08-04,INV-11873,Vitamin C 500mg,Tablet,Vitamins,₹2.80,4,₹11.20,2.0,₹0.22,₹10.98,18.0,₹1.98,₹12.96,Cash,Walk-in,Tuesday,August
2026-08-04,INV-11874,Cheston Cold,Tablet,Cough & Cold,₹4.00,4,₹16.00,0.0,₹0.00,₹16.00,12.0,₹1.92,₹17.92,Cash,Walk-in,Tuesday,August
2026-08-04,INV-11875,Paracetamol 500mg,Tablet,Pain Relief,₹2.50,1,₹2.50,0.0,₹0.00,₹2.50,12.0,₹0.30,₹2.80,UPI,Walk-in,Tuesday,August
2026-08-04,INV-11876,Meftal Spas,Tablet,Pain Relief,₹3.80,4,₹15.20,0.0,₹0.00,₹15.20,12.0,₹1.82,₹17.02,UPI,Walk-in,Tuesday,August
2026-08-04,INV-11877,B-Complex,Tablet,Vitamins,₹3.50,1,₹3.50,0.0,₹0.00,₹3.50,18.0,₹0.63,₹4.13,UPI,Walk-in,Tuesday,August
2026-08-04,INV-11878,Vicks Action 500,Tablet,Cough & Cold,₹5.00,2,₹10.00,0.0,₹0.00,₹10.00,5.0,₹0.50,₹10.50,UPI,Walk-in,Tuesday,August
2026-08-04,INV-11879,Cheston Cold,Tablet,Cough & Cold,₹4.00,3,₹12.00,2.0,₹0.24,₹11.76,5.0,₹0.59,₹12.35,UPI,New Customer,Tuesday,August
2026-08-04,INV-11880,Atorvastatin 10mg,Tablet,Cardiac,₹3.20,3,₹9.60,0.0,₹0.00,₹9.60,18.0,₹1.73,₹11.33,UPI,Walk-in,Tuesday,August
2026-08-04,INV-11881,Calcium + D3,Tablet,Vitamins,₹6.00,3,₹18.00,5.0,₹0.90,₹17.10,12.0,₹2.05,₹19.15,UPI,New Customer,Tuesday,August
2026-08-04,INV-11882,Calcium + D3,Tablet,Vitamins,₹6.00,2,₹12.00,0.0,₹0.00,₹12.00,5.0,₹0.60,₹12.60,UPI,Walk-in,Tuesday,August
2026-08-04,INV-11883,Glimepiride 1mg,Tablet,Diabetes,₹2.00,2,₹4.00,0.0,₹0.00,₹4.00,5.0,₹0.20,₹4.20,Card,New Customer,Tuesday,August
2026-08-04,INV-11884,Atorvastatin 10mg,Tablet,Cardiac,₹3.20,2,₹6.40,0.0,₹0.00,₹6.40,5.0,₹0.32,₹6.72,UPI,Chronic,Tuesday,August
2026-08-04,INV-11885,Cetirizine 10mg,Tablet,Allergy,₹1.80,2,₹3.60,3.0,₹0.11,₹3.49,12.0,₹0.42,₹3.91,UPI,Walk-in,Tuesday,August
2026-08-04,INV-11886,Volini Gel 30g,Gel,Pain Relief,₹110.00,2,₹220.00,0.0,₹0.00,₹220.00,5.0,₹11.00,₹231.00,Cash,Walk-in,Tuesday,August
2026-08-04,INV-11887,Dettol Antiseptic 100ml,Liquid,Antiseptic,₹75.00,1,₹75.00,0.0,₹0.00,₹75.00,5.0,₹3.75,₹78.75,UPI,Walk-in,Tuesday,August
2026-08-04,INV-11888,Levocetirizine 5mg,Tablet,Allergy,₹2.20,4,₹8.80,0.0,₹0.00,₹8.80,5.0,₹0.44,₹9.24,Card,Regular,Tuesday,August
2026-08-04,INV-11889,Volini Gel 30g,Gel,Pain Relief,₹110.00,1,₹110.00,0.0,₹0.00,₹110.00,12.0,₹13.20,₹123.20,Cash,Walk-in,Tuesday,August
2026-08-04,INV-11890,Volini Gel 30g,Gel,Pain Relief,₹110.00,1,₹110.00,0.0,₹0.00,₹110.00,5.0,₹5.50,₹115.50,UPI,Walk-in,Tuesday,August
2026-08-04,INV-11891,Paracetamol 500mg,Tablet,Pain Relief,₹2.50,1,₹2.50,0.0,₹0.00,₹2.50,12.0,₹0.30,₹2.80,UPI,Walk-in,Tuesday,August
2026-08-04,INV-11892,Digene Gel 200ml,Suspension,Gastro,₹125.00,2,₹250.00,0.0,₹0.00,₹250.00,5.0,₹12.50,₹262.50,UPI,Regular,Tuesday,August
2026-08-04,INV-11893,Metformin 500mg,Tablet,Diabetes,₹1.50,1,₹1.50,0.0,₹0.00,₹1.50,12.0,₹0.18,₹1.68,UPI,Walk-in,Tuesday,August
2026-08-04,INV-11894,Cough Syrup 100ml,Syrup,Cough & Cold,₹85.00,2,₹170.00,0.0,₹0.00,₹170.00,12.0,₹20.40,₹190.40,UPI,Regular,Tuesday,August
2026-08-04,INV-11895,Cheston Cold,Tablet,Cough & Cold,₹4.00,2,₹8.00,0.0,₹0.00,₹8.00,5.0,₹0.40,₹8.40,Card,Walk-in,Tuesday,August
2026-08-04,INV-11896,Amlodipine 5mg,Tablet,Cardiac,₹1.80,3,₹5.40,0.0,₹0.00,₹5.40,5.0,₹0.27,₹5.67,Cash,Chronic,Tuesday,August
2026-08-05,INV-11897,Pantoprazole 40mg,Tablet,Gastro,₹4.50,1,₹4.50,0.0,₹0.00,₹4.50,12.0,₹0.54,₹5.04,UPI,Regular,Wednesday,August
2026-08-05,INV-11898,Metformin 500mg,Tablet,Diabetes,₹1.50,3,₹4.50,0.0,₹0.00,₹4.50,5.0,₹0.23,₹4.73,Cash,Chronic,Wednesday,August
2026-08-05,INV-11899,Amlodipine 5mg,Tablet,Cardiac,₹1.80,6,₹10.80,0.0,₹0.00,₹10.80,5.0,₹0.54,₹11.34,Card,Walk-in,Wednesday,August
2026-08-05,INV-11900,Cough Syrup 100ml,Syrup,Cough & Cold,₹85.00,1,₹85.00,0.0,₹0.00,₹85.00,18.0,₹15.30,₹100.30,UPI,Walk-in,Wednesday,August
2026-08-05,INV-11901,ORS Orange,Sachet,Hydration,₹20.00,2,₹40.00,0.0,₹0.00,₹40.00,5.0,₹2.00,₹42.00,UPI,Walk-in,Wednesday,August
2026-08-05,INV-11902,Glimepiride 1mg,Tablet,Diabetes,₹2.00,5,₹10.00,3.0,₹0.30,₹9.70,5.0,₹0.48,₹10.18,Card,New Customer,Wednesday,August
2026-08-05,INV-11903,Cetirizine 10mg,Tablet,Allergy,₹1.80,4,₹7.20,0.0,₹0.00,₹7.20,12.0,₹0.86,₹8.06,Card,Walk-in,Wednesday,August
2026-08-05,INV-11904,Dettol Antiseptic 100ml,Liquid,Antiseptic,₹75.00,2,₹150.00,0.0,₹0.00,₹150.00,12.0,₹18.00,₹168.00,Cash,Chronic,Wednesday,August
2026-08-05,INV-11905,Cheston Cold,Tablet,Cough & Cold,₹4.00,1,₹4.00,2.0,₹0.08,₹3.92,5.0,₹0.20,₹4.12,UPI,Walk-in,Wednesday,August
2026-08-05,INV-11906,Atorvastatin 10mg,Tablet,Cardiac,₹3.20,4,₹12.80,0.0,₹0.00,₹12.80,5.0,₹0.64,₹13.44,UPI,Regular,Wednesday,August
2026-08-05,INV-11907,Omeprazole 20mg,Capsule,Gastro,₹3.80,2,₹7.60,0.0,₹0.00,₹7.60,18.0,₹1.37,₹8.97,Cash,Regular,Wednesday,August
2026-08-05,INV-11908,Telmisartan 40mg,Tablet,Cardiac,₹4.20,2,₹8.40,0.0,₹0.00,₹8.40,12.0,₹1.01,₹9.41,UPI,Chronic,Wednesday,August
2026-08-05,INV-11909,Amlodipine 5mg,Tablet,Cardiac,₹1.80,4,₹7.20,0.0,₹0.00,₹7.20,5.0,₹0.36,₹7.56,UPI,Walk-in,Wednesday,August
2026-08-05,INV-11910,Digene Gel 200ml,Suspension,Gastro,₹125.00,2,₹250.00,0.0,₹0.00,₹250.00,5.0,₹12.50,₹262.50,Card,Chronic,Wednesday,August
2026-08-05,INV-11911,Meftal Spas,Tablet,Pain Relief,₹3.80,1,₹3.80,0.0,₹0.00,₹3.80,18.0,₹0.68,₹4.48,Cash,Regular,Wednesday,August
2026-08-05,INV-11912,Amoxicillin 500mg,Capsule,Antibiotic,₹8.50,6,₹51.00,0.0,₹0.00,₹51.00,5.0,₹2.55,₹53.55,UPI,Regular,Wednesday,August
2026-08-05,INV-11913,Dettol Antiseptic 100ml,Liquid,Antiseptic,₹75.00,2,₹150.00,0.0,₹0.00,₹150.00,5.0,₹7.50,₹157.50,UPI,Walk-in,Wednesday,August
2026-08-05,INV-11914,Cetirizine 10mg,Tablet,Allergy,₹1.80,2,₹3.60,5.0,₹0.18,₹3.42,12.0,₹0.41,₹3.83,UPI,Chronic,Wednesday,August
2026-08-05,INV-11915,Vitamin C 500mg,Tablet,Vitamins,₹2.80,1,₹2.80,0.0,₹0.00,₹2.80,18.0,₹0.50,₹3.30,Card,Walk-in,Wednesday,August
2026-08-05,INV-11916,Electral ORS,Sachet,Hydration,₹20.00,1,₹20.00,0.0,₹0.00,₹20.00,18.0,₹3.60,₹23.60,Card,Chronic,Wednesday,August
2026-08-05,INV-11917,Glimepiride 1mg,Tablet,Diabetes,₹2.00,3,₹6.00,3.0,₹0.18,₹5.82,12.0,₹0.70,₹6.52,UPI,Chronic,Wednesday,August
2026-08-05,INV-11918,Cough Syrup 100ml,Syrup,Cough & Cold,₹85.00,2,₹170.00,3.0,₹5.10,₹164.90,5.0,₹8.24,₹173.14,UPI,Regular,Wednesday,August
2026-08-05,INV-11919,Atorvastatin 10mg,Tablet,Cardiac,₹3.20,2,₹6.40,0.0,₹0.00,₹6.40,5.0,₹0.32,₹6.72,Cash,Chronic,Wednesday,August
2026-08-05,INV-11920,Cough Syrup 100ml,Syrup,Cough & Cold,₹85.00,2,₹170.00,0.0,₹0.00,₹170.00,12.0,₹20.40,₹190.40,Cash,Walk-in,Wednesday,August
2026-08-05,INV-11921,Omeprazole 20mg,Capsule,Gastro,₹3.80,1,₹3.80,3.0,₹0.11,₹3.69,5.0,₹0.18,₹3.87,Cash,Walk-in,Wednesday,August
2026-08-05,INV-11922,Paracetamol 500mg,Tablet,Pain Relief,₹2.50,1,₹2.50,2.0,₹0.05,₹2.45,5.0,₹0.12,₹2.57,Card,Regular,Wednesday,August
2026-08-05,INV-11923,Volini Gel 30g,Gel,Pain Relief,₹110.00,1,₹110.00,0.0,₹0.00,₹110.00,12.0,₹13.20,₹123.20,Card,Walk-in,Wednesday,August
2026-08-05,INV-11924,Crocin Advance,Tablet,Pain Relief,₹3.00,2,₹6.00,0.0,₹0.00,₹6.00,12.0,₹0.72,₹6.72,UPI,Walk-in,Wednesday,August
2026-08-05,INV-11925,Cheston Cold,Tablet,Cough & Cold,₹4.00,1,₹4.00,0.0,₹0.00,₹4.00,5.0,₹0.20,₹4.20,Cash,New Customer,Wednesday,August
2026-08-05,INV-11926,Meftal Spas,Tablet,Pain Relief,₹3.80,5,₹19.00,2.0,₹0.38,₹18.62,12.0,₹2.23,₹20.85,Card,Walk-in,Wednesday,August
2026-08-05,INV-11927,Omeprazole 20mg,Capsule,Gastro,₹3.80,2,₹7.60,0.0,₹0.00,₹7.60,18.0,₹1.37,₹8.97,UPI,Walk-in,Wednesday,August
2026-08-05,INV-11928,Vicks Action 500,Tablet,Cough & Cold,₹5.00,1,₹5.00,0.0,₹0.00,₹5.00,12.0,₹0.60,₹5.60,UPI,Regular,Wednesday,August
2026-08-05,INV-11929,Telmisartan 40mg,Tablet,Cardiac,₹4.20,1,₹4.20,0.0,₹0.00,₹4.20,12.0,₹0.50,₹4.70,Cash,New Customer,Wednesday,August
2026-08-06,INV-11930,Calcium + D3,Tablet,Vitamins,₹6.00,1,₹6.00,0.0,₹0.00,₹6.00,5.0,₹0.30,₹6.30,UPI,Regular,Thursday,August
2026-08-06,INV-11931,Calcium + D3,Tablet,Vitamins,₹6.00,3,₹18.00,0.0,₹0.00,₹18.00,12.0,₹2.16,₹20.16,UPI,Walk-in,Thursday,August
2026-08-06,INV-11932,Digene Gel 200ml,Suspension,Gastro,₹125.00,1,₹125.00,0.0,₹0.00,₹125.00,5.0,₹6.25,₹131.25,Cash,Regular,Thursday,August
2026-08-06,INV-11933,Azithromycin 500mg,Tablet,Antibiotic,₹12.50,3,₹37.50,0.0,₹0.00,₹37.50,5.0,₹1.88,₹39.38,UPI,Walk-in,Thursday,August
2026-08-06,INV-11934,Azithromycin 500mg,Tablet,Antibiotic,₹12.50,2,₹25.00,0.0,₹0.00,₹25.00,18.0,₹4.50,₹29.50,Cash,New Customer,Thursday,August
2026-08-06,INV-11935,Metformin 500mg,Tablet,Diabetes,₹1.50,3,₹4.50,0.0,₹0.00,₹4.50,5.0,₹0.23,₹4.73,Cash,Regular,Thursday,August
2026-08-06,INV-11936,Metformin 500mg,Tablet,Diabetes,₹1.50,6,₹9.00,0.0,₹0.00,₹9.00,12.0,₹1.08,₹10.08,Card,Walk-in,Thursday,August
2026-08-06,INV-11937,Amlodipine 5mg,Tablet,Cardiac,₹1.80,1,₹1.80,3.0,₹0.05,₹1.75,12.0,₹0.21,₹1.96,Cash,Regular,Thursday,August
2026-08-06,INV-11938,Calcium + D3,Tablet,Vitamins,₹6.00,1,₹6.00,0.0,₹0.00,₹6.00,5.0,₹0.30,₹6.30,UPI,Walk-in,Thursday,August
2026-08-06,INV-11939,Volini Gel 30g,Gel,Pain Relief,₹110.00,2,₹220.00,0.0,₹0.00,₹220.00,5.0,₹11.00,₹231.00,UPI,Regular,Thursday,August
2026-08-06,INV-11940,Paracetamol 500mg,Tablet,Pain Relief,₹2.50,5,₹12.50,3.0,₹0.38,₹12.12,5.0,₹0.61,₹12.73,UPI,Walk-in,Thursday,August
2026-08-06,INV-11941,ORS Lemon,Sachet,Hydration,₹22.00,3,₹66.00,0.0,₹0.00,₹66.00,5.0,₹3.30,₹69.30,Cash,Regular,Thursday,August
2026-08-06,INV-11942,ORS Orange,Sachet,Hydration,₹20.00,1,₹20.00,0.0,₹0.00,₹20.00,5.0,₹1.00,₹21.00,UPI,Walk-in,Thursday,August
2026-08-06,INV-11943,Cough Syrup 100ml,Syrup,Cough & Cold,₹85.00,6,₹510.00,0.0,₹0.00,₹510.00,5.0,₹25.50,₹535.50,UPI,Walk-in,Thursday,August
2026-08-06,INV-11944,ORS Lemon,Sachet,Hydration,₹22.00,2,₹44.00,0.0,₹0.00,₹44.00,5.0,₹2.20,₹46.20,UPI,Walk-in,Thursday,August
2026-08-06,INV-11945,ORS Lemon,Sachet,Hydration,₹22.00,1,₹22.00,0.0,₹0.00,₹22.00,5.0,₹1.10,₹23.10,Card,Regular,Thursday,August
2026-08-06,INV-11946,Betadine 100ml,Solution,Antiseptic,₹85.00,3,₹255.00,0.0,₹0.00,₹255.00,5.0,₹12.75,₹267.75,UPI,Walk-in,Thursday,August
2026-08-06,INV-11947,Ondansetron 4mg,Tablet,Gastro,₹2.50,1,₹2.50,2.0,₹0.05,₹2.45,5.0,₹0.12,₹2.57,UPI,Regular,Thursday,August
2026-08-06,INV-11948,Dolo 650,Tablet,Pain Relief,₹3.20,1,₹3.20,0.0,₹0.00,₹3.20,5.0,₹0.16,₹3.36,Card,Walk-in,Thursday,August
2026-08-06,INV-11949,ORS Orange,Sachet,Hydration,₹20.00,6,₹120.00,0.0,₹0.00,₹120.00,12.0,₹14.40,₹134.40,UPI,Walk-in,Thursday,August
2026-08-06,INV-11950,Dettol Antiseptic 100ml,Liquid,Antiseptic,₹75.00,2,₹150.00,2.0,₹3.00,₹147.00,12.0,₹17.64,₹164.64,Cash,Walk-in,Thursday,August
2026-08-06,INV-11951,Betadine 100ml,Solution,Antiseptic,₹85.00,2,₹170.00,0.0,₹0.00,₹170.00,12.0,₹20.40,₹190.40,Cash,Walk-in,Thursday,August
2026-08-06,INV-11952,Pantoprazole 40mg,Tablet,Gastro,₹4.50,3,₹13.50,5.0,₹0.68,₹12.82,18.0,₹2.31,₹15.13,UPI,Walk-in,Thursday,August
2026-08-06,INV-11953,Paracetamol 500mg,Tablet,Pain Relief,₹2.50,1,₹2.50,0.0,₹0.00,₹2.50,12.0,₹0.30,₹2.80,Cash,Walk-in,Thursday,August
2026-08-06,INV-11954,Paracetamol 500mg,Tablet,Pain Relief,₹2.50,2,₹5.00,0.0,₹0.00,₹5.00,5.0,₹0.25,₹5.25,UPI,Walk-in,Thursday,August
2026-08-06,INV-11955,Azithromycin 500mg,Tablet,Antibiotic,₹12.50,3,₹37.50,0.0,₹0.00,₹37.50,5.0,₹1.88,₹39.38,UPI,Walk-in,Thursday,August
2026-08-06,INV-11956,Levocetirizine 5mg,Tablet,Allergy,₹2.20,3,₹6.60,2.0,₹0.13,₹6.47,18.0,₹1.16,₹7.63,UPI,Regular,Thursday,August
2026-08-06,INV-11957,Omeprazole 20mg,Capsule,Gastro,₹3.80,8,₹30.40,0.0,₹0.00,₹30.40,12.0,₹3.65,₹34.05,UPI,Walk-in,Thursday,August
2026-08-06,INV-11958,Glimepiride 1mg,Tablet,Diabetes,₹2.00,2,₹4.00,5.0,₹0.20,₹3.80,12.0,₹0.46,₹4.26,Cash,Walk-in,Thursday,August
2026-08-06,INV-11959,Amoxicillin 500mg,Capsule,Antibiotic,₹8.50,2,₹17.00,0.0,₹0.00,₹17.00,12.0,₹2.04,₹19.04,UPI,Chronic,Thursday,August
2026-08-06,INV-11960,Dolo 650,Tablet,Pain Relief,₹3.20,1,₹3.20,0.0,₹0.00,₹3.20,12.0,₹0.38,₹3.58,Cash,Walk-in,Thursday,August
2026-08-06,INV-11961,Dettol Antiseptic 100ml,Liquid,Antiseptic,₹75.00,4,₹300.00,0.0,₹0.00,₹300.00,5.0,₹15.00,₹315.00,UPI,Walk-in,Thursday,August
2026-08-06,INV-11962,Meftal Spas,Tablet,Pain Relief,₹3.80,1,₹3.80,5.0,₹0.19,₹3.61,5.0,₹0.18,₹3.79,UPI,Regular,Thursday,August
2026-08-06,INV-11963,Electral ORS,Sachet,Hydration,₹20.00,4,₹80.00,0.0,₹0.00,₹80.00,12.0,₹9.60,₹89.60,Cash,Walk-in,Thursday,August
2026-08-06,INV-11964,Amlodipine 5mg,Tablet,Cardiac,₹1.80,5,₹9.00,0.0,₹0.00,₹9.00,12.0,₹1.08,₹10.08,Cash,Walk-in,Thursday,August
2026-08-06,INV-11965,Digene Gel 200ml,Suspension,Gastro,₹125.00,1,₹125.00,0.0,₹0.00,₹125.00,5.0,₹6.25,₹131.25,UPI,Regular,Thursday,August
2026-08-06,INV-11966,Digene Gel 200ml,Suspension,Gastro,₹125.00,1,₹125.00,0.0,₹0.00,₹125.00,12.0,₹15.00,₹140.00,UPI,New Customer,Thursday,August
2026-08-06,INV-11967,Telmisartan 40mg,Tablet,Cardiac,₹4.20,1,₹4.20,0.0,₹0.00,₹4.20,18.0,₹0.76,₹4.96,UPI,Walk-in,Thursday,August
2026-08-06,INV-11968,B-Complex,Tablet,Vitamins,₹3.50,4,₹14.00,0.0,₹0.00,₹14.00,5.0,₹0.70,₹14.70,Cash,Walk-in,Thursday,August
2026-08-06,INV-11969,Ondansetron 4mg,Tablet,Gastro,₹2.50,2,₹5.00,0.0,₹0.00,₹5.00,12.0,₹0.60,₹5.60,Card,Walk-in,Thursday,August
2026-08-06,INV-11970,Electral ORS,Sachet,Hydration,₹20.00,4,₹80.00,0.0,₹0.00,₹80.00,5.0,₹4.00,₹84.00,Cash,Walk-in,Thursday,August
2026-08-07,INV-11971,Electral ORS,Sachet,Hydration,₹20.00,3,₹60.00,0.0,₹0.00,₹60.00,5.0,₹3.00,₹63.00,UPI,Walk-in,Friday,August
2026-08-07,INV-11972,Atorvastatin 10mg,Tablet,Cardiac,₹3.20,5,₹16.00,0.0,₹0.00,₹16.00,5.0,₹0.80,₹16.80,Card,Chronic,Friday,August
2026-08-07,INV-11973,Dolo 650,Tablet,Pain Relief,₹3.20,3,₹9.60,0.0,₹0.00,₹9.60,5.0,₹0.48,₹10.08,UPI,Regular,Friday,August
2026-08-07,INV-11974,Crocin Advance,Tablet,Pain Relief,₹3.00,2,₹6.00,0.0,₹0.00,₹6.00,12.0,₹0.72,₹6.72,Card,Walk-in,Friday,August
2026-08-07,INV-11975,Electral ORS,Sachet,Hydration,₹20.00,1,₹20.00,2.0,₹0.40,₹19.60,5.0,₹0.98,₹20.58,Cash,Regular,Friday,August
2026-08-07,INV-11976,Amlodipine 5mg,Tablet,Cardiac,₹1.80,2,₹3.60,2.0,₹0.07,₹3.53,5.0,₹0.18,₹3.71,UPI,Chronic,Friday,August
2026-08-07,INV-11977,Betadine 100ml,Solution,Antiseptic,₹85.00,5,₹425.00,0.0,₹0.00,₹425.00,5.0,₹21.25,₹446.25,Card,Regular,Friday,August
2026-08-07,INV-11978,Crocin Advance,Tablet,Pain Relief,₹3.00,1,₹3.00,0.0,₹0.00,₹3.00,12.0,₹0.36,₹3.36,Cash,Chronic,Friday,August
2026-08-07,INV-11979,Volini Gel 30g,Gel,Pain Relief,₹110.00,8,₹880.00,0.0,₹0.00,₹880.00,5.0,₹44.00,₹924.00,Cash,Chronic,Friday,August
2026-08-07,INV-11980,Metformin 500mg,Tablet,Diabetes,₹1.50,2,₹3.00,3.0,₹0.09,₹2.91,18.0,₹0.52,₹3.43,UPI,Walk-in,Friday,August
2026-08-07,INV-11981,Electral ORS,Sachet,Hydration,₹20.00,1,₹20.00,3.0,₹0.60,₹19.40,5.0,₹0.97,₹20.37,Cash,Regular,Friday,August
2026-08-07,INV-11982,Electral ORS,Sachet,Hydration,₹20.00,3,₹60.00,0.0,₹0.00,₹60.00,5.0,₹3.00,₹63.00,UPI,Walk-in,Friday,August
2026-08-07,INV-11983,Dettol Antiseptic 100ml,Liquid,Antiseptic,₹75.00,3,₹225.00,0.0,₹0.00,₹225.00,5.0,₹11.25,₹236.25,Cash,Walk-in,Friday,August
2026-08-07,INV-11984,Multivitamin Syrup 200ml,Syrup,Vitamins,₹145.00,1,₹145.00,0.0,₹0.00,₹145.00,5.0,₹7.25,₹152.25,Cash,Regular,Friday,August
2026-08-07,INV-11985,Dettol Antiseptic 100ml,Liquid,Antiseptic,₹75.00,1,₹75.00,5.0,₹3.75,₹71.25,5.0,₹3.56,₹74.81,Card,Walk-in,Friday,August
2026-08-07,INV-11986,Digene Gel 200ml,Suspension,Gastro,₹125.00,6,₹750.00,0.0,₹0.00,₹750.00,12.0,₹90.00,₹840.00,Cash,Walk-in,Friday,August
2026-08-07,INV-11987,Cough Syrup 100ml,Syrup,Cough & Cold,₹85.00,1,₹85.00,2.0,₹1.70,₹83.30,18.0,₹14.99,₹98.29,UPI,Regular,Friday,August
2026-08-07,INV-11988,Dettol Antiseptic 100ml,Liquid,Antiseptic,₹75.00,1,₹75.00,0.0,₹0.00,₹75.00,5.0,₹3.75,₹78.75,UPI,Walk-in,Friday,August
2026-08-07,INV-11989,Digene Gel 200ml,Suspension,Gastro,₹125.00,2,₹250.00,0.0,₹0.00,₹250.00,12.0,₹30.00,₹280.00,Cash,Walk-in,Friday,August
2026-08-07,INV-11990,Electral ORS,Sachet,Hydration,₹20.00,1,₹20.00,0.0,₹0.00,₹20.00,5.0,₹1.00,₹21.00,Cash,Walk-in,Friday,August
2026-08-07,INV-11991,Telmisartan 40mg,Tablet,Cardiac,₹4.20,1,₹4.20,0.0,₹0.00,₹4.20,18.0,₹0.76,₹4.96,UPI,New Customer,Friday,August
2026-08-07,INV-11992,Dettol Antiseptic 100ml,Liquid,Antiseptic,₹75.00,2,₹150.00,2.0,₹3.00,₹147.00,12.0,₹17.64,₹164.64,Cash,Regular,Friday,August
2026-08-07,INV-11993,Paracetamol 500mg,Tablet,Pain Relief,₹2.50,1,₹2.50,0.0,₹0.00,₹2.50,5.0,₹0.12,₹2.62,Cash,Walk-in,Friday,August
2026-08-07,INV-11994,Betadine 100ml,Solution,Antiseptic,₹85.00,2,₹170.00,0.0,₹0.00,₹170.00,5.0,₹8.50,₹178.50,UPI,Chronic,Friday,August
2026-08-07,INV-11995,Amoxicillin 500mg,Capsule,Antibiotic,₹8.50,3,₹25.50,0.0,₹0.00,₹25.50,5.0,₹1.27,₹26.77,UPI,Regular,Friday,August
2026-08-07,INV-11996,ORS Lemon,Sachet,Hydration,₹22.00,1,₹22.00,0.0,₹0.00,₹22.00,5.0,₹1.10,₹23.10,Card,Regular,Friday,August
2026-08-07,INV-11997,ORS Lemon,Sachet,Hydration,₹22.00,1,₹22.00,5.0,₹1.10,₹20.90,5.0,₹1.04,₹21.94,Cash,Walk-in,Friday,August
2026-08-07,INV-11998,Calcium + D3,Tablet,Vitamins,₹6.00,6,₹36.00,0.0,₹0.00,₹36.00,5.0,₹1.80,₹37.80,UPI,Regular,Friday,August
2026-08-07,INV-11999,Dolo 650,Tablet,Pain Relief,₹3.20,5,₹16.00,0.0,₹0.00,₹16.00,18.0,₹2.88,₹18.88,UPI,Chronic,Friday,August
2026-08-07,INV-12000,Azithromycin 500mg,Tablet,Antibiotic,₹12.50,2,₹25.00,0.0,₹0.00,₹25.00,18.0,₹4.50,₹29.50,UPI,Walk-in,Friday,August
2026-08-07,INV-12001,Dolo 650,Tablet,Pain Relief,₹3.20,6,₹19.20,0.0,₹0.00,₹19.20,12.0,₹2.30,₹21.50,Card,Walk-in,Friday,August
2026-08-07,INV-12002,Amlodipine 5mg,Tablet,Cardiac,₹1.80,1,₹1.80,3.0,₹0.05,₹1.75,18.0,₹0.32,₹2.07,UPI,Regular,Friday,August
2026-08-07,INV-12003,B-Complex,Tablet,Vitamins,₹3.50,2,₹7.00,0.0,₹0.00,₹7.00,18.0,₹1.26,₹8.26,UPI,Regular,Friday,August
2026-08-07,INV-12004,Telmisartan 40mg,Tablet,Cardiac,₹4.20,6,₹25.20,0.0,₹0.00,₹25.20,12.0,₹3.02,₹28.22,UPI,Walk-in,Friday,August
2026-08-07,INV-12005,Amoxicillin 500mg,Capsule,Antibiotic,₹8.50,2,₹17.00,2.0,₹0.34,₹16.66,5.0,₹0.83,₹17.49,Cash,Walk-in,Friday,August
2026-08-07,INV-12006,Cough Syrup 100ml,Syrup,Cough & Cold,₹85.00,1,₹85.00,0.0,₹0.00,₹85.00,5.0,₹4.25,₹89.25,Cash,Walk-in,Friday,August
2026-08-07,INV-12007,Dolo 650,Tablet,Pain Relief,₹3.20,4,₹12.80,2.0,₹0.26,₹12.54,5.0,₹0.63,₹13.17,Cash,Regular,Friday,August
2026-08-07,INV-12008,Electral ORS,Sachet,Hydration,₹20.00,1,₹20.00,0.0,₹0.00,₹20.00,5.0,₹1.00,₹21.00,Cash,Chronic,Friday,August
2026-08-07,INV-12009,Multivitamin Syrup 200ml,Syrup,Vitamins,₹145.00,6,₹870.00,0.0,₹0.00,₹870.00,5.0,₹43.50,₹913.50,UPI,New Customer,Friday,August
2026-08-07,INV-12010,Multivitamin Syrup 200ml,Syrup,Vitamins,₹145.00,2,₹290.00,0.0,₹0.00,₹290.00,5.0,₹14.50,₹304.50,UPI,Walk-in,Friday,August
2026-08-07,INV-12011,Volini Gel 30g,Gel,Pain Relief,₹110.00,3,₹330.00,0.0,₹0.00,₹330.00,5.0,₹16.50,₹346.50,UPI,Walk-in,Friday,August
2026-08-07,INV-12012,Amlodipine 5mg,Tablet,Cardiac,₹1.80,2,₹3.60,0.0,₹0.00,₹3.60,5.0,₹0.18,₹3.78,UPI,Walk-in,Friday,August
2026-08-07,INV-12013,Multivitamin Syrup 200ml,Syrup,Vitamins,₹145.00,1,₹145.00,0.0,₹0.00,₹145.00,12.0,₹17.40,₹162.40,Cash,Regular,Friday,August
2026-08-07,INV-12014,Cetirizine 10mg,Tablet,Allergy,₹1.80,2,₹3.60,0.0,₹0.00,₹3.60,18.0,₹0.65,₹4.25,Cash,Regular,Friday,August
2026-08-07,INV-12015,Meftal Spas,Tablet,Pain Relief,₹3.80,3,₹11.40,0.0,₹0.00,₹11.40,5.0,₹0.57,₹11.97,UPI,Walk-in,Friday,August
2026-08-08,INV-12016,Paracetamol 500mg,Tablet,Pain Relief,₹2.50,1,₹2.50,0.0,₹0.00,₹2.50,5.0,₹0.12,₹2.62,UPI,New Customer,Saturday,August
2026-08-08,INV-12017,Dettol Antiseptic 100ml,Liquid,Antiseptic,₹75.00,2,₹150.00,0.0,₹0.00,₹150.00,5.0,₹7.50,₹157.50,UPI,Regular,Saturday,August
2026-08-08,INV-12018,Cetirizine 10mg,Tablet,Allergy,₹1.80,1,₹1.80,2.0,₹0.04,₹1.76,5.0,₹0.09,₹1.85,Cash,Regular,Saturday,August
2026-08-08,INV-12019,Metformin 500mg,Tablet,Diabetes,₹1.50,1,₹1.50,0.0,₹0.00,₹1.50,5.0,₹0.07,₹1.57,UPI,Regular,Saturday,August
2026-08-08,INV-12020,Azithromycin 500mg,Tablet,Antibiotic,₹12.50,2,₹25.00,0.0,₹0.00,₹25.00,5.0,₹1.25,₹26.25,UPI,Regular,Saturday,August
2026-08-08,INV-12021,Cheston Cold,Tablet,Cough & Cold,₹4.00,2,₹8.00,0.0,₹0.00,₹8.00,5.0,₹0.40,₹8.40,UPI,Regular,Saturday,August
2026-08-08,INV-12022,Electral ORS,Sachet,Hydration,₹20.00,2,₹40.00,5.0,₹2.00,₹38.00,12.0,₹4.56,₹42.56,UPI,Walk-in,Saturday,August
2026-08-08,INV-12023,Amoxicillin 500mg,Capsule,Antibiotic,₹8.50,6,₹51.00,5.0,₹2.55,₹48.45,18.0,₹8.72,₹57.17,UPI,Walk-in,Saturday,August
2026-08-08,INV-12024,Amlodipine 5mg,Tablet,Cardiac,₹1.80,2,₹3.60,0.0,₹0.00,₹3.60,5.0,₹0.18,₹3.78,UPI,Walk-in,Saturday,August
2026-08-08,INV-12025,Ondansetron 4mg,Tablet,Gastro,₹2.50,4,₹10.00,0.0,₹0.00,₹10.00,12.0,₹1.20,₹11.20,UPI,Walk-in,Saturday,August
2026-08-08,INV-12026,Metformin 500mg,Tablet,Diabetes,₹1.50,1,₹1.50,0.0,₹0.00,₹1.50,5.0,₹0.07,₹1.57,UPI,Chronic,Saturday,August
2026-08-08,INV-12027,Amlodipine 5mg,Tablet,Cardiac,₹1.80,3,₹5.40,2.0,₹0.11,₹5.29,18.0,₹0.95,₹6.24,UPI,Walk-in,Saturday,August
2026-08-08,INV-12028,Cough Syrup 100ml,Syrup,Cough & Cold,₹85.00,2,₹170.00,0.0,₹0.00,₹170.00,5.0,₹8.50,₹178.50,Cash,Chronic,Saturday,August
2026-08-08,INV-12029,Dettol Antiseptic 100ml,Liquid,Antiseptic,₹75.00,1,₹75.00,0.0,₹0.00,₹75.00,5.0,₹3.75,₹78.75,Card,Regular,Saturday,August
2026-08-08,INV-12030,B-Complex,Tablet,Vitamins,₹3.50,1,₹3.50,0.0,₹0.00,₹3.50,5.0,₹0.17,₹3.67,Cash,Regular,Saturday,August
2026-08-08,INV-12031,Amoxicillin 500mg,Capsule,Antibiotic,₹8.50,5,₹42.50,0.0,₹0.00,₹42.50,5.0,₹2.12,₹44.62,Cash,Chronic,Saturday,August
2026-08-08,INV-12032,Multivitamin Syrup 200ml,Syrup,Vitamins,₹145.00,2,₹290.00,2.0,₹5.80,₹284.20,5.0,₹14.21,₹298.41,Cash,Walk-in,Saturday,August
2026-08-08,INV-12033,Paracetamol 500mg,Tablet,Pain Relief,₹2.50,1,₹2.50,0.0,₹0.00,₹2.50,5.0,₹0.12,₹2.62,UPI,Regular,Saturday,August
2026-08-08,INV-12034,Vicks Action 500,Tablet,Cough & Cold,₹5.00,1,₹5.00,3.0,₹0.15,₹4.85,12.0,₹0.58,₹5.43,Card,Walk-in,Saturday,August
2026-08-08,INV-12035,Amlodipine 5mg,Tablet,Cardiac,₹1.80,3,₹5.40,0.0,₹0.00,₹5.40,12.0,₹0.65,₹6.05,Cash,Walk-in,Saturday,August
2026-08-08,INV-12036,Calcium + D3,Tablet,Vitamins,₹6.00,3,₹18.00,0.0,₹0.00,₹18.00,12.0,₹2.16,₹20.16,Cash,Regular,Saturday,August
2026-08-08,INV-12037,Amoxicillin 500mg,Capsule,Antibiotic,₹8.50,4,₹34.00,0.0,₹0.00,₹34.00,12.0,₹4.08,₹38.08,UPI,Walk-in,Saturday,August
2026-08-08,INV-12038,Cetirizine 10mg,Tablet,Allergy,₹1.80,3,₹5.40,0.0,₹0.00,₹5.40,12.0,₹0.65,₹6.05,UPI,Walk-in,Saturday,August
2026-08-08,INV-12039,Betadine 100ml,Solution,Antiseptic,₹85.00,1,₹85.00,0.0,₹0.00,₹85.00,5.0,₹4.25,₹89.25,Card,Walk-in,Saturday,August
2026-08-08,INV-12040,Ondansetron 4mg,Tablet,Gastro,₹2.50,2,₹5.00,0.0,₹0.00,₹5.00,18.0,₹0.90,₹5.90,UPI,Regular,Saturday,August
2026-08-08,INV-12041,Digene Gel 200ml,Suspension,Gastro,₹125.00,4,₹500.00,0.0,₹0.00,₹500.00,5.0,₹25.00,₹525.00,UPI,Chronic,Saturday,August
2026-08-08,INV-12042,ORS Orange,Sachet,Hydration,₹20.00,1,₹20.00,0.0,₹0.00,₹20.00,12.0,₹2.40,₹22.40,UPI,Regular,Saturday,August
2026-08-08,INV-12043,Dettol Antiseptic 100ml,Liquid,Antiseptic,₹75.00,1,₹75.00,5.0,₹3.75,₹71.25,5.0,₹3.56,₹74.81,UPI,Regular,Saturday,August
2026-08-08,INV-12044,Glimepiride 1mg,Tablet,Diabetes,₹2.00,1,₹2.00,2.0,₹0.04,₹1.96,5.0,₹0.10,₹2.06,Card,Walk-in,Saturday,August
2026-08-08,INV-12045,Vicks Action 500,Tablet,Cough & Cold,₹5.00,2,₹10.00,0.0,₹0.00,₹10.00,18.0,₹1.80,₹11.80,Cash,Chronic,Saturday,August
2026-08-08,INV-12046,Cheston Cold,Tablet,Cough & Cold,₹4.00,1,₹4.00,0.0,₹0.00,₹4.00,5.0,₹0.20,₹4.20,Cash,Walk-in,Saturday,August
2026-08-08,INV-12047,Vitamin C 500mg,Tablet,Vitamins,₹2.80,2,₹5.60,0.0,₹0.00,₹5.60,5.0,₹0.28,₹5.88,UPI,Walk-in,Saturday,August
2026-08-08,INV-12048,Cough Syrup 100ml,Syrup,Cough & Cold,₹85.00,1,₹85.00,3.0,₹2.55,₹82.45,5.0,₹4.12,₹86.57,UPI,Chronic,Saturday,August
2026-08-08,INV-12049,Amlodipine 5mg,Tablet,Cardiac,₹1.80,2,₹3.60,0.0,₹0.00,₹3.60,5.0,₹0.18,₹3.78,Cash,Regular,Saturday,August
2026-08-08,INV-12050,Dolo 650,Tablet,Pain Relief,₹3.20,2,₹6.40,0.0,₹0.00,₹6.40,5.0,₹0.32,₹6.72,UPI,New Customer,Saturday,August
2026-08-08,INV-12051,Meftal Spas,Tablet,Pain Relief,₹3.80,3,₹11.40,0.0,₹0.00,₹11.40,12.0,₹1.37,₹12.77,Card,Walk-in,Saturday,August
2026-08-08,INV-12052,Cheston Cold,Tablet,Cough & Cold,₹4.00,1,₹4.00,0.0,₹0.00,₹4.00,18.0,₹0.72,₹4.72,Cash,Walk-in,Saturday,August
2026-08-08,INV-12053,Meftal Spas,Tablet,Pain Relief,₹3.80,6,₹22.80,0.0,₹0.00,₹22.80,12.0,₹2.74,₹25.54,UPI,Walk-in,Saturday,August
2026-08-08,INV-12054,B-Complex,Tablet,Vitamins,₹3.50,3,₹10.50,0.0,₹0.00,₹10.50,5.0,₹0.53,₹11.03,Card,Chronic,Saturday,August
2026-08-08,INV-12055,Betadine 100ml,Solution,Antiseptic,₹85.00,4,₹340.00,0.0,₹0.00,₹340.00,5.0,₹17.00,₹357.00,UPI,Regular,Saturday,August
2026-08-09,INV-12056,Omeprazole 20mg,Capsule,Gastro,₹3.80,2,₹7.60,0.0,₹0.00,₹7.60,5.0,₹0.38,₹7.98,Card,Walk-in,Sunday,August
2026-08-09,INV-12057,Electral ORS,Sachet,Hydration,₹20.00,1,₹20.00,5.0,₹1.00,₹19.00,12.0,₹2.28,₹21.28,UPI,Regular,Sunday,August
2026-08-09,INV-12058,Crocin Advance,Tablet,Pain Relief,₹3.00,2,₹6.00,2.0,₹0.12,₹5.88,5.0,₹0.29,₹6.17,UPI,Chronic,Sunday,August
2026-08-09,INV-12059,Volini Gel 30g,Gel,Pain Relief,₹110.00,1,₹110.00,0.0,₹0.00,₹110.00,5.0,₹5.50,₹115.50,UPI,Regular,Sunday,August
2026-08-09,INV-12060,Vitamin C 500mg,Tablet,Vitamins,₹2.80,1,₹2.80,0.0,₹0.00,₹2.80,12.0,₹0.34,₹3.14,UPI,Walk-in,Sunday,August
2026-08-09,INV-12061,Cheston Cold,Tablet,Cough & Cold,₹4.00,2,₹8.00,0.0,₹0.00,₹8.00,12.0,₹0.96,₹8.96,Cash,New Customer,Sunday,August
2026-08-09,INV-12062,Crocin Advance,Tablet,Pain Relief,₹3.00,1,₹3.00,0.0,₹0.00,₹3.00,12.0,₹0.36,₹3.36,UPI,Walk-in,Sunday,August
2026-08-09,INV-12063,Metformin 500mg,Tablet,Diabetes,₹1.50,1,₹1.50,2.0,₹0.03,₹1.47,5.0,₹0.07,₹1.54,UPI,Walk-in,Sunday,August
2026-08-09,INV-12064,Cheston Cold,Tablet,Cough & Cold,₹4.00,8,₹32.00,2.0,₹0.64,₹31.36,5.0,₹1.57,₹32.93,UPI,Walk-in,Sunday,August
2026-08-09,INV-12065,ORS Lemon,Sachet,Hydration,₹22.00,1,₹22.00,0.0,₹0.00,₹22.00,12.0,₹2.64,₹24.64,UPI,Chronic,Sunday,August
2026-08-09,INV-12066,Paracetamol 500mg,Tablet,Pain Relief,₹2.50,1,₹2.50,0.0,₹0.00,₹2.50,12.0,₹0.30,₹2.80,Card,Regular,Sunday,August
2026-08-09,INV-12067,Calcium + D3,Tablet,Vitamins,₹6.00,6,₹36.00,2.0,₹0.72,₹35.28,18.0,₹6.35,₹41.63,Cash,Walk-in,Sunday,August
2026-08-09,INV-12068,Betadine 100ml,Solution,Antiseptic,₹85.00,2,₹170.00,0.0,₹0.00,₹170.00,18.0,₹30.60,₹200.60,UPI,Regular,Sunday,August
2026-08-09,INV-12069,Cough Syrup 100ml,Syrup,Cough & Cold,₹85.00,2,₹170.00,0.0,₹0.00,₹170.00,5.0,₹8.50,₹178.50,Card,Walk-in,Sunday,August
2026-08-09,INV-12070,Cetirizine 10mg,Tablet,Allergy,₹1.80,6,₹10.80,0.0,₹0.00,₹10.80,5.0,₹0.54,₹11.34,UPI,Regular,Sunday,August
2026-08-09,INV-12071,Dolo 650,Tablet,Pain Relief,₹3.20,5,₹16.00,0.0,₹0.00,₹16.00,5.0,₹0.80,₹16.80,UPI,Walk-in,Sunday,August
2026-08-09,INV-12072,ORS Orange,Sachet,Hydration,₹20.00,4,₹80.00,2.0,₹1.60,₹78.40,12.0,₹9.41,₹87.81,Card,Walk-in,Sunday,August
2026-08-09,INV-12073,Meftal Spas,Tablet,Pain Relief,₹3.80,2,₹7.60,2.0,₹0.15,₹7.45,5.0,₹0.37,₹7.82,UPI,Walk-in,Sunday,August
2026-08-09,INV-12074,Pantoprazole 40mg,Tablet,Gastro,₹4.50,1,₹4.50,0.0,₹0.00,₹4.50,5.0,₹0.23,₹4.73,Card,Walk-in,Sunday,August
2026-08-09,INV-12075,Paracetamol 500mg,Tablet,Pain Relief,₹2.50,1,₹2.50,2.0,₹0.05,₹2.45,5.0,₹0.12,₹2.57,UPI,Walk-in,Sunday,August
2026-08-09,INV-12076,ORS Orange,Sachet,Hydration,₹20.00,3,₹60.00,0.0,₹0.00,₹60.00,5.0,₹3.00,₹63.00,UPI,Walk-in,Sunday,August
2026-08-09,INV-12077,Azithromycin 500mg,Tablet,Antibiotic,₹12.50,1,₹12.50,0.0,₹0.00,₹12.50,12.0,₹1.50,₹14.00,UPI,Walk-in,Sunday,August
2026-08-09,INV-12078,Betadine 100ml,Solution,Antiseptic,₹85.00,1,₹85.00,0.0,₹0.00,₹85.00,12.0,₹10.20,₹95.20,UPI,Regular,Sunday,August
2026-08-09,INV-12079,Azithromycin 500mg,Tablet,Antibiotic,₹12.50,4,₹50.00,0.0,₹0.00,₹50.00,5.0,₹2.50,₹52.50,UPI,Regular,Sunday,August
2026-08-09,INV-12080,ORS Orange,Sachet,Hydration,₹20.00,2,₹40.00,0.0,₹0.00,₹40.00,5.0,₹2.00,₹42.00,Cash,Walk-in,Sunday,August
2026-08-09,INV-12081,Amoxicillin 500mg,Capsule,Antibiotic,₹8.50,1,₹8.50,0.0,₹0.00,₹8.50,5.0,₹0.42,₹8.92,Cash,Walk-in,Sunday,August
2026-08-09,INV-12082,Multivitamin Syrup 200ml,Syrup,Vitamins,₹145.00,2,₹290.00,0.0,₹0.00,₹290.00,5.0,₹14.50,₹304.50,Card,Chronic,Sunday,August
2026-08-09,INV-12083,Dettol Antiseptic 100ml,Liquid,Antiseptic,₹75.00,3,₹225.00,0.0,₹0.00,₹225.00,5.0,₹11.25,₹236.25,Cash,New Customer,Sunday,August
2026-08-09,INV-12084,Dettol Antiseptic 100ml,Liquid,Antiseptic,₹75.00,6,₹450.00,0.0,₹0.00,₹450.00,5.0,₹22.50,₹472.50,Cash,Walk-in,Sunday,August
2026-08-09,INV-12085,Cough Syrup 100ml,Syrup,Cough & Cold,₹85.00,1,₹85.00,0.0,₹0.00,₹85.00,5.0,₹4.25,₹89.25,UPI,Regular,Sunday,August
2026-08-09,INV-12086,Omeprazole 20mg,Capsule,Gastro,₹3.80,2,₹7.60,3.0,₹0.23,₹7.37,18.0,₹1.33,₹8.70,UPI,Regular,Sunday,August
2026-08-09,INV-12087,Meftal Spas,Tablet,Pain Relief,₹3.80,2,₹7.60,0.0,₹0.00,₹7.60,5.0,₹0.38,₹7.98,UPI,Chronic,Sunday,August
2026-08-09,INV-12088,B-Complex,Tablet,Vitamins,₹3.50,1,₹3.50,0.0,₹0.00,₹3.50,5.0,₹0.17,₹3.67,Cash,New Customer,Sunday,August
2026-08-09,INV-12089,Amlodipine 5mg,Tablet,Cardiac,₹1.80,2,₹3.60,0.0,₹0.00,₹3.60,12.0,₹0.43,₹4.03,UPI,Chronic,Sunday,August
2026-08-09,INV-12090,Atorvastatin 10mg,Tablet,Cardiac,₹3.20,5,₹16.00,0.0,₹0.00,₹16.00,18.0,₹2.88,₹18.88,Cash,Chronic,Sunday,August
2026-08-09,INV-12091,Digene Gel 200ml,Suspension,Gastro,₹125.00,4,₹500.00,2.0,₹10.00,₹490.00,18.0,₹88.20,₹578.20,UPI,Walk-in,Sunday,August
2026-08-09,INV-12092,Paracetamol 500mg,Tablet,Pain Relief,₹2.50,2,₹5.00,0.0,₹0.00,₹5.00,12.0,₹0.60,₹5.60,UPI,Walk-in,Sunday,August
2026-08-09,INV-12093,Vicks Action 500,Tablet,Cough & Cold,₹5.00,1,₹5.00,2.0,₹0.10,₹4.90,5.0,₹0.24,₹5.14,UPI,Regular,Sunday,August
2026-08-09,INV-12094,Metformin 500mg,Tablet,Diabetes,₹1.50,1,₹1.50,0.0,₹0.00,₹1.50,5.0,₹0.07,₹1.57,UPI,Regular,Sunday,August
2026-08-10,INV-12095,Meftal Spas,Tablet,Pain Relief,₹3.80,2,₹7.60,0.0,₹0.00,₹7.60,12.0,₹0.91,₹8.51,Cash,Walk-in,Monday,August
2026-08-10,INV-12096,Ondansetron 4mg,Tablet,Gastro,₹2.50,2,₹5.00,0.0,₹0.00,₹5.00,5.0,₹0.25,₹5.25,Card,New Customer,Monday,August
2026-08-10,INV-12097,Electral ORS,Sachet,Hydration,₹20.00,1,₹20.00,0.0,₹0.00,₹20.00,5.0,₹1.00,₹21.00,UPI,New Customer,Monday,August
2026-08-10,INV-12098,Cetirizine 10mg,Tablet,Allergy,₹1.80,1,₹1.80,3.0,₹0.05,₹1.75,5.0,₹0.09,₹1.84,UPI,New Customer,Monday,August
2026-08-10,INV-12099,Paracetamol 500mg,Tablet,Pain Relief,₹2.50,2,₹5.00,0.0,₹0.00,₹5.00,5.0,₹0.25,₹5.25,Cash,Regular,Monday,August
2026-08-10,INV-12100,Multivitamin Syrup 200ml,Syrup,Vitamins,₹145.00,1,₹145.00,3.0,₹4.35,₹140.65,5.0,₹7.03,₹147.68,Cash,Regular,Monday,August
2026-08-10,INV-12101,ORS Orange,Sachet,Hydration,₹20.00,4,₹80.00,0.0,₹0.00,₹80.00,5.0,₹4.00,₹84.00,UPI,Walk-in,Monday,August
2026-08-10,INV-12102,ORS Orange,Sachet,Hydration,₹20.00,3,₹60.00,0.0,₹0.00,₹60.00,18.0,₹10.80,₹70.80,Cash,Chronic,Monday,August
2026-08-10,INV-12103,Vitamin C 500mg,Tablet,Vitamins,₹2.80,1,₹2.80,0.0,₹0.00,₹2.80,18.0,₹0.50,₹3.30,Cash,Walk-in,Monday,August
2026-08-10,INV-12104,Digene Gel 200ml,Suspension,Gastro,₹125.00,2,₹250.00,0.0,₹0.00,₹250.00,12.0,₹30.00,₹280.00,Card,Regular,Monday,August
2026-08-10,INV-12105,Cetirizine 10mg,Tablet,Allergy,₹1.80,2,₹3.60,0.0,₹0.00,₹3.60,5.0,₹0.18,₹3.78,UPI,Walk-in,Monday,August
2026-08-10,INV-12106,Dettol Antiseptic 100ml,Liquid,Antiseptic,₹75.00,1,₹75.00,0.0,₹0.00,₹75.00,5.0,₹3.75,₹78.75,UPI,Regular,Monday,August
2026-08-10,INV-12107,B-Complex,Tablet,Vitamins,₹3.50,1,₹3.50,0.0,₹0.00,₹3.50,12.0,₹0.42,₹3.92,Cash,Regular,Monday,August
2026-08-10,INV-12108,Volini Gel 30g,Gel,Pain Relief,₹110.00,1,₹110.00,2.0,₹2.20,₹107.80,5.0,₹5.39,₹113.19,UPI,Walk-in,Monday,August
2026-08-10,INV-12109,Atorvastatin 10mg,Tablet,Cardiac,₹3.20,6,₹19.20,0.0,₹0.00,₹19.20,5.0,₹0.96,₹20.16,UPI,Regular,Monday,August
2026-08-10,INV-12110,Paracetamol 500mg,Tablet,Pain Relief,₹2.50,1,₹2.50,0.0,₹0.00,₹2.50,18.0,₹0.45,₹2.95,UPI,Regular,Monday,August
2026-08-10,INV-12111,Pantoprazole 40mg,Tablet,Gastro,₹4.50,4,₹18.00,0.0,₹0.00,₹18.00,18.0,₹3.24,₹21.24,Card,Chronic,Monday,August
2026-08-10,INV-12112,Vicks Action 500,Tablet,Cough & Cold,₹5.00,2,₹10.00,2.0,₹0.20,₹9.80,18.0,₹1.76,₹11.56,UPI,Walk-in,Monday,August
2026-08-10,INV-12113,Pantoprazole 40mg,Tablet,Gastro,₹4.50,1,₹4.50,0.0,₹0.00,₹4.50,18.0,₹0.81,₹5.31,Card,Walk-in,Monday,August
2026-08-10,INV-12114,Ondansetron 4mg,Tablet,Gastro,₹2.50,3,₹7.50,0.0,₹0.00,₹7.50,12.0,₹0.90,₹8.40,UPI,Chronic,Monday,August
2026-08-10,INV-12115,Electral ORS,Sachet,Hydration,₹20.00,5,₹100.00,3.0,₹3.00,₹97.00,18.0,₹17.46,₹114.46,UPI,Walk-in,Monday,August
2026-08-10,INV-12116,Calcium + D3,Tablet,Vitamins,₹6.00,2,₹12.00,0.0,₹0.00,₹12.00,12.0,₹1.44,₹13.44,UPI,Chronic,Monday,August
2026-08-10,INV-12117,Ondansetron 4mg,Tablet,Gastro,₹2.50,2,₹5.00,0.0,₹0.00,₹5.00,18.0,₹0.90,₹5.90,UPI,Chronic,Monday,August
2026-08-10,INV-12118,ORS Lemon,Sachet,Hydration,₹22.00,2,₹44.00,2.0,₹0.88,₹43.12,5.0,₹2.16,₹45.28,Card,Walk-in,Monday,August
2026-08-10,INV-12119,Metformin 500mg,Tablet,Diabetes,₹1.50,4,₹6.00,0.0,₹0.00,₹6.00,5.0,₹0.30,₹6.30,Cash,Walk-in,Monday,August
2026-08-10,INV-12120,Levocetirizine 5mg,Tablet,Allergy,₹2.20,1,₹2.20,0.0,₹0.00,₹2.20,12.0,₹0.26,₹2.46,Card,Regular,Monday,August
2026-08-10,INV-12121,Levocetirizine 5mg,Tablet,Allergy,₹2.20,1,₹2.20,0.0,₹0.00,₹2.20,5.0,₹0.11,₹2.31,UPI,Regular,Monday,August
2026-08-10,INV-12122,ORS Lemon,Sachet,Hydration,₹22.00,2,₹44.00,2.0,₹0.88,₹43.12,12.0,₹5.17,₹48.29,UPI,Regular,Monday,August
2026-08-10,INV-12123,Azithromycin 500mg,Tablet,Antibiotic,₹12.50,2,₹25.00,2.0,₹0.50,₹24.50,18.0,₹4.41,₹28.91,Cash,Regular,Monday,August
2026-08-10,INV-12124,Digene Gel 200ml,Suspension,Gastro,₹125.00,4,₹500.00,0.0,₹0.00,₹500.00,18.0,₹90.00,₹590.00,Cash,Regular,Monday,August
2026-08-10,INV-12125,Dettol Antiseptic 100ml,Liquid,Antiseptic,₹75.00,2,₹150.00,0.0,₹0.00,₹150.00,12.0,₹18.00,₹168.00,Cash,Regular,Monday,August
2026-08-10,INV-12126,Amlodipine 5mg,Tablet,Cardiac,₹1.80,6,₹10.80,0.0,₹0.00,₹10.80,12.0,₹1.30,₹12.10,UPI,Walk-in,Monday,August
2026-08-10,INV-12127,Betadine 100ml,Solution,Antiseptic,₹85.00,4,₹340.00,0.0,₹0.00,₹340.00,12.0,₹40.80,₹380.80,UPI,Chronic,Monday,August
2026-08-10,INV-12128,Digene Gel 200ml,Suspension,Gastro,₹125.00,1,₹125.00,0.0,₹0.00,₹125.00,5.0,₹6.25,₹131.25,UPI,New Customer,Monday,August
2026-08-10,INV-12129,ORS Lemon,Sachet,Hydration,₹22.00,4,₹88.00,0.0,₹0.00,₹88.00,18.0,₹15.84,₹103.84,Cash,Walk-in,Monday,August
2026-08-10,INV-12130,Telmisartan 40mg,Tablet,Cardiac,₹4.20,1,₹4.20,2.0,₹0.08,₹4.12,12.0,₹0.49,₹4.61,UPI,New Customer,Monday,August
2026-08-10,INV-12131,Calcium + D3,Tablet,Vitamins,₹6.00,3,₹18.00,3.0,₹0.54,₹17.46,5.0,₹0.87,₹18.33,UPI,Chronic,Monday,August
2026-08-10,INV-12132,B-Complex,Tablet,Vitamins,₹3.50,1,₹3.50,0.0,₹0.00,₹3.50,5.0,₹0.17,₹3.67,UPI,Walk-in,Monday,August
2026-08-10,INV-12133,Metformin 500mg,Tablet,Diabetes,₹1.50,2,₹3.00,0.0,₹0.00,₹3.00,18.0,₹0.54,₹3.54,Cash,New Customer,Monday,August
2026-08-10,INV-12134,Glimepiride 1mg,Tablet,Diabetes,₹2.00,5,₹10.00,0.0,₹0.00,₹10.00,18.0,₹1.80,₹11.80,UPI,New Customer,Monday,August
2026-08-10,INV-12135,Dolo 650,Tablet,Pain Relief,₹3.20,4,₹12.80,0.0,₹0.00,₹12.80,5.0,₹0.64,₹13.44,UPI,Chronic,Monday,August
2026-08-10,INV-12136,ORS Orange,Sachet,Hydration,₹20.00,3,₹60.00,2.0,₹1.20,₹58.80,12.0,₹7.06,₹65.86,UPI,Walk-in,Monday,August
2026-08-10,INV-12137,Azithromycin 500mg,Tablet,Antibiotic,₹12.50,8,₹100.00,0.0,₹0.00,₹100.00,12.0,₹12.00,₹112.00,UPI,Regular,Monday,August
2026-08-11,INV-12138,Crocin Advance,Tablet,Pain Relief,₹3.00,4,₹12.00,0.0,₹0.00,₹12.00,12.0,₹1.44,₹13.44,UPI,Walk-in,Tuesday,August
2026-08-11,INV-12139,Atorvastatin 10mg,Tablet,Cardiac,₹3.20,4,₹12.80,0.0,₹0.00,₹12.80,5.0,₹0.64,₹13.44,UPI,Regular,Tuesday,August
2026-08-11,INV-12140,Amoxicillin 500mg,Capsule,Antibiotic,₹8.50,2,₹17.00,5.0,₹0.85,₹16.15,5.0,₹0.81,₹16.96,Card,Regular,Tuesday,August
2026-08-11,INV-12141,Volini Gel 30g,Gel,Pain Relief,₹110.00,1,₹110.00,0.0,₹0.00,₹110.00,18.0,₹19.80,₹129.80,UPI,Regular,Tuesday,August
2026-08-11,INV-12142,Pantoprazole 40mg,Tablet,Gastro,₹4.50,3,₹13.50,0.0,₹0.00,₹13.50,12.0,₹1.62,₹15.12,Cash,Walk-in,Tuesday,August
2026-08-11,INV-12143,Vitamin C 500mg,Tablet,Vitamins,₹2.80,1,₹2.80,0.0,₹0.00,₹2.80,5.0,₹0.14,₹2.94,UPI,Walk-in,Tuesday,August
2026-08-11,INV-12144,Digene Gel 200ml,Suspension,Gastro,₹125.00,1,₹125.00,0.0,₹0.00,₹125.00,18.0,₹22.50,₹147.50,UPI,Walk-in,Tuesday,August
2026-08-11,INV-12145,Meftal Spas,Tablet,Pain Relief,₹3.80,2,₹7.60,0.0,₹0.00,₹7.60,12.0,₹0.91,₹8.51,UPI,Chronic,Tuesday,August
2026-08-11,INV-12146,Vitamin C 500mg,Tablet,Vitamins,₹2.80,2,₹5.60,0.0,₹0.00,₹5.60,12.0,₹0.67,₹6.27,UPI,Regular,Tuesday,August
2026-08-11,INV-12147,Betadine 100ml,Solution,Antiseptic,₹85.00,5,₹425.00,3.0,₹12.75,₹412.25,5.0,₹20.61,₹432.86,Cash,Walk-in,Tuesday,August
2026-08-11,INV-12148,Paracetamol 500mg,Tablet,Pain Relief,₹2.50,3,₹7.50,0.0,₹0.00,₹7.50,5.0,₹0.38,₹7.88,Cash,Walk-in,Tuesday,August
2026-08-11,INV-12149,Paracetamol 500mg,Tablet,Pain Relief,₹2.50,1,₹2.50,0.0,₹0.00,₹2.50,5.0,₹0.12,₹2.62,UPI,Walk-in,Tuesday,August
2026-08-11,INV-12150,Metformin 500mg,Tablet,Diabetes,₹1.50,4,₹6.00,2.0,₹0.12,₹5.88,12.0,₹0.71,₹6.59,UPI,Walk-in,Tuesday,August
2026-08-11,INV-12151,Atorvastatin 10mg,Tablet,Cardiac,₹3.20,2,₹6.40,0.0,₹0.00,₹6.40,12.0,₹0.77,₹7.17,Cash,Walk-in,Tuesday,August
2026-08-11,INV-12152,Dolo 650,Tablet,Pain Relief,₹3.20,5,₹16.00,2.0,₹0.32,₹15.68,12.0,₹1.88,₹17.56,UPI,Walk-in,Tuesday,August
2026-08-11,INV-12153,Atorvastatin 10mg,Tablet,Cardiac,₹3.20,2,₹6.40,0.0,₹0.00,₹6.40,5.0,₹0.32,₹6.72,UPI,Chronic,Tuesday,August
2026-08-11,INV-12154,Cough Syrup 100ml,Syrup,Cough & Cold,₹85.00,4,₹340.00,0.0,₹0.00,₹340.00,12.0,₹40.80,₹380.80,UPI,Walk-in,Tuesday,August
2026-08-11,INV-12155,Volini Gel 30g,Gel,Pain Relief,₹110.00,4,₹440.00,0.0,₹0.00,₹440.00,12.0,₹52.80,₹492.80,Cash,Walk-in,Tuesday,August
2026-08-11,INV-12156,Omeprazole 20mg,Capsule,Gastro,₹3.80,2,₹7.60,0.0,₹0.00,₹7.60,5.0,₹0.38,₹7.98,Card,Regular,Tuesday,August
2026-08-11,INV-12157,Vitamin C 500mg,Tablet,Vitamins,₹2.80,1,₹2.80,0.0,₹0.00,₹2.80,12.0,₹0.34,₹3.14,UPI,Chronic,Tuesday,August
2026-08-11,INV-12158,Azithromycin 500mg,Tablet,Antibiotic,₹12.50,2,₹25.00,0.0,₹0.00,₹25.00,5.0,₹1.25,₹26.25,Card,New Customer,Tuesday,August
2026-08-11,INV-12159,B-Complex,Tablet,Vitamins,₹3.50,1,₹3.50,0.0,₹0.00,₹3.50,12.0,₹0.42,₹3.92,Card,Regular,Tuesday,August
2026-08-11,INV-12160,Azithromycin 500mg,Tablet,Antibiotic,₹12.50,1,₹12.50,0.0,₹0.00,₹12.50,5.0,₹0.62,₹13.12,Cash,New Customer,Tuesday,August
2026-08-11,INV-12161,Levocetirizine 5mg,Tablet,Allergy,₹2.20,4,₹8.80,0.0,₹0.00,₹8.80,5.0,₹0.44,₹9.24,Card,Chronic,Tuesday,August
2026-08-11,INV-12162,Calcium + D3,Tablet,Vitamins,₹6.00,4,₹24.00,0.0,₹0.00,₹24.00,18.0,₹4.32,₹28.32,Cash,Walk-in,Tuesday,August
2026-08-11,INV-12163,Betadine 100ml,Solution,Antiseptic,₹85.00,5,₹425.00,0.0,₹0.00,₹425.00,12.0,₹51.00,₹476.00,UPI,Regular,Tuesday,August
2026-08-11,INV-12164,Omeprazole 20mg,Capsule,Gastro,₹3.80,1,₹3.80,0.0,₹0.00,₹3.80,5.0,₹0.19,₹3.99,UPI,Walk-in,Tuesday,August
2026-08-11,INV-12165,Meftal Spas,Tablet,Pain Relief,₹3.80,3,₹11.40,0.0,₹0.00,₹11.40,18.0,₹2.05,₹13.45,Card,Walk-in,Tuesday,August
2026-08-11,INV-12166,Paracetamol 500mg,Tablet,Pain Relief,₹2.50,1,₹2.50,0.0,₹0.00,₹2.50,12.0,₹0.30,₹2.80,Cash,Chronic,Tuesday,August
2026-08-11,INV-12167,Paracetamol 500mg,Tablet,Pain Relief,₹2.50,1,₹2.50,0.0,₹0.00,₹2.50,12.0,₹0.30,₹2.80,UPI,Walk-in,Tuesday,August
2026-08-11,INV-12168,Cough Syrup 100ml,Syrup,Cough & Cold,₹85.00,1,₹85.00,0.0,₹0.00,₹85.00,12.0,₹10.20,₹95.20,UPI,New Customer,Tuesday,August
2026-08-11,INV-12169,Azithromycin 500mg,Tablet,Antibiotic,₹12.50,1,₹12.50,0.0,₹0.00,₹12.50,18.0,₹2.25,₹14.75,UPI,Regular,Tuesday,August
2026-08-11,INV-12170,Paracetamol 500mg,Tablet,Pain Relief,₹2.50,3,₹7.50,0.0,₹0.00,₹7.50,5.0,₹0.38,₹7.88,UPI,Walk-in,Tuesday,August
2026-08-11,INV-12171,Vicks Action 500,Tablet,Cough & Cold,₹5.00,1,₹5.00,0.0,₹0.00,₹5.00,5.0,₹0.25,₹5.25,Cash,Walk-in,Tuesday,August
2026-08-11,INV-12172,ORS Lemon,Sachet,Hydration,₹22.00,1,₹22.00,0.0,₹0.00,₹22.00,12.0,₹2.64,₹24.64,UPI,Walk-in,Tuesday,August
2026-08-11,INV-12173,Dolo 650,Tablet,Pain Relief,₹3.20,3,₹9.60,5.0,₹0.48,₹9.12,5.0,₹0.46,₹9.58,Cash,Walk-in,Tuesday,August
2026-08-11,INV-12174,Betadine 100ml,Solution,Antiseptic,₹85.00,2,₹170.00,3.0,₹5.10,₹164.90,5.0,₹8.24,₹173.14,UPI,Regular,Tuesday,August
2026-08-11,INV-12175,Cheston Cold,Tablet,Cough & Cold,₹4.00,3,₹12.00,0.0,₹0.00,₹12.00,5.0,₹0.60,₹12.60,UPI,Regular,Tuesday,August
2026-08-11,INV-12176,Ondansetron 4mg,Tablet,Gastro,₹2.50,1,₹2.50,2.0,₹0.05,₹2.45,5.0,₹0.12,₹2.57,Cash,Walk-in,Tuesday,August
2026-08-11,INV-12177,Metformin 500mg,Tablet,Diabetes,₹1.50,1,₹1.50,0.0,₹0.00,₹1.50,5.0,₹0.07,₹1.57,UPI,Chronic,Tuesday,August
2026-08-11,INV-12178,Crocin Advance,Tablet,Pain Relief,₹3.00,3,₹9.00,3.0,₹0.27,₹8.73,18.0,₹1.57,₹10.30,UPI,Walk-in,Tuesday,August
2026-08-11,INV-12179,Digene Gel 200ml,Suspension,Gastro,₹125.00,1,₹125.00,0.0,₹0.00,₹125.00,5.0,₹6.25,₹131.25,Cash,Walk-in,Tuesday,August
2026-08-11,INV-12180,Meftal Spas,Tablet,Pain Relief,₹3.80,2,₹7.60,0.0,₹0.00,₹7.60,5.0,₹0.38,₹7.98,Cash,Chronic,Tuesday,August
2026-08-12,INV-12181,Paracetamol 500mg,Tablet,Pain Relief,₹2.50,3,₹7.50,0.0,₹0.00,₹7.50,5.0,₹0.38,₹7.88,UPI,Walk-in,Wednesday,August
2026-08-12,INV-12182,Cough Syrup 100ml,Syrup,Cough & Cold,₹85.00,1,₹85.00,0.0,₹0.00,₹85.00,12.0,₹10.20,₹95.20,UPI,Chronic,Wednesday,August
2026-08-12,INV-12183,Vicks Action 500,Tablet,Cough & Cold,₹5.00,1,₹5.00,3.0,₹0.15,₹4.85,12.0,₹0.58,₹5.43,UPI,New Customer,Wednesday,August
2026-08-12,INV-12184,Metformin 500mg,Tablet,Diabetes,₹1.50,1,₹1.50,0.0,₹0.00,₹1.50,5.0,₹0.07,₹1.57,UPI,Walk-in,Wednesday,August
2026-08-12,INV-12185,Azithromycin 500mg,Tablet,Antibiotic,₹12.50,1,₹12.50,0.0,₹0.00,₹12.50,5.0,₹0.62,₹13.12,UPI,Walk-in,Wednesday,August
2026-08-12,INV-12186,Levocetirizine 5mg,Tablet,Allergy,₹2.20,3,₹6.60,0.0,₹0.00,₹6.60,5.0,₹0.33,₹6.93,Cash,Walk-in,Wednesday,August
2026-08-12,INV-12187,Multivitamin Syrup 200ml,Syrup,Vitamins,₹145.00,2,₹290.00,0.0,₹0.00,₹290.00,5.0,₹14.50,₹304.50,UPI,Regular,Wednesday,August
2026-08-12,INV-12188,Levocetirizine 5mg,Tablet,Allergy,₹2.20,1,₹2.20,0.0,₹0.00,₹2.20,12.0,₹0.26,₹2.46,UPI,Chronic,Wednesday,August
2026-08-12,INV-12189,Vicks Action 500,Tablet,Cough & Cold,₹5.00,2,₹10.00,0.0,₹0.00,₹10.00,5.0,₹0.50,₹10.50,UPI,Chronic,Wednesday,August
2026-08-12,INV-12190,Digene Gel 200ml,Suspension,Gastro,₹125.00,8,"₹1,000.00",0.0,₹0.00,"₹1,000.00",12.0,₹120.00,"₹1,120.00",UPI,Walk-in,Wednesday,August
2026-08-12,INV-12191,Amlodipine 5mg,Tablet,Cardiac,₹1.80,2,₹3.60,0.0,₹0.00,₹3.60,5.0,₹0.18,₹3.78,Cash,Chronic,Wednesday,August
2026-08-12,INV-12192,B-Complex,Tablet,Vitamins,₹3.50,2,₹7.00,0.0,₹0.00,₹7.00,12.0,₹0.84,₹7.84,UPI,Regular,Wednesday,August
2026-08-12,INV-12193,ORS Lemon,Sachet,Hydration,₹22.00,2,₹44.00,0.0,₹0.00,₹44.00,18.0,₹7.92,₹51.92,UPI,Walk-in,Wednesday,August
2026-08-12,INV-12194,Ondansetron 4mg,Tablet,Gastro,₹2.50,2,₹5.00,0.0,₹0.00,₹5.00,5.0,₹0.25,₹5.25,UPI,Chronic,Wednesday,August
2026-08-12,INV-12195,Pantoprazole 40mg,Tablet,Gastro,₹4.50,1,₹4.50,0.0,₹0.00,₹4.50,5.0,₹0.23,₹4.73,Cash,Chronic,Wednesday,August
2026-08-12,INV-12196,Betadine 100ml,Solution,Antiseptic,₹85.00,3,₹255.00,0.0,₹0.00,₹255.00,12.0,₹30.60,₹285.60,Cash,Chronic,Wednesday,August
2026-08-12,INV-12197,ORS Lemon,Sachet,Hydration,₹22.00,2,₹44.00,0.0,₹0.00,₹44.00,18.0,₹7.92,₹51.92,UPI,Regular,Wednesday,August
2026-08-12,INV-12198,Calcium + D3,Tablet,Vitamins,₹6.00,8,₹48.00,0.0,₹0.00,₹48.00,12.0,₹5.76,₹53.76,UPI,Walk-in,Wednesday,August
2026-08-12,INV-12199,Calcium + D3,Tablet,Vitamins,₹6.00,1,₹6.00,0.0,₹0.00,₹6.00,5.0,₹0.30,₹6.30,Cash,Walk-in,Wednesday,August
2026-08-12,INV-12200,Betadine 100ml,Solution,Antiseptic,₹85.00,2,₹170.00,2.0,₹3.40,₹166.60,5.0,₹8.33,₹174.93,UPI,Walk-in,Wednesday,August
2026-08-12,INV-12201,Cough Syrup 100ml,Syrup,Cough & Cold,₹85.00,2,₹170.00,0.0,₹0.00,₹170.00,5.0,₹8.50,₹178.50,UPI,New Customer,Wednesday,August
2026-08-12,INV-12202,Vicks Action 500,Tablet,Cough & Cold,₹5.00,1,₹5.00,0.0,₹0.00,₹5.00,18.0,₹0.90,₹5.90,Card,Chronic,Wednesday,August
2026-08-12,INV-12203,Electral ORS,Sachet,Hydration,₹20.00,2,₹40.00,5.0,₹2.00,₹38.00,18.0,₹6.84,₹44.84,Cash,Walk-in,Wednesday,August
2026-08-12,INV-12204,Cetirizine 10mg,Tablet,Allergy,₹1.80,5,₹9.00,0.0,₹0.00,₹9.00,5.0,₹0.45,₹9.45,Cash,Walk-in,Wednesday,August
2026-08-12,INV-12205,Cheston Cold,Tablet,Cough & Cold,₹4.00,1,₹4.00,5.0,₹0.20,₹3.80,12.0,₹0.46,₹4.26,UPI,Chronic,Wednesday,August
2026-08-12,INV-12206,Multivitamin Syrup 200ml,Syrup,Vitamins,₹145.00,2,₹290.00,2.0,₹5.80,₹284.20,12.0,₹34.10,₹318.30,UPI,Walk-in,Wednesday,August
2026-08-12,INV-12207,Paracetamol 500mg,Tablet,Pain Relief,₹2.50,2,₹5.00,2.0,₹0.10,₹4.90,12.0,₹0.59,₹5.49,Card,Walk-in,Wednesday,August
2026-08-12,INV-12208,Telmisartan 40mg,Tablet,Cardiac,₹4.20,1,₹4.20,2.0,₹0.08,₹4.12,5.0,₹0.21,₹4.33,UPI,Walk-in,Wednesday,August
2026-08-12,INV-12209,Levocetirizine 5mg,Tablet,Allergy,₹2.20,3,₹6.60,0.0,₹0.00,₹6.60,18.0,₹1.19,₹7.79,Card,Walk-in,Wednesday,August
2026-08-12,INV-12210,Ondansetron 4mg,Tablet,Gastro,₹2.50,3,₹7.50,0.0,₹0.00,₹7.50,12.0,₹0.90,₹8.40,UPI,Regular,Wednesday,August
2026-08-12,INV-12211,Amlodipine 5mg,Tablet,Cardiac,₹1.80,3,₹5.40,0.0,₹0.00,₹5.40,5.0,₹0.27,₹5.67,UPI,New Customer,Wednesday,August
2026-08-12,INV-12212,Crocin Advance,Tablet,Pain Relief,₹3.00,2,₹6.00,0.0,₹0.00,₹6.00,5.0,₹0.30,₹6.30,UPI,Chronic,Wednesday,August
2026-08-12,INV-12213,Cough Syrup 100ml,Syrup,Cough & Cold,₹85.00,1,₹85.00,0.0,₹0.00,₹85.00,18.0,₹15.30,₹100.30,UPI,Walk-in,Wednesday,August
2026-08-12,INV-12214,Multivitamin Syrup 200ml,Syrup,Vitamins,₹145.00,2,₹290.00,0.0,₹0.00,₹290.00,12.0,₹34.80,₹324.80,Card,Walk-in,Wednesday,August
2026-08-12,INV-12215,Electral ORS,Sachet,Hydration,₹20.00,1,₹20.00,0.0,₹0.00,₹20.00,5.0,₹1.00,₹21.00,Card,Regular,Wednesday,August
2026-08-12,INV-12216,Amoxicillin 500mg,Capsule,Antibiotic,₹8.50,3,₹25.50,3.0,₹0.77,₹24.73,18.0,₹4.45,₹29.18,Cash,Regular,Wednesday,August
2026-08-12,INV-12217,Telmisartan 40mg,Tablet,Cardiac,₹4.20,1,₹4.20,0.0,₹0.00,₹4.20,5.0,₹0.21,₹4.41,UPI,Regular,Wednesday,August
2026-08-13,INV-12218,Glimepiride 1mg,Tablet,Diabetes,₹2.00,1,₹2.00,0.0,₹0.00,₹2.00,5.0,₹0.10,₹2.10,UPI,Chronic,Thursday,August
2026-08-13,INV-12219,Metformin 500mg,Tablet,Diabetes,₹1.50,3,₹4.50,0.0,₹0.00,₹4.50,12.0,₹0.54,₹5.04,Card,Walk-in,Thursday,August
2026-08-13,INV-12220,Amoxicillin 500mg,Capsule,Antibiotic,₹8.50,6,₹51.00,3.0,₹1.53,₹49.47,5.0,₹2.47,₹51.94,Cash,Regular,Thursday,August
2026-08-13,INV-12221,Crocin Advance,Tablet,Pain Relief,₹3.00,1,₹3.00,0.0,₹0.00,₹3.00,5.0,₹0.15,₹3.15,Card,New Customer,Thursday,August
2026-08-13,INV-12222,Meftal Spas,Tablet,Pain Relief,₹3.80,2,₹7.60,5.0,₹0.38,₹7.22,5.0,₹0.36,₹7.58,UPI,Walk-in,Thursday,August
2026-08-13,INV-12223,ORS Orange,Sachet,Hydration,₹20.00,4,₹80.00,0.0,₹0.00,₹80.00,5.0,₹4.00,₹84.00,UPI,Walk-in,Thursday,August
2026-08-13,INV-12224,ORS Lemon,Sachet,Hydration,₹22.00,2,₹44.00,0.0,₹0.00,₹44.00,12.0,₹5.28,₹49.28,UPI,Walk-in,Thursday,August
2026-08-13,INV-12225,Amoxicillin 500mg,Capsule,Antibiotic,₹8.50,2,₹17.00,2.0,₹0.34,₹16.66,18.0,₹3.00,₹19.66,Card,Chronic,Thursday,August
2026-08-13,INV-12226,Meftal Spas,Tablet,Pain Relief,₹3.80,2,₹7.60,0.0,₹0.00,₹7.60,18.0,₹1.37,₹8.97,Card,Chronic,Thursday,August
2026-08-13,INV-12227,Metformin 500mg,Tablet,Diabetes,₹1.50,3,₹4.50,0.0,₹0.00,₹4.50,5.0,₹0.23,₹4.73,Cash,Regular,Thursday,August
2026-08-13,INV-12228,Amlodipine 5mg,Tablet,Cardiac,₹1.80,1,₹1.80,0.0,₹0.00,₹1.80,12.0,₹0.22,₹2.02,UPI,Walk-in,Thursday,August
2026-08-13,INV-12229,Digene Gel 200ml,Suspension,Gastro,₹125.00,4,₹500.00,0.0,₹0.00,₹500.00,5.0,₹25.00,₹525.00,UPI,New Customer,Thursday,August
2026-08-13,INV-12230,Pantoprazole 40mg,Tablet,Gastro,₹4.50,3,₹13.50,0.0,₹0.00,₹13.50,12.0,₹1.62,₹15.12,UPI,Regular,Thursday,August
2026-08-13,INV-12231,Cheston Cold,Tablet,Cough & Cold,₹4.00,1,₹4.00,0.0,₹0.00,₹4.00,12.0,₹0.48,₹4.48,UPI,Regular,Thursday,August
2026-08-13,INV-12232,Dolo 650,Tablet,Pain Relief,₹3.20,2,₹6.40,0.0,₹0.00,₹6.40,12.0,₹0.77,₹7.17,Cash,Walk-in,Thursday,August
2026-08-13,INV-12233,Vicks Action 500,Tablet,Cough & Cold,₹5.00,3,₹15.00,0.0,₹0.00,₹15.00,5.0,₹0.75,₹15.75,Cash,Regular,Thursday,August
2026-08-13,INV-12234,Pantoprazole 40mg,Tablet,Gastro,₹4.50,2,₹9.00,0.0,₹0.00,₹9.00,18.0,₹1.62,₹10.62,Cash,Walk-in,Thursday,August
2026-08-13,INV-12235,Meftal Spas,Tablet,Pain Relief,₹3.80,3,₹11.40,0.0,₹0.00,₹11.40,18.0,₹2.05,₹13.45,UPI,Regular,Thursday,August
2026-08-13,INV-12236,Pantoprazole 40mg,Tablet,Gastro,₹4.50,3,₹13.50,0.0,₹0.00,₹13.50,12.0,₹1.62,₹15.12,UPI,Walk-in,Thursday,August
2026-08-13,INV-12237,Azithromycin 500mg,Tablet,Antibiotic,₹12.50,2,₹25.00,3.0,₹0.75,₹24.25,5.0,₹1.21,₹25.46,UPI,Walk-in,Thursday,August
2026-08-13,INV-12238,Multivitamin Syrup 200ml,Syrup,Vitamins,₹145.00,2,₹290.00,0.0,₹0.00,₹290.00,5.0,₹14.50,₹304.50,Cash,Walk-in,Thursday,August
2026-08-13,INV-12239,Telmisartan 40mg,Tablet,Cardiac,₹4.20,6,₹25.20,0.0,₹0.00,₹25.20,5.0,₹1.26,₹26.46,Cash,Walk-in,Thursday,August
2026-08-13,INV-12240,Meftal Spas,Tablet,Pain Relief,₹3.80,1,₹3.80,0.0,₹0.00,₹3.80,12.0,₹0.46,₹4.26,Cash,Regular,Thursday,August
2026-08-13,INV-12241,Amlodipine 5mg,Tablet,Cardiac,₹1.80,1,₹1.80,0.0,₹0.00,₹1.80,5.0,₹0.09,₹1.89,UPI,Chronic,Thursday,August
2026-08-13,INV-12242,Multivitamin Syrup 200ml,Syrup,Vitamins,₹145.00,2,₹290.00,2.0,₹5.80,₹284.20,5.0,₹14.21,₹298.41,UPI,Walk-in,Thursday,August
2026-08-13,INV-12243,Cheston Cold,Tablet,Cough & Cold,₹4.00,3,₹12.00,3.0,₹0.36,₹11.64,12.0,₹1.40,₹13.04,Card,New Customer,Thursday,August
2026-08-13,INV-12244,ORS Orange,Sachet,Hydration,₹20.00,3,₹60.00,2.0,₹1.20,₹58.80,5.0,₹2.94,₹61.74,UPI,Regular,Thursday,August
2026-08-13,INV-12245,Meftal Spas,Tablet,Pain Relief,₹3.80,2,₹7.60,2.0,₹0.15,₹7.45,5.0,₹0.37,₹7.82,UPI,Walk-in,Thursday,August
2026-08-13,INV-12246,Paracetamol 500mg,Tablet,Pain Relief,₹2.50,4,₹10.00,0.0,₹0.00,₹10.00,5.0,₹0.50,₹10.50,UPI,Walk-in,Thursday,August
2026-08-13,INV-12247,Cough Syrup 100ml,Syrup,Cough & Cold,₹85.00,1,₹85.00,0.0,₹0.00,₹85.00,5.0,₹4.25,₹89.25,UPI,Walk-in,Thursday,August
2026-08-13,INV-12248,Metformin 500mg,Tablet,Diabetes,₹1.50,1,₹1.50,0.0,₹0.00,₹1.50,5.0,₹0.07,₹1.57,Cash,Regular,Thursday,August
2026-08-13,INV-12249,Amlodipine 5mg,Tablet,Cardiac,₹1.80,4,₹7.20,0.0,₹0.00,₹7.20,12.0,₹0.86,₹8.06,UPI,Regular,Thursday,August
2026-08-14,INV-12250,Vicks Action 500,Tablet,Cough & Cold,₹5.00,1,₹5.00,3.0,₹0.15,₹4.85,5.0,₹0.24,₹5.09,UPI,New Customer,Friday,August
2026-08-14,INV-12251,Ondansetron 4mg,Tablet,Gastro,₹2.50,2,₹5.00,2.0,₹0.10,₹4.90,18.0,₹0.88,₹5.78,UPI,Walk-in,Friday,August
2026-08-14,INV-12252,Meftal Spas,Tablet,Pain Relief,₹3.80,2,₹7.60,0.0,₹0.00,₹7.60,12.0,₹0.91,₹8.51,Cash,Chronic,Friday,August
2026-08-14,INV-12253,Cough Syrup 100ml,Syrup,Cough & Cold,₹85.00,2,₹170.00,0.0,₹0.00,₹170.00,5.0,₹8.50,₹178.50,UPI,Walk-in,Friday,August
2026-08-14,INV-12254,Amlodipine 5mg,Tablet,Cardiac,₹1.80,3,₹5.40,0.0,₹0.00,₹5.40,5.0,₹0.27,₹5.67,Cash,Regular,Friday,August
2026-08-14,INV-12255,Digene Gel 200ml,Suspension,Gastro,₹125.00,2,₹250.00,0.0,₹0.00,₹250.00,12.0,₹30.00,₹280.00,UPI,Regular,Friday,August
2026-08-14,INV-12256,Cough Syrup 100ml,Syrup,Cough & Cold,₹85.00,1,₹85.00,0.0,₹0.00,₹85.00,18.0,₹15.30,₹100.30,Cash,Walk-in,Friday,August
2026-08-14,INV-12257,Digene Gel 200ml,Suspension,Gastro,₹125.00,1,₹125.00,0.0,₹0.00,₹125.00,12.0,₹15.00,₹140.00,Cash,Regular,Friday,August
2026-08-14,INV-12258,Cheston Cold,Tablet,Cough & Cold,₹4.00,3,₹12.00,3.0,₹0.36,₹11.64,5.0,₹0.58,₹12.22,UPI,Walk-in,Friday,August
2026-08-14,INV-12259,Calcium + D3,Tablet,Vitamins,₹6.00,3,₹18.00,0.0,₹0.00,₹18.00,12.0,₹2.16,₹20.16,UPI,Regular,Friday,August
2026-08-14,INV-12260,Dettol Antiseptic 100ml,Liquid,Antiseptic,₹75.00,5,₹375.00,0.0,₹0.00,₹375.00,12.0,₹45.00,₹420.00,UPI,Walk-in,Friday,August
2026-08-14,INV-12261,Metformin 500mg,Tablet,Diabetes,₹1.50,5,₹7.50,0.0,₹0.00,₹7.50,5.0,₹0.38,₹7.88,UPI,Regular,Friday,August
2026-08-14,INV-12262,Vitamin C 500mg,Tablet,Vitamins,₹2.80,2,₹5.60,0.0,₹0.00,₹5.60,5.0,₹0.28,₹5.88,Card,Chronic,Friday,August
2026-08-14,INV-12263,Electral ORS,Sachet,Hydration,₹20.00,1,₹20.00,0.0,₹0.00,₹20.00,5.0,₹1.00,₹21.00,UPI,Walk-in,Friday,August
2026-08-14,INV-12264,Electral ORS,Sachet,Hydration,₹20.00,2,₹40.00,0.0,₹0.00,₹40.00,12.0,₹4.80,₹44.80,UPI,New Customer,Friday,August
2026-08-14,INV-12265,Multivitamin Syrup 200ml,Syrup,Vitamins,₹145.00,4,₹580.00,0.0,₹0.00,₹580.00,12.0,₹69.60,₹649.60,Cash,Walk-in,Friday,August
2026-08-14,INV-12266,Levocetirizine 5mg,Tablet,Allergy,₹2.20,6,₹13.20,0.0,₹0.00,₹13.20,5.0,₹0.66,₹13.86,Card,Regular,Friday,August
2026-08-14,INV-12267,Vitamin C 500mg,Tablet,Vitamins,₹2.80,2,₹5.60,0.0,₹0.00,₹5.60,5.0,₹0.28,₹5.88,Cash,Regular,Friday,August
2026-08-14,INV-12268,Glimepiride 1mg,Tablet,Diabetes,₹2.00,2,₹4.00,0.0,₹0.00,₹4.00,5.0,₹0.20,₹4.20,Cash,Walk-in,Friday,August
2026-08-14,INV-12269,Amoxicillin 500mg,Capsule,Antibiotic,₹8.50,2,₹17.00,2.0,₹0.34,₹16.66,18.0,₹3.00,₹19.66,UPI,Regular,Friday,August
2026-08-14,INV-12270,Dolo 650,Tablet,Pain Relief,₹3.20,4,₹12.80,3.0,₹0.38,₹12.42,5.0,₹0.62,₹13.04,Cash,Walk-in,Friday,August
2026-08-14,INV-12271,Vicks Action 500,Tablet,Cough & Cold,₹5.00,1,₹5.00,3.0,₹0.15,₹4.85,5.0,₹0.24,₹5.09,UPI,Walk-in,Friday,August
2026-08-14,INV-12272,Glimepiride 1mg,Tablet,Diabetes,₹2.00,1,₹2.00,0.0,₹0.00,₹2.00,18.0,₹0.36,₹2.36,UPI,Chronic,Friday,August
2026-08-14,INV-12273,Meftal Spas,Tablet,Pain Relief,₹3.80,1,₹3.80,0.0,₹0.00,₹3.80,18.0,₹0.68,₹4.48,Cash,Walk-in,Friday,August
2026-08-14,INV-12274,Multivitamin Syrup 200ml,Syrup,Vitamins,₹145.00,2,₹290.00,0.0,₹0.00,₹290.00,5.0,₹14.50,₹304.50,UPI,Walk-in,Friday,August
2026-08-14,INV-12275,Metformin 500mg,Tablet,Diabetes,₹1.50,2,₹3.00,0.0,₹0.00,₹3.00,12.0,₹0.36,₹3.36,Cash,Regular,Friday,August
2026-08-14,INV-12276,Electral ORS,Sachet,Hydration,₹20.00,2,₹40.00,0.0,₹0.00,₹40.00,12.0,₹4.80,₹44.80,UPI,Regular,Friday,August
2026-08-14,INV-12277,ORS Orange,Sachet,Hydration,₹20.00,8,₹160.00,0.0,₹0.00,₹160.00,5.0,₹8.00,₹168.00,UPI,Walk-in,Friday,August
2026-08-14,INV-12278,Cetirizine 10mg,Tablet,Allergy,₹1.80,3,₹5.40,3.0,₹0.16,₹5.24,5.0,₹0.26,₹5.50,UPI,Walk-in,Friday,August
2026-08-15,INV-12279,Cough Syrup 100ml,Syrup,Cough & Cold,₹85.00,1,₹85.00,0.0,₹0.00,₹85.00,12.0,₹10.20,₹95.20,UPI,Walk-in,Saturday,August
2026-08-15,INV-12280,Amlodipine 5mg,Tablet,Cardiac,₹1.80,3,₹5.40,0.0,₹0.00,₹5.40,5.0,₹0.27,₹5.67,UPI,Regular,Saturday,August
2026-08-15,INV-12281,Crocin Advance,Tablet,Pain Relief,₹3.00,1,₹3.00,0.0,₹0.00,₹3.00,5.0,₹0.15,₹3.15,Card,Regular,Saturday,August
2026-08-15,INV-12282,Vitamin C 500mg,Tablet,Vitamins,₹2.80,3,₹8.40,0.0,₹0.00,₹8.40,5.0,₹0.42,₹8.82,UPI,Regular,Saturday,August
2026-08-15,INV-12283,Telmisartan 40mg,Tablet,Cardiac,₹4.20,4,₹16.80,0.0,₹0.00,₹16.80,12.0,₹2.02,₹18.82,UPI,Walk-in,Saturday,August
2026-08-15,INV-12284,Digene Gel 200ml,Suspension,Gastro,₹125.00,5,₹625.00,0.0,₹0.00,₹625.00,12.0,₹75.00,₹700.00,UPI,Walk-in,Saturday,August
2026-08-15,INV-12285,B-Complex,Tablet,Vitamins,₹3.50,3,₹10.50,0.0,₹0.00,₹10.50,12.0,₹1.26,₹11.76,Card,Walk-in,Saturday,August
2026-08-15,INV-12286,ORS Lemon,Sachet,Hydration,₹22.00,2,₹44.00,0.0,₹0.00,₹44.00,12.0,₹5.28,₹49.28,Cash,Walk-in,Saturday,August
2026-08-15,INV-12287,Metformin 500mg,Tablet,Diabetes,₹1.50,2,₹3.00,0.0,₹0.00,₹3.00,12.0,₹0.36,₹3.36,Cash,Walk-in,Saturday,August
2026-08-15,INV-12288,Cough Syrup 100ml,Syrup,Cough & Cold,₹85.00,3,₹255.00,0.0,₹0.00,₹255.00,18.0,₹45.90,₹300.90,UPI,Walk-in,Saturday,August
2026-08-15,INV-12289,Dolo 650,Tablet,Pain Relief,₹3.20,5,₹16.00,0.0,₹0.00,₹16.00,12.0,₹1.92,₹17.92,Card,Chronic,Saturday,August
2026-08-15,INV-12290,Telmisartan 40mg,Tablet,Cardiac,₹4.20,2,₹8.40,0.0,₹0.00,₹8.40,12.0,₹1.01,₹9.41,Cash,Walk-in,Saturday,August
2026-08-15,INV-12291,Crocin Advance,Tablet,Pain Relief,₹3.00,1,₹3.00,0.0,₹0.00,₹3.00,12.0,₹0.36,₹3.36,UPI,Walk-in,Saturday,August
2026-08-15,INV-12292,Calcium + D3,Tablet,Vitamins,₹6.00,5,₹30.00,0.0,₹0.00,₹30.00,5.0,₹1.50,₹31.50,UPI,Regular,Saturday,August
2026-08-15,INV-12293,Levocetirizine 5mg,Tablet,Allergy,₹2.20,1,₹2.20,3.0,₹0.07,₹2.13,12.0,₹0.26,₹2.39,Cash,Walk-in,Saturday,August
2026-08-15,INV-12294,Pantoprazole 40mg,Tablet,Gastro,₹4.50,1,₹4.50,0.0,₹0.00,₹4.50,5.0,₹0.23,₹4.73,Cash,Walk-in,Saturday,August
2026-08-15,INV-12295,ORS Orange,Sachet,Hydration,₹20.00,1,₹20.00,0.0,₹0.00,₹20.00,18.0,₹3.60,₹23.60,UPI,Walk-in,Saturday,August
2026-08-15,INV-12296,Electral ORS,Sachet,Hydration,₹20.00,1,₹20.00,0.0,₹0.00,₹20.00,5.0,₹1.00,₹21.00,Cash,Regular,Saturday,August
2026-08-15,INV-12297,ORS Orange,Sachet,Hydration,₹20.00,3,₹60.00,2.0,₹1.20,₹58.80,18.0,₹10.58,₹69.38,UPI,Regular,Saturday,August
2026-08-15,INV-12298,Vicks Action 500,Tablet,Cough & Cold,₹5.00,1,₹5.00,0.0,₹0.00,₹5.00,5.0,₹0.25,₹5.25,UPI,Regular,Saturday,August
2026-08-15,INV-12299,Cough Syrup 100ml,Syrup,Cough & Cold,₹85.00,2,₹170.00,0.0,₹0.00,₹170.00,18.0,₹30.60,₹200.60,UPI,Walk-in,Saturday,August
2026-08-15,INV-12300,Cetirizine 10mg,Tablet,Allergy,₹1.80,3,₹5.40,0.0,₹0.00,₹5.40,5.0,₹0.27,₹5.67,UPI,Chronic,Saturday,August
2026-08-15,INV-12301,ORS Orange,Sachet,Hydration,₹20.00,1,₹20.00,0.0,₹0.00,₹20.00,18.0,₹3.60,₹23.60,UPI,Walk-in,Saturday,August
2026-08-15,INV-12302,Electral ORS,Sachet,Hydration,₹20.00,2,₹40.00,0.0,₹0.00,₹40.00,12.0,₹4.80,₹44.80,Cash,Walk-in,Saturday,August
2026-08-15,INV-12303,Atorvastatin 10mg,Tablet,Cardiac,₹3.20,6,₹19.20,0.0,₹0.00,₹19.20,5.0,₹0.96,₹20.16,Card,Chronic,Saturday,August
2026-08-15,INV-12304,ORS Orange,Sachet,Hydration,₹20.00,3,₹60.00,0.0,₹0.00,₹60.00,12.0,₹7.20,₹67.20,UPI,Walk-in,Saturday,August
2026-08-15,INV-12305,ORS Lemon,Sachet,Hydration,₹22.00,1,₹22.00,2.0,₹0.44,₹21.56,5.0,₹1.08,₹22.64,UPI,Walk-in,Saturday,August
2026-08-15,INV-12306,Ondansetron 4mg,Tablet,Gastro,₹2.50,2,₹5.00,0.0,₹0.00,₹5.00,5.0,₹0.25,₹5.25,Cash,Regular,Saturday,August
2026-08-15,INV-12307,Atorvastatin 10mg,Tablet,Cardiac,₹3.20,1,₹3.20,0.0,₹0.00,₹3.20,18.0,₹0.58,₹3.78,Cash,Chronic,Saturday,August
2026-08-15,INV-12308,Cheston Cold,Tablet,Cough & Cold,₹4.00,2,₹8.00,0.0,₹0.00,₹8.00,5.0,₹0.40,₹8.40,Cash,Regular,Saturday,August
2026-08-15,INV-12309,Dolo 650,Tablet,Pain Relief,₹3.20,3,₹9.60,3.0,₹0.29,₹9.31,5.0,₹0.47,₹9.78,Cash,Chronic,Saturday,August
2026-08-15,INV-12310,Cetirizine 10mg,Tablet,Allergy,₹1.80,2,₹3.60,0.0,₹0.00,₹3.60,5.0,₹0.18,₹3.78,UPI,Walk-in,Saturday,August
2026-08-15,INV-12311,Digene Gel 200ml,Suspension,Gastro,₹125.00,2,₹250.00,0.0,₹0.00,₹250.00,5.0,₹12.50,₹262.50,UPI,New Customer,Saturday,August
2026-08-16,INV-12312,Atorvastatin 10mg,Tablet,Cardiac,₹3.20,2,₹6.40,0.0,₹0.00,₹6.40,5.0,₹0.32,₹6.72,UPI,Walk-in,Sunday,August
2026-08-16,INV-12313,Metformin 500mg,Tablet,Diabetes,₹1.50,2,₹3.00,0.0,₹0.00,₹3.00,5.0,₹0.15,₹3.15,UPI,Chronic,Sunday,August
2026-08-16,INV-12314,Telmisartan 40mg,Tablet,Cardiac,₹4.20,1,₹4.20,5.0,₹0.21,₹3.99,12.0,₹0.48,₹4.47,UPI,Regular,Sunday,August
2026-08-16,INV-12315,Omeprazole 20mg,Capsule,Gastro,₹3.80,2,₹7.60,0.0,₹0.00,₹7.60,12.0,₹0.91,₹8.51,UPI,Chronic,Sunday,August
2026-08-16,INV-12316,Azithromycin 500mg,Tablet,Antibiotic,₹12.50,2,₹25.00,0.0,₹0.00,₹25.00,5.0,₹1.25,₹26.25,Cash,Walk-in,Sunday,August
2026-08-16,INV-12317,Metformin 500mg,Tablet,Diabetes,₹1.50,6,₹9.00,2.0,₹0.18,₹8.82,5.0,₹0.44,₹9.26,UPI,Regular,Sunday,August
2026-08-16,INV-12318,Telmisartan 40mg,Tablet,Cardiac,₹4.20,6,₹25.20,0.0,₹0.00,₹25.20,18.0,₹4.54,₹29.74,Cash,Walk-in,Sunday,August
2026-08-16,INV-12319,Glimepiride 1mg,Tablet,Diabetes,₹2.00,5,₹10.00,0.0,₹0.00,₹10.00,5.0,₹0.50,₹10.50,Card,Walk-in,Sunday,August
2026-08-16,INV-12320,Pantoprazole 40mg,Tablet,Gastro,₹4.50,4,₹18.00,3.0,₹0.54,₹17.46,12.0,₹2.10,₹19.56,UPI,Regular,Sunday,August
2026-08-16,INV-12321,Atorvastatin 10mg,Tablet,Cardiac,₹3.20,4,₹12.80,3.0,₹0.38,₹12.42,18.0,₹2.24,₹14.66,UPI,New Customer,Sunday,August
2026-08-16,INV-12322,Cheston Cold,Tablet,Cough & Cold,₹4.00,1,₹4.00,2.0,₹0.08,₹3.92,12.0,₹0.47,₹4.39,UPI,Walk-in,Sunday,August
2026-08-16,INV-12323,Paracetamol 500mg,Tablet,Pain Relief,₹2.50,1,₹2.50,0.0,₹0.00,₹2.50,5.0,₹0.12,₹2.62,Card,Walk-in,Sunday,August
2026-08-16,INV-12324,Levocetirizine 5mg,Tablet,Allergy,₹2.20,5,₹11.00,0.0,₹0.00,₹11.00,5.0,₹0.55,₹11.55,UPI,Walk-in,Sunday,August
2026-08-16,INV-12325,Cheston Cold,Tablet,Cough & Cold,₹4.00,3,₹12.00,2.0,₹0.24,₹11.76,5.0,₹0.59,₹12.35,UPI,Chronic,Sunday,August
2026-08-16,INV-12326,Amlodipine 5mg,Tablet,Cardiac,₹1.80,2,₹3.60,0.0,₹0.00,₹3.60,5.0,₹0.18,₹3.78,UPI,Regular,Sunday,August
2026-08-16,INV-12327,Vitamin C 500mg,Tablet,Vitamins,₹2.80,1,₹2.80,0.0,₹0.00,₹2.80,5.0,₹0.14,₹2.94,Cash,Regular,Sunday,August
2026-08-16,INV-12328,Glimepiride 1mg,Tablet,Diabetes,₹2.00,3,₹6.00,0.0,₹0.00,₹6.00,5.0,₹0.30,₹6.30,Cash,Regular,Sunday,August
2026-08-16,INV-12329,Multivitamin Syrup 200ml,Syrup,Vitamins,₹145.00,5,₹725.00,0.0,₹0.00,₹725.00,12.0,₹87.00,₹812.00,UPI,Chronic,Sunday,August
2026-08-16,INV-12330,Paracetamol 500mg,Tablet,Pain Relief,₹2.50,1,₹2.50,0.0,₹0.00,₹2.50,18.0,₹0.45,₹2.95,UPI,New Customer,Sunday,August
2026-08-16,INV-12331,Betadine 100ml,Solution,Antiseptic,₹85.00,2,₹170.00,5.0,₹8.50,₹161.50,12.0,₹19.38,₹180.88,Cash,Walk-in,Sunday,August
2026-08-16,INV-12332,Metformin 500mg,Tablet,Diabetes,₹1.50,1,₹1.50,0.0,₹0.00,₹1.50,12.0,₹0.18,₹1.68,Cash,Walk-in,Sunday,August
2026-08-16,INV-12333,Levocetirizine 5mg,Tablet,Allergy,₹2.20,3,₹6.60,0.0,₹0.00,₹6.60,12.0,₹0.79,₹7.39,UPI,New Customer,Sunday,August
2026-08-16,INV-12334,Dettol Antiseptic 100ml,Liquid,Antiseptic,₹75.00,2,₹150.00,5.0,₹7.50,₹142.50,5.0,₹7.12,₹149.62,UPI,Walk-in,Sunday,August
2026-08-16,INV-12335,Atorvastatin 10mg,Tablet,Cardiac,₹3.20,1,₹3.20,0.0,₹0.00,₹3.20,5.0,₹0.16,₹3.36,Cash,Regular,Sunday,August
2026-08-16,INV-12336,Crocin Advance,Tablet,Pain Relief,₹3.00,5,₹15.00,0.0,₹0.00,₹15.00,5.0,₹0.75,₹15.75,Card,New Customer,Sunday,August
2026-08-16,INV-12337,Electral ORS,Sachet,Hydration,₹20.00,2,₹40.00,0.0,₹0.00,₹40.00,5.0,₹2.00,₹42.00,Card,Regular,Sunday,August
2026-08-16,INV-12338,Cetirizine 10mg,Tablet,Allergy,₹1.80,1,₹1.80,0.0,₹0.00,₹1.80,18.0,₹0.32,₹2.12,Card,Regular,Sunday,August
2026-08-16,INV-12339,Cetirizine 10mg,Tablet,Allergy,₹1.80,2,₹3.60,0.0,₹0.00,₹3.60,18.0,₹0.65,₹4.25,Card,Walk-in,Sunday,August
2026-08-16,INV-12340,Metformin 500mg,Tablet,Diabetes,₹1.50,2,₹3.00,0.0,₹0.00,₹3.00,18.0,₹0.54,₹3.54,UPI,New Customer,Sunday,August
2026-08-16,INV-12341,Levocetirizine 5mg,Tablet,Allergy,₹2.20,1,₹2.20,0.0,₹0.00,₹2.20,12.0,₹0.26,₹2.46,UPI,Regular,Sunday,August
2026-08-16,INV-12342,Electral ORS,Sachet,Hydration,₹20.00,1,₹20.00,5.0,₹1.00,₹19.00,5.0,₹0.95,₹19.95,UPI,Chronic,Sunday,August
2026-08-16,INV-12343,Multivitamin Syrup 200ml,Syrup,Vitamins,₹145.00,2,₹290.00,5.0,₹14.50,₹275.50,18.0,₹49.59,₹325.09,UPI,Chronic,Sunday,August
2026-08-16,INV-12344,Betadine 100ml,Solution,Antiseptic,₹85.00,3,₹255.00,0.0,₹0.00,₹255.00,5.0,₹12.75,₹267.75,Cash,Walk-in,Sunday,August
2026-08-16,INV-12345,Atorvastatin 10mg,Tablet,Cardiac,₹3.20,1,₹3.20,0.0,₹0.00,₹3.20,5.0,₹0.16,₹3.36,Cash,Walk-in,Sunday,August
2026-08-16,INV-12346,Meftal Spas,Tablet,Pain Relief,₹3.80,1,₹3.80,0.0,₹0.00,₹3.80,5.0,₹0.19,₹3.99,UPI,Regular,Sunday,August
2026-08-16,INV-12347,Amlodipine 5mg,Tablet,Cardiac,₹1.80,3,₹5.40,2.0,₹0.11,₹5.29,18.0,₹0.95,₹6.24,UPI,Regular,Sunday,August
2026-08-16,INV-12348,Vicks Action 500,Tablet,Cough & Cold,₹5.00,4,₹20.00,0.0,₹0.00,₹20.00,12.0,₹2.40,₹22.40,UPI,Walk-in,Sunday,August
2026-08-16,INV-12349,ORS Orange,Sachet,Hydration,₹20.00,8,₹160.00,0.0,₹0.00,₹160.00,18.0,₹28.80,₹188.80,Card,Walk-in,Sunday,August
2026-08-16,INV-12350,Ondansetron 4mg,Tablet,Gastro,₹2.50,2,₹5.00,0.0,₹0.00,₹5.00,5.0,₹0.25,₹5.25,UPI,Walk-in,Sunday,August
2026-08-16,INV-12351,ORS Orange,Sachet,Hydration,₹20.00,4,₹80.00,0.0,₹0.00,₹80.00,5.0,₹4.00,₹84.00,UPI,Walk-in,Sunday,August
2026-08-16,INV-12352,Cheston Cold,Tablet,Cough & Cold,₹4.00,6,₹24.00,0.0,₹0.00,₹24.00,12.0,₹2.88,₹26.88,UPI,Regular,Sunday,August
2026-08-16,INV-12353,Volini Gel 30g,Gel,Pain Relief,₹110.00,5,₹550.00,0.0,₹0.00,₹550.00,5.0,₹27.50,₹577.50,UPI,Chronic,Sunday,August
2026-08-17,INV-12354,Azithromycin 500mg,Tablet,Antibiotic,₹12.50,1,₹12.50,0.0,₹0.00,₹12.50,5.0,₹0.62,₹13.12,UPI,Walk-in,Monday,August
2026-08-17,INV-12355,ORS Orange,Sachet,Hydration,₹20.00,1,₹20.00,2.0,₹0.40,₹19.60,5.0,₹0.98,₹20.58,UPI,Regular,Monday,August
2026-08-17,INV-12356,Metformin 500mg,Tablet,Diabetes,₹1.50,5,₹7.50,5.0,₹0.38,₹7.12,5.0,₹0.36,₹7.48,Cash,Walk-in,Monday,August
2026-08-17,INV-12357,Dolo 650,Tablet,Pain Relief,₹3.20,1,₹3.20,0.0,₹0.00,₹3.20,5.0,₹0.16,₹3.36,UPI,Regular,Monday,August
2026-08-17,INV-12358,Dolo 650,Tablet,Pain Relief,₹3.20,2,₹6.40,5.0,₹0.32,₹6.08,5.0,₹0.30,₹6.38,Cash,Regular,Monday,August
2026-08-17,INV-12359,ORS Lemon,Sachet,Hydration,₹22.00,1,₹22.00,0.0,₹0.00,₹22.00,5.0,₹1.10,₹23.10,Cash,Walk-in,Monday,August
2026-08-17,INV-12360,Crocin Advance,Tablet,Pain Relief,₹3.00,2,₹6.00,0.0,₹0.00,₹6.00,5.0,₹0.30,₹6.30,Cash,Regular,Monday,August
2026-08-17,INV-12361,Multivitamin Syrup 200ml,Syrup,Vitamins,₹145.00,3,₹435.00,0.0,₹0.00,₹435.00,18.0,₹78.30,₹513.30,UPI,New Customer,Monday,August
2026-08-17,INV-12362,Pantoprazole 40mg,Tablet,Gastro,₹4.50,1,₹4.50,3.0,₹0.14,₹4.36,5.0,₹0.22,₹4.58,Cash,New Customer,Monday,August
2026-08-17,INV-12363,Cough Syrup 100ml,Syrup,Cough & Cold,₹85.00,2,₹170.00,0.0,₹0.00,₹170.00,18.0,₹30.60,₹200.60,Cash,Regular,Monday,August
2026-08-17,INV-12364,Levocetirizine 5mg,Tablet,Allergy,₹2.20,3,₹6.60,0.0,₹0.00,₹6.60,5.0,₹0.33,₹6.93,UPI,Walk-in,Monday,August
2026-08-17,INV-12365,Vitamin C 500mg,Tablet,Vitamins,₹2.80,1,₹2.80,0.0,₹0.00,₹2.80,5.0,₹0.14,₹2.94,Cash,Walk-in,Monday,August
2026-08-17,INV-12366,Volini Gel 30g,Gel,Pain Relief,₹110.00,1,₹110.00,3.0,₹3.30,₹106.70,12.0,₹12.80,₹119.50,Cash,Regular,Monday,August
2026-08-17,INV-12367,Telmisartan 40mg,Tablet,Cardiac,₹4.20,2,₹8.40,0.0,₹0.00,₹8.40,5.0,₹0.42,₹8.82,Cash,Walk-in,Monday,August
2026-08-17,INV-12368,Volini Gel 30g,Gel,Pain Relief,₹110.00,1,₹110.00,0.0,₹0.00,₹110.00,5.0,₹5.50,₹115.50,UPI,Regular,Monday,August
2026-08-17,INV-12369,Dettol Antiseptic 100ml,Liquid,Antiseptic,₹75.00,2,₹150.00,2.0,₹3.00,₹147.00,12.0,₹17.64,₹164.64,Cash,Regular,Monday,August
2026-08-17,INV-12370,Multivitamin Syrup 200ml,Syrup,Vitamins,₹145.00,2,₹290.00,0.0,₹0.00,₹290.00,5.0,₹14.50,₹304.50,UPI,Walk-in,Monday,August
2026-08-17,INV-12371,Metformin 500mg,Tablet,Diabetes,₹1.50,1,₹1.50,0.0,₹0.00,₹1.50,5.0,₹0.07,₹1.57,UPI,Chronic,Monday,August
2026-08-17,INV-12372,Calcium + D3,Tablet,Vitamins,₹6.00,5,₹30.00,5.0,₹1.50,₹28.50,5.0,₹1.43,₹29.93,Card,Chronic,Monday,August
2026-08-17,INV-12373,Glimepiride 1mg,Tablet,Diabetes,₹2.00,1,₹2.00,0.0,₹0.00,₹2.00,18.0,₹0.36,₹2.36,UPI,Chronic,Monday,August
2026-08-17,INV-12374,ORS Orange,Sachet,Hydration,₹20.00,2,₹40.00,0.0,₹0.00,₹40.00,5.0,₹2.00,₹42.00,Cash,Walk-in,Monday,August
2026-08-17,INV-12375,Betadine 100ml,Solution,Antiseptic,₹85.00,2,₹170.00,2.0,₹3.40,₹166.60,12.0,₹19.99,₹186.59,UPI,New Customer,Monday,August
2026-08-17,INV-12376,Calcium + D3,Tablet,Vitamins,₹6.00,4,₹24.00,0.0,₹0.00,₹24.00,5.0,₹1.20,₹25.20,UPI,Regular,Monday,August
2026-08-17,INV-12377,Crocin Advance,Tablet,Pain Relief,₹3.00,1,₹3.00,3.0,₹0.09,₹2.91,5.0,₹0.15,₹3.06,Cash,Walk-in,Monday,August
2026-08-17,INV-12378,Amlodipine 5mg,Tablet,Cardiac,₹1.80,3,₹5.40,2.0,₹0.11,₹5.29,18.0,₹0.95,₹6.24,UPI,Walk-in,Monday,August
2026-08-17,INV-12379,ORS Orange,Sachet,Hydration,₹20.00,4,₹80.00,3.0,₹2.40,₹77.60,5.0,₹3.88,₹81.48,UPI,Walk-in,Monday,August
2026-08-17,INV-12380,Dettol Antiseptic 100ml,Liquid,Antiseptic,₹75.00,3,₹225.00,0.0,₹0.00,₹225.00,5.0,₹11.25,₹236.25,Cash,Walk-in,Monday,August
2026-08-17,INV-12381,Vicks Action 500,Tablet,Cough & Cold,₹5.00,4,₹20.00,0.0,₹0.00,₹20.00,5.0,₹1.00,₹21.00,UPI,New Customer,Monday,August
2026-08-17,INV-12382,Cetirizine 10mg,Tablet,Allergy,₹1.80,3,₹5.40,5.0,₹0.27,₹5.13,5.0,₹0.26,₹5.39,Card,Walk-in,Monday,August
2026-08-17,INV-12383,Atorvastatin 10mg,Tablet,Cardiac,₹3.20,1,₹3.20,0.0,₹0.00,₹3.20,5.0,₹0.16,₹3.36,UPI,Regular,Monday,August
2026-08-17,INV-12384,Meftal Spas,Tablet,Pain Relief,₹3.80,1,₹3.80,0.0,₹0.00,₹3.80,5.0,₹0.19,₹3.99,UPI,Regular,Monday,August
2026-08-17,INV-12385,Dettol Antiseptic 100ml,Liquid,Antiseptic,₹75.00,2,₹150.00,0.0,₹0.00,₹150.00,5.0,₹7.50,₹157.50,Cash,Walk-in,Monday,August
2026-08-17,INV-12386,Calcium + D3,Tablet,Vitamins,₹6.00,2,₹12.00,0.0,₹0.00,₹12.00,5.0,₹0.60,₹12.60,Cash,Regular,Monday,August
2026-08-17,INV-12387,Calcium + D3,Tablet,Vitamins,₹6.00,3,₹18.00,0.0,₹0.00,₹18.00,5.0,₹0.90,₹18.90,UPI,New Customer,Monday,August
2026-08-17,INV-12388,Cough Syrup 100ml,Syrup,Cough & Cold,₹85.00,3,₹255.00,5.0,₹12.75,₹242.25,5.0,₹12.11,₹254.36,UPI,Walk-in,Monday,August
2026-08-17,INV-12389,B-Complex,Tablet,Vitamins,₹3.50,1,₹3.50,0.0,₹0.00,₹3.50,5.0,₹0.17,₹3.67,UPI,Walk-in,Monday,August
2026-08-17,INV-12390,Betadine 100ml,Solution,Antiseptic,₹85.00,3,₹255.00,0.0,₹0.00,₹255.00,5.0,₹12.75,₹267.75,UPI,Chronic,Monday,August
2026-08-17,INV-12391,Dettol Antiseptic 100ml,Liquid,Antiseptic,₹75.00,3,₹225.00,0.0,₹0.00,₹225.00,18.0,₹40.50,₹265.50,UPI,New Customer,Monday,August
2026-08-17,INV-12392,Crocin Advance,Tablet,Pain Relief,₹3.00,2,₹6.00,0.0,₹0.00,₹6.00,5.0,₹0.30,₹6.30,Cash,Regular,Monday,August
2026-08-17,INV-12393,B-Complex,Tablet,Vitamins,₹3.50,2,₹7.00,0.0,₹0.00,₹7.00,18.0,₹1.26,₹8.26,UPI,Walk-in,Monday,August
2026-08-17,INV-12394,ORS Orange,Sachet,Hydration,₹20.00,3,₹60.00,0.0,₹0.00,₹60.00,5.0,₹3.00,₹63.00,Cash,Regular,Monday,August
2026-08-17,INV-12395,Ondansetron 4mg,Tablet,Gastro,₹2.50,2,₹5.00,2.0,₹0.10,₹4.90,5.0,₹0.24,₹5.14,UPI,Regular,Monday,August
2026-08-17,INV-12396,Dolo 650,Tablet,Pain Relief,₹3.20,5,₹16.00,3.0,₹0.48,₹15.52,5.0,₹0.78,₹16.30,UPI,Walk-in,Monday,August
2026-08-17,INV-12397,Omeprazole 20mg,Capsule,Gastro,₹3.80,1,₹3.80,0.0,₹0.00,₹3.80,5.0,₹0.19,₹3.99,UPI,Walk-in,Monday,August
2026-08-17,INV-12398,B-Complex,Tablet,Vitamins,₹3.50,2,₹7.00,3.0,₹0.21,₹6.79,5.0,₹0.34,₹7.13,UPI,Regular,Monday,August
2026-08-18,INV-12399,ORS Lemon,Sachet,Hydration,₹22.00,4,₹88.00,0.0,₹0.00,₹88.00,12.0,₹10.56,₹98.56,Cash,Regular,Tuesday,August
2026-08-18,INV-12400,Crocin Advance,Tablet,Pain Relief,₹3.00,2,₹6.00,0.0,₹0.00,₹6.00,5.0,₹0.30,₹6.30,Cash,Walk-in,Tuesday,August
2026-08-18,INV-12401,Cetirizine 10mg,Tablet,Allergy,₹1.80,5,₹9.00,0.0,₹0.00,₹9.00,5.0,₹0.45,₹9.45,UPI,Regular,Tuesday,August
2026-08-18,INV-12402,Crocin Advance,Tablet,Pain Relief,₹3.00,3,₹9.00,0.0,₹0.00,₹9.00,5.0,₹0.45,₹9.45,Card,Chronic,Tuesday,August
2026-08-18,INV-12403,Betadine 100ml,Solution,Antiseptic,₹85.00,1,₹85.00,0.0,₹0.00,₹85.00,5.0,₹4.25,₹89.25,UPI,Walk-in,Tuesday,August
2026-08-18,INV-12404,Omeprazole 20mg,Capsule,Gastro,₹3.80,3,₹11.40,0.0,₹0.00,₹11.40,5.0,₹0.57,₹11.97,UPI,Chronic,Tuesday,August
2026-08-18,INV-12405,Crocin Advance,Tablet,Pain Relief,₹3.00,4,₹12.00,0.0,₹0.00,₹12.00,5.0,₹0.60,₹12.60,Cash,Regular,Tuesday,August
2026-08-18,INV-12406,Amlodipine 5mg,Tablet,Cardiac,₹1.80,2,₹3.60,3.0,₹0.11,₹3.49,12.0,₹0.42,₹3.91,Card,Regular,Tuesday,August
2026-08-18,INV-12407,Pantoprazole 40mg,Tablet,Gastro,₹4.50,1,₹4.50,0.0,₹0.00,₹4.50,5.0,₹0.23,₹4.73,UPI,Walk-in,Tuesday,August
2026-08-18,INV-12408,Vicks Action 500,Tablet,Cough & Cold,₹5.00,2,₹10.00,0.0,₹0.00,₹10.00,5.0,₹0.50,₹10.50,Cash,Regular,Tuesday,August
2026-08-18,INV-12409,Pantoprazole 40mg,Tablet,Gastro,₹4.50,1,₹4.50,0.0,₹0.00,₹4.50,5.0,₹0.23,₹4.73,Cash,Chronic,Tuesday,August
2026-08-18,INV-12410,Metformin 500mg,Tablet,Diabetes,₹1.50,1,₹1.50,0.0,₹0.00,₹1.50,5.0,₹0.07,₹1.57,UPI,Walk-in,Tuesday,August
2026-08-18,INV-12411,B-Complex,Tablet,Vitamins,₹3.50,8,₹28.00,0.0,₹0.00,₹28.00,5.0,₹1.40,₹29.40,UPI,Walk-in,Tuesday,August
2026-08-18,INV-12412,Levocetirizine 5mg,Tablet,Allergy,₹2.20,2,₹4.40,0.0,₹0.00,₹4.40,12.0,₹0.53,₹4.93,Card,Walk-in,Tuesday,August
2026-08-18,INV-12413,Telmisartan 40mg,Tablet,Cardiac,₹4.20,1,₹4.20,0.0,₹0.00,₹4.20,18.0,₹0.76,₹4.96,Cash,Walk-in,Tuesday,August
2026-08-18,INV-12414,Pantoprazole 40mg,Tablet,Gastro,₹4.50,2,₹9.00,0.0,₹0.00,₹9.00,12.0,₹1.08,₹10.08,Card,Chronic,Tuesday,August
2026-08-18,INV-12415,ORS Lemon,Sachet,Hydration,₹22.00,5,₹110.00,0.0,₹0.00,₹110.00,18.0,₹19.80,₹129.80,UPI,Regular,Tuesday,August
2026-08-18,INV-12416,Atorvastatin 10mg,Tablet,Cardiac,₹3.20,4,₹12.80,0.0,₹0.00,₹12.80,5.0,₹0.64,₹13.44,UPI,Walk-in,Tuesday,August
2026-08-18,INV-12417,Paracetamol 500mg,Tablet,Pain Relief,₹2.50,1,₹2.50,3.0,₹0.07,₹2.43,5.0,₹0.12,₹2.55,Cash,Regular,Tuesday,August
2026-08-18,INV-12418,B-Complex,Tablet,Vitamins,₹3.50,6,₹21.00,0.0,₹0.00,₹21.00,5.0,₹1.05,₹22.05,UPI,Chronic,Tuesday,August
2026-08-18,INV-12419,ORS Orange,Sachet,Hydration,₹20.00,2,₹40.00,0.0,₹0.00,₹40.00,5.0,₹2.00,₹42.00,Card,Chronic,Tuesday,August
2026-08-18,INV-12420,Volini Gel 30g,Gel,Pain Relief,₹110.00,5,₹550.00,0.0,₹0.00,₹550.00,5.0,₹27.50,₹577.50,UPI,Chronic,Tuesday,August
2026-08-18,INV-12421,B-Complex,Tablet,Vitamins,₹3.50,4,₹14.00,0.0,₹0.00,₹14.00,5.0,₹0.70,₹14.70,Card,Walk-in,Tuesday,August
2026-08-18,INV-12422,Ondansetron 4mg,Tablet,Gastro,₹2.50,4,₹10.00,0.0,₹0.00,₹10.00,5.0,₹0.50,₹10.50,Cash,New Customer,Tuesday,August
2026-08-18,INV-12423,Glimepiride 1mg,Tablet,Diabetes,₹2.00,6,₹12.00,0.0,₹0.00,₹12.00,12.0,₹1.44,₹13.44,UPI,Chronic,Tuesday,August
2026-08-18,INV-12424,ORS Orange,Sachet,Hydration,₹20.00,2,₹40.00,0.0,₹0.00,₹40.00,5.0,₹2.00,₹42.00,UPI,Walk-in,Tuesday,August
2026-08-18,INV-12425,Omeprazole 20mg,Capsule,Gastro,₹3.80,1,₹3.80,0.0,₹0.00,₹3.80,5.0,₹0.19,₹3.99,Cash,Walk-in,Tuesday,August
2026-08-18,INV-12426,ORS Lemon,Sachet,Hydration,₹22.00,1,₹22.00,0.0,₹0.00,₹22.00,18.0,₹3.96,₹25.96,UPI,Walk-in,Tuesday,August
2026-08-18,INV-12427,Cetirizine 10mg,Tablet,Allergy,₹1.80,3,₹5.40,0.0,₹0.00,₹5.40,12.0,₹0.65,₹6.05,UPI,Walk-in,Tuesday,August
2026-08-18,INV-12428,Amoxicillin 500mg,Capsule,Antibiotic,₹8.50,8,₹68.00,0.0,₹0.00,₹68.00,5.0,₹3.40,₹71.40,UPI,Walk-in,Tuesday,August
2026-08-18,INV-12429,Dolo 650,Tablet,Pain Relief,₹3.20,4,₹12.80,0.0,₹0.00,₹12.80,12.0,₹1.54,₹14.34,Cash,Walk-in,Tuesday,August
2026-08-19,INV-12430,Vitamin C 500mg,Tablet,Vitamins,₹2.80,2,₹5.60,0.0,₹0.00,₹5.60,12.0,₹0.67,₹6.27,Cash,Chronic,Wednesday,August
2026-08-19,INV-12431,Cetirizine 10mg,Tablet,Allergy,₹1.80,4,₹7.20,2.0,₹0.14,₹7.06,5.0,₹0.35,₹7.41,Cash,Regular,Wednesday,August
2026-08-19,INV-12432,Amlodipine 5mg,Tablet,Cardiac,₹1.80,5,₹9.00,0.0,₹0.00,₹9.00,5.0,₹0.45,₹9.45,UPI,Walk-in,Wednesday,August
2026-08-19,INV-12433,Pantoprazole 40mg,Tablet,Gastro,₹4.50,1,₹4.50,0.0,₹0.00,₹4.50,5.0,₹0.23,₹4.73,UPI,Chronic,Wednesday,August
2026-08-19,INV-12434,Cheston Cold,Tablet,Cough & Cold,₹4.00,2,₹8.00,3.0,₹0.24,₹7.76,5.0,₹0.39,₹8.15,Cash,Chronic,Wednesday,August
2026-08-19,INV-12435,Metformin 500mg,Tablet,Diabetes,₹1.50,3,₹4.50,0.0,₹0.00,₹4.50,5.0,₹0.23,₹4.73,UPI,Chronic,Wednesday,August
2026-08-19,INV-12436,Crocin Advance,Tablet,Pain Relief,₹3.00,2,₹6.00,0.0,₹0.00,₹6.00,12.0,₹0.72,₹6.72,UPI,Walk-in,Wednesday,August
2026-08-19,INV-12437,Dolo 650,Tablet,Pain Relief,₹3.20,2,₹6.40,0.0,₹0.00,₹6.40,5.0,₹0.32,₹6.72,UPI,Walk-in,Wednesday,August
2026-08-19,INV-12438,Ondansetron 4mg,Tablet,Gastro,₹2.50,1,₹2.50,0.0,₹0.00,₹2.50,5.0,₹0.12,₹2.62,UPI,Regular,Wednesday,August
2026-08-19,INV-12439,Meftal Spas,Tablet,Pain Relief,₹3.80,2,₹7.60,0.0,₹0.00,₹7.60,18.0,₹1.37,₹8.97,UPI,New Customer,Wednesday,August
2026-08-19,INV-12440,Omeprazole 20mg,Capsule,Gastro,₹3.80,1,₹3.80,0.0,₹0.00,₹3.80,5.0,₹0.19,₹3.99,Card,Regular,Wednesday,August
2026-08-19,INV-12441,Pantoprazole 40mg,Tablet,Gastro,₹4.50,4,₹18.00,0.0,₹0.00,₹18.00,12.0,₹2.16,₹20.16,UPI,New Customer,Wednesday,August
2026-08-19,INV-12442,Betadine 100ml,Solution,Antiseptic,₹85.00,1,₹85.00,0.0,₹0.00,₹85.00,5.0,₹4.25,₹89.25,Cash,Chronic,Wednesday,August
2026-08-19,INV-12443,Azithromycin 500mg,Tablet,Antibiotic,₹12.50,1,₹12.50,3.0,₹0.38,₹12.12,5.0,₹0.61,₹12.73,Cash,Walk-in,Wednesday,August
2026-08-19,INV-12444,Dolo 650,Tablet,Pain Relief,₹3.20,1,₹3.20,0.0,₹0.00,₹3.20,5.0,₹0.16,₹3.36,Card,Chronic,Wednesday,August
2026-08-19,INV-12445,Calcium + D3,Tablet,Vitamins,₹6.00,2,₹12.00,0.0,₹0.00,₹12.00,18.0,₹2.16,₹14.16,Cash,Walk-in,Wednesday,August
2026-08-19,INV-12446,ORS Orange,Sachet,Hydration,₹20.00,1,₹20.00,0.0,₹0.00,₹20.00,5.0,₹1.00,₹21.00,UPI,Walk-in,Wednesday,August
2026-08-19,INV-12447,Dolo 650,Tablet,Pain Relief,₹3.20,1,₹3.20,0.0,₹0.00,₹3.20,5.0,₹0.16,₹3.36,UPI,Walk-in,Wednesday,August
2026-08-19,INV-12448,Dolo 650,Tablet,Pain Relief,₹3.20,2,₹6.40,3.0,₹0.19,₹6.21,5.0,₹0.31,₹6.52,UPI,Walk-in,Wednesday,August
2026-08-19,INV-12449,Multivitamin Syrup 200ml,Syrup,Vitamins,₹145.00,3,₹435.00,0.0,₹0.00,₹435.00,5.0,₹21.75,₹456.75,UPI,Walk-in,Wednesday,August
2026-08-19,INV-12450,Betadine 100ml,Solution,Antiseptic,₹85.00,2,₹170.00,0.0,₹0.00,₹170.00,5.0,₹8.50,₹178.50,UPI,Regular,Wednesday,August
2026-08-19,INV-12451,Dettol Antiseptic 100ml,Liquid,Antiseptic,₹75.00,2,₹150.00,0.0,₹0.00,₹150.00,18.0,₹27.00,₹177.00,Cash,Chronic,Wednesday,August
2026-08-19,INV-12452,Vicks Action 500,Tablet,Cough & Cold,₹5.00,1,₹5.00,0.0,₹0.00,₹5.00,12.0,₹0.60,₹5.60,Cash,Regular,Wednesday,August
2026-08-19,INV-12453,Levocetirizine 5mg,Tablet,Allergy,₹2.20,4,₹8.80,2.0,₹0.18,₹8.62,12.0,₹1.03,₹9.65,UPI,Regular,Wednesday,August
2026-08-19,INV-12454,Vitamin C 500mg,Tablet,Vitamins,₹2.80,2,₹5.60,0.0,₹0.00,₹5.60,12.0,₹0.67,₹6.27,UPI,Regular,Wednesday,August
2026-08-19,INV-12455,Cetirizine 10mg,Tablet,Allergy,₹1.80,3,₹5.40,0.0,₹0.00,₹5.40,12.0,₹0.65,₹6.05,UPI,Regular,Wednesday,August
2026-08-19,INV-12456,Amlodipine 5mg,Tablet,Cardiac,₹1.80,2,₹3.60,0.0,₹0.00,₹3.60,12.0,₹0.43,₹4.03,Cash,Regular,Wednesday,August
2026-08-19,INV-12457,Azithromycin 500mg,Tablet,Antibiotic,₹12.50,6,₹75.00,0.0,₹0.00,₹75.00,5.0,₹3.75,₹78.75,UPI,Walk-in,Wednesday,August
2026-08-19,INV-12458,Telmisartan 40mg,Tablet,Cardiac,₹4.20,3,₹12.60,0.0,₹0.00,₹12.60,5.0,₹0.63,₹13.23,UPI,Regular,Wednesday,August
2026-08-19,INV-12459,Betadine 100ml,Solution,Antiseptic,₹85.00,4,₹340.00,0.0,₹0.00,₹340.00,18.0,₹61.20,₹401.20,Cash,Chronic,Wednesday,August
2026-08-19,INV-12460,B-Complex,Tablet,Vitamins,₹3.50,1,₹3.50,0.0,₹0.00,₹3.50,18.0,₹0.63,₹4.13,Cash,Walk-in,Wednesday,August
2026-08-19,INV-12461,Cough Syrup 100ml,Syrup,Cough & Cold,₹85.00,2,₹170.00,0.0,₹0.00,₹170.00,5.0,₹8.50,₹178.50,Card,Walk-in,Wednesday,August
2026-08-19,INV-12462,Cheston Cold,Tablet,Cough & Cold,₹4.00,6,₹24.00,2.0,₹0.48,₹23.52,12.0,₹2.82,₹26.34,UPI,Regular,Wednesday,August
2026-08-19,INV-12463,Meftal Spas,Tablet,Pain Relief,₹3.80,1,₹3.80,0.0,₹0.00,₹3.80,12.0,₹0.46,₹4.26,Card,Walk-in,Wednesday,August
2026-08-19,INV-12464,Multivitamin Syrup 200ml,Syrup,Vitamins,₹145.00,2,₹290.00,0.0,₹0.00,₹290.00,12.0,₹34.80,₹324.80,UPI,Walk-in,Wednesday,August
2026-08-19,INV-12465,Digene Gel 200ml,Suspension,Gastro,₹125.00,1,₹125.00,3.0,₹3.75,₹121.25,5.0,₹6.06,₹127.31,Cash,Walk-in,Wednesday,August
2026-08-19,INV-12466,Betadine 100ml,Solution,Antiseptic,₹85.00,6,₹510.00,0.0,₹0.00,₹510.00,5.0,₹25.50,₹535.50,UPI,Walk-in,Wednesday,August
2026-08-19,INV-12467,Dolo 650,Tablet,Pain Relief,₹3.20,1,₹3.20,0.0,₹0.00,₹3.20,12.0,₹0.38,₹3.58,Cash,New Customer,Wednesday,August
2026-08-19,INV-12468,Pantoprazole 40mg,Tablet,Gastro,₹4.50,2,₹9.00,0.0,₹0.00,₹9.00,5.0,₹0.45,₹9.45,UPI,Walk-in,Wednesday,August
2026-08-19,INV-12469,Telmisartan 40mg,Tablet,Cardiac,₹4.20,1,₹4.20,0.0,₹0.00,₹4.20,5.0,₹0.21,₹4.41,UPI,Walk-in,Wednesday,August
2026-08-19,INV-12470,Omeprazole 20mg,Capsule,Gastro,₹3.80,2,₹7.60,0.0,₹0.00,₹7.60,18.0,₹1.37,₹8.97,Cash,Walk-in,Wednesday,August
2026-08-19,INV-12471,Volini Gel 30g,Gel,Pain Relief,₹110.00,6,₹660.00,5.0,₹33.00,₹627.00,5.0,₹31.35,₹658.35,UPI,Walk-in,Wednesday,August
2026-08-19,INV-12472,Dettol Antiseptic 100ml,Liquid,Antiseptic,₹75.00,2,₹150.00,0.0,₹0.00,₹150.00,12.0,₹18.00,₹168.00,Card,Chronic,Wednesday,August
2026-08-19,INV-12473,Azithromycin 500mg,Tablet,Antibiotic,₹12.50,1,₹12.50,3.0,₹0.38,₹12.12,18.0,₹2.18,₹14.30,UPI,Walk-in,Wednesday,August
2026-08-20,INV-12474,Meftal Spas,Tablet,Pain Relief,₹3.80,1,₹3.80,0.0,₹0.00,₹3.80,18.0,₹0.68,₹4.48,UPI,Chronic,Thursday,August
2026-08-20,INV-12475,ORS Orange,Sachet,Hydration,₹20.00,1,₹20.00,0.0,₹0.00,₹20.00,5.0,₹1.00,₹21.00,Cash,Chronic,Thursday,August
2026-08-20,INV-12476,Amoxicillin 500mg,Capsule,Antibiotic,₹8.50,1,₹8.50,0.0,₹0.00,₹8.50,18.0,₹1.53,₹10.03,UPI,Regular,Thursday,August
2026-08-20,INV-12477,B-Complex,Tablet,Vitamins,₹3.50,1,₹3.50,0.0,₹0.00,₹3.50,5.0,₹0.17,₹3.67,Cash,Walk-in,Thursday,August
2026-08-20,INV-12478,Paracetamol 500mg,Tablet,Pain Relief,₹2.50,3,₹7.50,0.0,₹0.00,₹7.50,5.0,₹0.38,₹7.88,Card,Walk-in,Thursday,August
2026-08-20,INV-12479,Levocetirizine 5mg,Tablet,Allergy,₹2.20,1,₹2.20,2.0,₹0.04,₹2.16,12.0,₹0.26,₹2.42,UPI,Chronic,Thursday,August
2026-08-20,INV-12480,Levocetirizine 5mg,Tablet,Allergy,₹2.20,5,₹11.00,2.0,₹0.22,₹10.78,18.0,₹1.94,₹12.72,Cash,Chronic,Thursday,August
2026-08-20,INV-12481,ORS Lemon,Sachet,Hydration,₹22.00,8,₹176.00,0.0,₹0.00,₹176.00,5.0,₹8.80,₹184.80,UPI,Walk-in,Thursday,August
2026-08-20,INV-12482,Cetirizine 10mg,Tablet,Allergy,₹1.80,3,₹5.40,5.0,₹0.27,₹5.13,5.0,₹0.26,₹5.39,UPI,Chronic,Thursday,August
2026-08-20,INV-12483,Cough Syrup 100ml,Syrup,Cough & Cold,₹85.00,1,₹85.00,0.0,₹0.00,₹85.00,5.0,₹4.25,₹89.25,UPI,Chronic,Thursday,August
2026-08-20,INV-12484,Vitamin C 500mg,Tablet,Vitamins,₹2.80,2,₹5.60,0.0,₹0.00,₹5.60,5.0,₹0.28,₹5.88,Cash,New Customer,Thursday,August
2026-08-20,INV-12485,B-Complex,Tablet,Vitamins,₹3.50,2,₹7.00,2.0,₹0.14,₹6.86,5.0,₹0.34,₹7.20,Cash,Chronic,Thursday,August
2026-08-20,INV-12486,Ondansetron 4mg,Tablet,Gastro,₹2.50,1,₹2.50,5.0,₹0.12,₹2.38,12.0,₹0.29,₹2.67,UPI,Walk-in,Thursday,August
2026-08-20,INV-12487,Dettol Antiseptic 100ml,Liquid,Antiseptic,₹75.00,6,₹450.00,0.0,₹0.00,₹450.00,5.0,₹22.50,₹472.50,Cash,Regular,Thursday,August
2026-08-20,INV-12488,Electral ORS,Sachet,Hydration,₹20.00,1,₹20.00,3.0,₹0.60,₹19.40,5.0,₹0.97,₹20.37,Cash,Chronic,Thursday,August
2026-08-20,INV-12489,Amlodipine 5mg,Tablet,Cardiac,₹1.80,2,₹3.60,0.0,₹0.00,₹3.60,5.0,₹0.18,₹3.78,UPI,Walk-in,Thursday,August
2026-08-20,INV-12490,Dolo 650,Tablet,Pain Relief,₹3.20,3,₹9.60,0.0,₹0.00,₹9.60,18.0,₹1.73,₹11.33,Cash,New Customer,Thursday,August
2026-08-20,INV-12491,Glimepiride 1mg,Tablet,Diabetes,₹2.00,2,₹4.00,0.0,₹0.00,₹4.00,5.0,₹0.20,₹4.20,UPI,Chronic,Thursday,August
2026-08-20,INV-12492,Dolo 650,Tablet,Pain Relief,₹3.20,1,₹3.20,2.0,₹0.06,₹3.14,5.0,₹0.16,₹3.30,Card,Chronic,Thursday,August
2026-08-20,INV-12493,Telmisartan 40mg,Tablet,Cardiac,₹4.20,2,₹8.40,0.0,₹0.00,₹8.40,5.0,₹0.42,₹8.82,Cash,Walk-in,Thursday,August
2026-08-20,INV-12494,Cetirizine 10mg,Tablet,Allergy,₹1.80,2,₹3.60,0.0,₹0.00,₹3.60,18.0,₹0.65,₹4.25,UPI,Chronic,Thursday,August
2026-08-20,INV-12495,Paracetamol 500mg,Tablet,Pain Relief,₹2.50,4,₹10.00,0.0,₹0.00,₹10.00,5.0,₹0.50,₹10.50,UPI,Regular,Thursday,August
2026-08-20,INV-12496,Electral ORS,Sachet,Hydration,₹20.00,5,₹100.00,0.0,₹0.00,₹100.00,5.0,₹5.00,₹105.00,UPI,Regular,Thursday,August
2026-08-20,INV-12497,Amlodipine 5mg,Tablet,Cardiac,₹1.80,3,₹5.40,0.0,₹0.00,₹5.40,18.0,₹0.97,₹6.37,Cash,Walk-in,Thursday,August
2026-08-20,INV-12498,ORS Lemon,Sachet,Hydration,₹22.00,1,₹22.00,0.0,₹0.00,₹22.00,5.0,₹1.10,₹23.10,UPI,Walk-in,Thursday,August
2026-08-20,INV-12499,Amlodipine 5mg,Tablet,Cardiac,₹1.80,3,₹5.40,2.0,₹0.11,₹5.29,5.0,₹0.26,₹5.55,UPI,Walk-in,Thursday,August
2026-08-20,INV-12500,Multivitamin Syrup 200ml,Syrup,Vitamins,₹145.00,1,₹145.00,0.0,₹0.00,₹145.00,12.0,₹17.40,₹162.40,UPI,Walk-in,Thursday,August
2026-08-20,INV-12501,Dettol Antiseptic 100ml,Liquid,Antiseptic,₹75.00,3,₹225.00,3.0,₹6.75,₹218.25,5.0,₹10.91,₹229.16,UPI,Walk-in,Thursday,August
2026-08-20,INV-12502,Paracetamol 500mg,Tablet,Pain Relief,₹2.50,1,₹2.50,0.0,₹0.00,₹2.50,5.0,₹0.12,₹2.62,Cash,Walk-in,Thursday,August
2026-08-21,INV-12503,Crocin Advance,Tablet,Pain Relief,₹3.00,2,₹6.00,5.0,₹0.30,₹5.70,12.0,₹0.68,₹6.38,UPI,Walk-in,Friday,August
2026-08-21,INV-12504,Dolo 650,Tablet,Pain Relief,₹3.20,1,₹3.20,0.0,₹0.00,₹3.20,5.0,₹0.16,₹3.36,Cash,Regular,Friday,August
2026-08-21,INV-12505,Digene Gel 200ml,Suspension,Gastro,₹125.00,4,₹500.00,0.0,₹0.00,₹500.00,18.0,₹90.00,₹590.00,UPI,Walk-in,Friday,August
2026-08-21,INV-12506,Telmisartan 40mg,Tablet,Cardiac,₹4.20,4,₹16.80,0.0,₹0.00,₹16.80,12.0,₹2.02,₹18.82,Card,Walk-in,Friday,August
2026-08-21,INV-12507,Pantoprazole 40mg,Tablet,Gastro,₹4.50,3,₹13.50,0.0,₹0.00,₹13.50,5.0,₹0.68,₹14.18,Card,Walk-in,Friday,August
2026-08-21,INV-12508,Dolo 650,Tablet,Pain Relief,₹3.20,4,₹12.80,0.0,₹0.00,₹12.80,12.0,₹1.54,₹14.34,Cash,Walk-in,Friday,August
2026-08-21,INV-12509,Telmisartan 40mg,Tablet,Cardiac,₹4.20,1,₹4.20,3.0,₹0.13,₹4.07,5.0,₹0.20,₹4.27,UPI,Walk-in,Friday,August
2026-08-21,INV-12510,Paracetamol 500mg,Tablet,Pain Relief,₹2.50,2,₹5.00,0.0,₹0.00,₹5.00,12.0,₹0.60,₹5.60,UPI,New Customer,Friday,August
2026-08-21,INV-12511,Multivitamin Syrup 200ml,Syrup,Vitamins,₹145.00,2,₹290.00,0.0,₹0.00,₹290.00,12.0,₹34.80,₹324.80,UPI,Regular,Friday,August
2026-08-21,INV-12512,Betadine 100ml,Solution,Antiseptic,₹85.00,1,₹85.00,3.0,₹2.55,₹82.45,12.0,₹9.89,₹92.34,UPI,Regular,Friday,August
2026-08-21,INV-12513,Vicks Action 500,Tablet,Cough & Cold,₹5.00,3,₹15.00,0.0,₹0.00,₹15.00,12.0,₹1.80,₹16.80,UPI,Walk-in,Friday,August
2026-08-21,INV-12514,B-Complex,Tablet,Vitamins,₹3.50,1,₹3.50,0.0,₹0.00,₹3.50,12.0,₹0.42,₹3.92,Cash,Chronic,Friday,August
2026-08-21,INV-12515,Meftal Spas,Tablet,Pain Relief,₹3.80,3,₹11.40,0.0,₹0.00,₹11.40,12.0,₹1.37,₹12.77,UPI,Walk-in,Friday,August
2026-08-21,INV-12516,Cough Syrup 100ml,Syrup,Cough & Cold,₹85.00,2,₹170.00,0.0,₹0.00,₹170.00,5.0,₹8.50,₹178.50,Cash,Walk-in,Friday,August
2026-08-21,INV-12517,Atorvastatin 10mg,Tablet,Cardiac,₹3.20,2,₹6.40,0.0,₹0.00,₹6.40,5.0,₹0.32,₹6.72,UPI,Walk-in,Friday,August
2026-08-21,INV-12518,Crocin Advance,Tablet,Pain Relief,₹3.00,5,₹15.00,0.0,₹0.00,₹15.00,5.0,₹0.75,₹15.75,Cash,Regular,Friday,August
2026-08-21,INV-12519,Omeprazole 20mg,Capsule,Gastro,₹3.80,1,₹3.80,0.0,₹0.00,₹3.80,12.0,₹0.46,₹4.26,Card,Regular,Friday,August
2026-08-21,INV-12520,Amoxicillin 500mg,Capsule,Antibiotic,₹8.50,8,₹68.00,3.0,₹2.04,₹65.96,5.0,₹3.30,₹69.26,UPI,Regular,Friday,August
2026-08-21,INV-12521,Cetirizine 10mg,Tablet,Allergy,₹1.80,1,₹1.80,0.0,₹0.00,₹1.80,5.0,₹0.09,₹1.89,UPI,New Customer,Friday,August
2026-08-21,INV-12522,Azithromycin 500mg,Tablet,Antibiotic,₹12.50,3,₹37.50,0.0,₹0.00,₹37.50,5.0,₹1.88,₹39.38,Cash,Regular,Friday,August
2026-08-21,INV-12523,Atorvastatin 10mg,Tablet,Cardiac,₹3.20,2,₹6.40,0.0,₹0.00,₹6.40,12.0,₹0.77,₹7.17,Cash,Walk-in,Friday,August
2026-08-21,INV-12524,Multivitamin Syrup 200ml,Syrup,Vitamins,₹145.00,2,₹290.00,0.0,₹0.00,₹290.00,5.0,₹14.50,₹304.50,Cash,Walk-in,Friday,August
2026-08-21,INV-12525,Cheston Cold,Tablet,Cough & Cold,₹4.00,2,₹8.00,0.0,₹0.00,₹8.00,5.0,₹0.40,₹8.40,UPI,Walk-in,Friday,August
2026-08-21,INV-12526,Cheston Cold,Tablet,Cough & Cold,₹4.00,2,₹8.00,0.0,₹0.00,₹8.00,12.0,₹0.96,₹8.96,UPI,Chronic,Friday,August
2026-08-21,INV-12527,Cheston Cold,Tablet,Cough & Cold,₹4.00,1,₹4.00,3.0,₹0.12,₹3.88,12.0,₹0.47,₹4.35,Cash,Regular,Friday,August
2026-08-21,INV-12528,Glimepiride 1mg,Tablet,Diabetes,₹2.00,3,₹6.00,0.0,₹0.00,₹6.00,5.0,₹0.30,₹6.30,UPI,Regular,Friday,August
2026-08-21,INV-12529,Glimepiride 1mg,Tablet,Diabetes,₹2.00,1,₹2.00,0.0,₹0.00,₹2.00,5.0,₹0.10,₹2.10,UPI,Regular,Friday,August
2026-08-21,INV-12530,Vicks Action 500,Tablet,Cough & Cold,₹5.00,4,₹20.00,0.0,₹0.00,₹20.00,5.0,₹1.00,₹21.00,Card,Walk-in,Friday,August
2026-08-21,INV-12531,Electral ORS,Sachet,Hydration,₹20.00,5,₹100.00,0.0,₹0.00,₹100.00,5.0,₹5.00,₹105.00,Cash,Walk-in,Friday,August
2026-08-21,INV-12532,Dolo 650,Tablet,Pain Relief,₹3.20,2,₹6.40,0.0,₹0.00,₹6.40,5.0,₹0.32,₹6.72,UPI,Regular,Friday,August
2026-08-21,INV-12533,Atorvastatin 10mg,Tablet,Cardiac,₹3.20,4,₹12.80,0.0,₹0.00,₹12.80,12.0,₹1.54,₹14.34,UPI,Walk-in,Friday,August
2026-08-21,INV-12534,Metformin 500mg,Tablet,Diabetes,₹1.50,2,₹3.00,0.0,₹0.00,₹3.00,12.0,₹0.36,₹3.36,Cash,New Customer,Friday,August
2026-08-21,INV-12535,Amlodipine 5mg,Tablet,Cardiac,₹1.80,1,₹1.80,0.0,₹0.00,₹1.80,5.0,₹0.09,₹1.89,UPI,Walk-in,Friday,August
2026-08-21,INV-12536,ORS Orange,Sachet,Hydration,₹20.00,1,₹20.00,2.0,₹0.40,₹19.60,5.0,₹0.98,₹20.58,UPI,Walk-in,Friday,August
2026-08-21,INV-12537,ORS Lemon,Sachet,Hydration,₹22.00,2,₹44.00,0.0,₹0.00,₹44.00,5.0,₹2.20,₹46.20,UPI,New Customer,Friday,August
2026-08-22,INV-12538,Calcium + D3,Tablet,Vitamins,₹6.00,1,₹6.00,5.0,₹0.30,₹5.70,5.0,₹0.28,₹5.98,Cash,Regular,Saturday,August
2026-08-22,INV-12539,B-Complex,Tablet,Vitamins,₹3.50,3,₹10.50,0.0,₹0.00,₹10.50,12.0,₹1.26,₹11.76,UPI,Regular,Saturday,August
2026-08-22,INV-12540,Glimepiride 1mg,Tablet,Diabetes,₹2.00,1,₹2.00,0.0,₹0.00,₹2.00,5.0,₹0.10,₹2.10,Cash,Walk-in,Saturday,August
2026-08-22,INV-12541,Dolo 650,Tablet,Pain Relief,₹3.20,2,₹6.40,0.0,₹0.00,₹6.40,5.0,₹0.32,₹6.72,UPI,Walk-in,Saturday,August
2026-08-22,INV-12542,Azithromycin 500mg,Tablet,Antibiotic,₹12.50,1,₹12.50,0.0,₹0.00,₹12.50,12.0,₹1.50,₹14.00,UPI,Walk-in,Saturday,August
2026-08-22,INV-12543,Vitamin C 500mg,Tablet,Vitamins,₹2.80,2,₹5.60,0.0,₹0.00,₹5.60,12.0,₹0.67,₹6.27,UPI,Regular,Saturday,August
2026-08-22,INV-12544,Glimepiride 1mg,Tablet,Diabetes,₹2.00,1,₹2.00,0.0,₹0.00,₹2.00,18.0,₹0.36,₹2.36,Cash,Regular,Saturday,August
2026-08-22,INV-12545,ORS Lemon,Sachet,Hydration,₹22.00,2,₹44.00,0.0,₹0.00,₹44.00,18.0,₹7.92,₹51.92,UPI,Chronic,Saturday,August
2026-08-22,INV-12546,Crocin Advance,Tablet,Pain Relief,₹3.00,3,₹9.00,3.0,₹0.27,₹8.73,5.0,₹0.44,₹9.17,Cash,Walk-in,Saturday,August
2026-08-22,INV-12547,Azithromycin 500mg,Tablet,Antibiotic,₹12.50,3,₹37.50,0.0,₹0.00,₹37.50,5.0,₹1.88,₹39.38,UPI,Walk-in,Saturday,August
2026-08-22,INV-12548,Cetirizine 10mg,Tablet,Allergy,₹1.80,4,₹7.20,0.0,₹0.00,₹7.20,5.0,₹0.36,₹7.56,UPI,Chronic,Saturday,August
2026-08-22,INV-12549,Meftal Spas,Tablet,Pain Relief,₹3.80,3,₹11.40,2.0,₹0.23,₹11.17,5.0,₹0.56,₹11.73,Card,Chronic,Saturday,August
2026-08-22,INV-12550,Amoxicillin 500mg,Capsule,Antibiotic,₹8.50,2,₹17.00,0.0,₹0.00,₹17.00,5.0,₹0.85,₹17.85,Cash,Walk-in,Saturday,August
2026-08-22,INV-12551,Amlodipine 5mg,Tablet,Cardiac,₹1.80,4,₹7.20,0.0,₹0.00,₹7.20,5.0,₹0.36,₹7.56,UPI,Walk-in,Saturday,August
2026-08-22,INV-12552,Crocin Advance,Tablet,Pain Relief,₹3.00,6,₹18.00,0.0,₹0.00,₹18.00,5.0,₹0.90,₹18.90,UPI,Walk-in,Saturday,August
2026-08-22,INV-12553,ORS Lemon,Sachet,Hydration,₹22.00,2,₹44.00,2.0,₹0.88,₹43.12,5.0,₹2.16,₹45.28,Cash,Walk-in,Saturday,August
2026-08-22,INV-12554,Electral ORS,Sachet,Hydration,₹20.00,3,₹60.00,0.0,₹0.00,₹60.00,18.0,₹10.80,₹70.80,UPI,Walk-in,Saturday,August
2026-08-22,INV-12555,Telmisartan 40mg,Tablet,Cardiac,₹4.20,3,₹12.60,2.0,₹0.25,₹12.35,5.0,₹0.62,₹12.97,UPI,Regular,Saturday,August
2026-08-22,INV-12556,Calcium + D3,Tablet,Vitamins,₹6.00,4,₹24.00,3.0,₹0.72,₹23.28,18.0,₹4.19,₹27.47,Cash,Walk-in,Saturday,August
2026-08-22,INV-12557,Cheston Cold,Tablet,Cough & Cold,₹4.00,1,₹4.00,3.0,₹0.12,₹3.88,5.0,₹0.19,₹4.07,UPI,Walk-in,Saturday,August
2026-08-22,INV-12558,Dettol Antiseptic 100ml,Liquid,Antiseptic,₹75.00,1,₹75.00,0.0,₹0.00,₹75.00,18.0,₹13.50,₹88.50,UPI,Regular,Saturday,August
2026-08-22,INV-12559,Electral ORS,Sachet,Hydration,₹20.00,2,₹40.00,0.0,₹0.00,₹40.00,5.0,₹2.00,₹42.00,UPI,Regular,Saturday,August
2026-08-22,INV-12560,Dettol Antiseptic 100ml,Liquid,Antiseptic,₹75.00,1,₹75.00,0.0,₹0.00,₹75.00,12.0,₹9.00,₹84.00,Cash,Walk-in,Saturday,August
2026-08-22,INV-12561,Cheston Cold,Tablet,Cough & Cold,₹4.00,1,₹4.00,3.0,₹0.12,₹3.88,18.0,₹0.70,₹4.58,Card,New Customer,Saturday,August
2026-08-22,INV-12562,Azithromycin 500mg,Tablet,Antibiotic,₹12.50,1,₹12.50,0.0,₹0.00,₹12.50,18.0,₹2.25,₹14.75,Cash,Chronic,Saturday,August
2026-08-22,INV-12563,Ondansetron 4mg,Tablet,Gastro,₹2.50,4,₹10.00,0.0,₹0.00,₹10.00,5.0,₹0.50,₹10.50,UPI,Walk-in,Saturday,August
2026-08-22,INV-12564,Vicks Action 500,Tablet,Cough & Cold,₹5.00,3,₹15.00,0.0,₹0.00,₹15.00,18.0,₹2.70,₹17.70,Card,Walk-in,Saturday,August
2026-08-22,INV-12565,Cetirizine 10mg,Tablet,Allergy,₹1.80,2,₹3.60,2.0,₹0.07,₹3.53,5.0,₹0.18,₹3.71,UPI,New Customer,Saturday,August
2026-08-22,INV-12566,Atorvastatin 10mg,Tablet,Cardiac,₹3.20,6,₹19.20,0.0,₹0.00,₹19.20,12.0,₹2.30,₹21.50,Cash,Walk-in,Saturday,August
2026-08-22,INV-12567,Vicks Action 500,Tablet,Cough & Cold,₹5.00,2,₹10.00,2.0,₹0.20,₹9.80,18.0,₹1.76,₹11.56,UPI,Walk-in,Saturday,August
2026-08-22,INV-12568,Telmisartan 40mg,Tablet,Cardiac,₹4.20,1,₹4.20,3.0,₹0.13,₹4.07,5.0,₹0.20,₹4.27,Cash,Regular,Saturday,August
2026-08-22,INV-12569,B-Complex,Tablet,Vitamins,₹3.50,1,₹3.50,0.0,₹0.00,₹3.50,5.0,₹0.17,₹3.67,Cash,Walk-in,Saturday,August
2026-08-22,INV-12570,Vicks Action 500,Tablet,Cough & Cold,₹5.00,2,₹10.00,2.0,₹0.20,₹9.80,12.0,₹1.18,₹10.98,UPI,Chronic,Saturday,August
2026-08-22,INV-12571,ORS Lemon,Sachet,Hydration,₹22.00,3,₹66.00,0.0,₹0.00,₹66.00,5.0,₹3.30,₹69.30,UPI,Regular,Saturday,August
2026-08-23,INV-12572,B-Complex,Tablet,Vitamins,₹3.50,3,₹10.50,0.0,₹0.00,₹10.50,12.0,₹1.26,₹11.76,UPI,New Customer,Sunday,August
2026-08-23,INV-12573,Levocetirizine 5mg,Tablet,Allergy,₹2.20,1,₹2.20,0.0,₹0.00,₹2.20,5.0,₹0.11,₹2.31,UPI,New Customer,Sunday,August
2026-08-23,INV-12574,Omeprazole 20mg,Capsule,Gastro,₹3.80,4,₹15.20,3.0,₹0.46,₹14.74,5.0,₹0.74,₹15.48,Cash,Chronic,Sunday,August
2026-08-23,INV-12575,Vitamin C 500mg,Tablet,Vitamins,₹2.80,2,₹5.60,0.0,₹0.00,₹5.60,5.0,₹0.28,₹5.88,UPI,Regular,Sunday,August
2026-08-23,INV-12576,Crocin Advance,Tablet,Pain Relief,₹3.00,5,₹15.00,2.0,₹0.30,₹14.70,5.0,₹0.73,₹15.43,UPI,Walk-in,Sunday,August
2026-08-23,INV-12577,Meftal Spas,Tablet,Pain Relief,₹3.80,2,₹7.60,3.0,₹0.23,₹7.37,12.0,₹0.88,₹8.25,Cash,New Customer,Sunday,August
2026-08-23,INV-12578,Vicks Action 500,Tablet,Cough & Cold,₹5.00,3,₹15.00,0.0,₹0.00,₹15.00,5.0,₹0.75,₹15.75,UPI,Regular,Sunday,August
2026-08-23,INV-12579,Metformin 500mg,Tablet,Diabetes,₹1.50,4,₹6.00,0.0,₹0.00,₹6.00,5.0,₹0.30,₹6.30,UPI,Chronic,Sunday,August
2026-08-23,INV-12580,Levocetirizine 5mg,Tablet,Allergy,₹2.20,1,₹2.20,2.0,₹0.04,₹2.16,5.0,₹0.11,₹2.27,Cash,Regular,Sunday,August
2026-08-23,INV-12581,Meftal Spas,Tablet,Pain Relief,₹3.80,1,₹3.80,0.0,₹0.00,₹3.80,5.0,₹0.19,₹3.99,UPI,Regular,Sunday,August
2026-08-23,INV-12582,Volini Gel 30g,Gel,Pain Relief,₹110.00,6,₹660.00,0.0,₹0.00,₹660.00,12.0,₹79.20,₹739.20,Cash,Chronic,Sunday,August
2026-08-23,INV-12583,Paracetamol 500mg,Tablet,Pain Relief,₹2.50,2,₹5.00,5.0,₹0.25,₹4.75,5.0,₹0.24,₹4.99,Card,Walk-in,Sunday,August
2026-08-23,INV-12584,Calcium + D3,Tablet,Vitamins,₹6.00,4,₹24.00,0.0,₹0.00,₹24.00,5.0,₹1.20,₹25.20,Cash,Chronic,Sunday,August
2026-08-23,INV-12585,Telmisartan 40mg,Tablet,Cardiac,₹4.20,2,₹8.40,0.0,₹0.00,₹8.40,5.0,₹0.42,₹8.82,UPI,Regular,Sunday,August
2026-08-23,INV-12586,Glimepiride 1mg,Tablet,Diabetes,₹2.00,2,₹4.00,0.0,₹0.00,₹4.00,5.0,₹0.20,₹4.20,Card,New Customer,Sunday,August
2026-08-23,INV-12587,ORS Lemon,Sachet,Hydration,₹22.00,3,₹66.00,2.0,₹1.32,₹64.68,5.0,₹3.23,₹67.91,UPI,Regular,Sunday,August
2026-08-23,INV-12588,Paracetamol 500mg,Tablet,Pain Relief,₹2.50,3,₹7.50,0.0,₹0.00,₹7.50,18.0,₹1.35,₹8.85,Cash,Regular,Sunday,August
2026-08-23,INV-12589,Amoxicillin 500mg,Capsule,Antibiotic,₹8.50,1,₹8.50,0.0,₹0.00,₹8.50,12.0,₹1.02,₹9.52,Cash,Chronic,Sunday,August
2026-08-23,INV-12590,Crocin Advance,Tablet,Pain Relief,₹3.00,1,₹3.00,0.0,₹0.00,₹3.00,5.0,₹0.15,₹3.15,UPI,Walk-in,Sunday,August
2026-08-23,INV-12591,Atorvastatin 10mg,Tablet,Cardiac,₹3.20,3,₹9.60,0.0,₹0.00,₹9.60,12.0,₹1.15,₹10.75,UPI,Walk-in,Sunday,August
2026-08-23,INV-12592,Amlodipine 5mg,Tablet,Cardiac,₹1.80,2,₹3.60,0.0,₹0.00,₹3.60,12.0,₹0.43,₹4.03,UPI,Walk-in,Sunday,August
2026-08-23,INV-12593,Volini Gel 30g,Gel,Pain Relief,₹110.00,3,₹330.00,0.0,₹0.00,₹330.00,5.0,₹16.50,₹346.50,Cash,Walk-in,Sunday,August
2026-08-23,INV-12594,Cheston Cold,Tablet,Cough & Cold,₹4.00,3,₹12.00,0.0,₹0.00,₹12.00,5.0,₹0.60,₹12.60,Cash,Walk-in,Sunday,August
2026-08-23,INV-12595,Betadine 100ml,Solution,Antiseptic,₹85.00,1,₹85.00,0.0,₹0.00,₹85.00,5.0,₹4.25,₹89.25,UPI,Walk-in,Sunday,August
2026-08-23,INV-12596,Telmisartan 40mg,Tablet,Cardiac,₹4.20,3,₹12.60,0.0,₹0.00,₹12.60,5.0,₹0.63,₹13.23,Cash,Walk-in,Sunday,August
2026-08-23,INV-12597,Vicks Action 500,Tablet,Cough & Cold,₹5.00,2,₹10.00,2.0,₹0.20,₹9.80,12.0,₹1.18,₹10.98,Card,Walk-in,Sunday,August
2026-08-23,INV-12598,Digene Gel 200ml,Suspension,Gastro,₹125.00,2,₹250.00,0.0,₹0.00,₹250.00,18.0,₹45.00,₹295.00,Card,Chronic,Sunday,August
2026-08-23,INV-12599,Vicks Action 500,Tablet,Cough & Cold,₹5.00,1,₹5.00,0.0,₹0.00,₹5.00,5.0,₹0.25,₹5.25,UPI,Regular,Sunday,August
2026-08-23,INV-12600,Amlodipine 5mg,Tablet,Cardiac,₹1.80,4,₹7.20,0.0,₹0.00,₹7.20,12.0,₹0.86,₹8.06,UPI,Regular,Sunday,August
2026-08-23,INV-12601,Glimepiride 1mg,Tablet,Diabetes,₹2.00,1,₹2.00,5.0,₹0.10,₹1.90,18.0,₹0.34,₹2.24,UPI,Walk-in,Sunday,August
2026-08-23,INV-12602,Dolo 650,Tablet,Pain Relief,₹3.20,8,₹25.60,2.0,₹0.51,₹25.09,18.0,₹4.52,₹29.61,UPI,Regular,Sunday,August
2026-08-23,INV-12603,Metformin 500mg,Tablet,Diabetes,₹1.50,1,₹1.50,2.0,₹0.03,₹1.47,5.0,₹0.07,₹1.54,UPI,Walk-in,Sunday,August
2026-08-23,INV-12604,B-Complex,Tablet,Vitamins,₹3.50,2,₹7.00,0.0,₹0.00,₹7.00,5.0,₹0.35,₹7.35,Cash,Chronic,Sunday,August
2026-08-23,INV-12605,B-Complex,Tablet,Vitamins,₹3.50,2,₹7.00,3.0,₹0.21,₹6.79,5.0,₹0.34,₹7.13,UPI,Walk-in,Sunday,August
2026-08-23,INV-12606,Glimepiride 1mg,Tablet,Diabetes,₹2.00,3,₹6.00,5.0,₹0.30,₹5.70,5.0,₹0.28,₹5.98,Card,Regular,Sunday,August
2026-08-23,INV-12607,Pantoprazole 40mg,Tablet,Gastro,₹4.50,1,₹4.50,0.0,₹0.00,₹4.50,5.0,₹0.23,₹4.73,UPI,Walk-in,Sunday,August
2026-08-23,INV-12608,Electral ORS,Sachet,Hydration,₹20.00,3,₹60.00,0.0,₹0.00,₹60.00,12.0,₹7.20,₹67.20,UPI,New Customer,Sunday,August
2026-08-23,INV-12609,Pantoprazole 40mg,Tablet,Gastro,₹4.50,3,₹13.50,2.0,₹0.27,₹13.23,5.0,₹0.66,₹13.89,UPI,Walk-in,Sunday,August
2026-08-23,INV-12610,Vicks Action 500,Tablet,Cough & Cold,₹5.00,1,₹5.00,0.0,₹0.00,₹5.00,5.0,₹0.25,₹5.25,Card,New Customer,Sunday,August
2026-08-23,INV-12611,ORS Lemon,Sachet,Hydration,₹22.00,8,₹176.00,0.0,₹0.00,₹176.00,5.0,₹8.80,₹184.80,UPI,Walk-in,Sunday,August
2026-08-23,INV-12612,Meftal Spas,Tablet,Pain Relief,₹3.80,2,₹7.60,3.0,₹0.23,₹7.37,18.0,₹1.33,₹8.70,Cash,Walk-in,Sunday,August
2026-08-23,INV-12613,Paracetamol 500mg,Tablet,Pain Relief,₹2.50,5,₹12.50,0.0,₹0.00,₹12.50,5.0,₹0.62,₹13.12,UPI,Walk-in,Sunday,August
2026-08-23,INV-12614,Vitamin C 500mg,Tablet,Vitamins,₹2.80,2,₹5.60,0.0,₹0.00,₹5.60,5.0,₹0.28,₹5.88,UPI,Regular,Sunday,August
2026-08-23,INV-12615,Omeprazole 20mg,Capsule,Gastro,₹3.80,3,₹11.40,0.0,₹0.00,₹11.40,12.0,₹1.37,₹12.77,UPI,Walk-in,Sunday,August
2026-08-23,INV-12616,Amoxicillin 500mg,Capsule,Antibiotic,₹8.50,3,₹25.50,0.0,₹0.00,₹25.50,12.0,₹3.06,₹28.56,UPI,Walk-in,Sunday,August
2026-08-23,INV-12617,Omeprazole 20mg,Capsule,Gastro,₹3.80,2,₹7.60,3.0,₹0.23,₹7.37,5.0,₹0.37,₹7.74,UPI,Walk-in,Sunday,August
2026-08-23,INV-12618,Glimepiride 1mg,Tablet,Diabetes,₹2.00,4,₹8.00,0.0,₹0.00,₹8.00,12.0,₹0.96,₹8.96,UPI,Regular,Sunday,August
2026-08-23,INV-12619,Amlodipine 5mg,Tablet,Cardiac,₹1.80,1,₹1.80,0.0,₹0.00,₹1.80,12.0,₹0.22,₹2.02,Card,New Customer,Sunday,August
2026-08-23,INV-12620,Multivitamin Syrup 200ml,Syrup,Vitamins,₹145.00,8,"₹1,160.00",0.0,₹0.00,"₹1,160.00",5.0,₹58.00,"₹1,218.00",UPI,Regular,Sunday,August
2026-08-24,INV-12621,Metformin 500mg,Tablet,Diabetes,₹1.50,2,₹3.00,2.0,₹0.06,₹2.94,5.0,₹0.15,₹3.09,UPI,New Customer,Monday,August
2026-08-24,INV-12622,Volini Gel 30g,Gel,Pain Relief,₹110.00,2,₹220.00,0.0,₹0.00,₹220.00,12.0,₹26.40,₹246.40,UPI,New Customer,Monday,August
2026-08-24,INV-12623,Omeprazole 20mg,Capsule,Gastro,₹3.80,2,₹7.60,0.0,₹0.00,₹7.60,18.0,₹1.37,₹8.97,UPI,New Customer,Monday,August
2026-08-24,INV-12624,Multivitamin Syrup 200ml,Syrup,Vitamins,₹145.00,2,₹290.00,5.0,₹14.50,₹275.50,5.0,₹13.78,₹289.28,Cash,Walk-in,Monday,August
2026-08-24,INV-12625,Ondansetron 4mg,Tablet,Gastro,₹2.50,1,₹2.50,2.0,₹0.05,₹2.45,12.0,₹0.29,₹2.74,UPI,Chronic,Monday,August
2026-08-24,INV-12626,Dolo 650,Tablet,Pain Relief,₹3.20,2,₹6.40,0.0,₹0.00,₹6.40,12.0,₹0.77,₹7.17,UPI,Chronic,Monday,August
2026-08-24,INV-12627,Amlodipine 5mg,Tablet,Cardiac,₹1.80,3,₹5.40,0.0,₹0.00,₹5.40,5.0,₹0.27,₹5.67,Card,Walk-in,Monday,August
2026-08-24,INV-12628,Vitamin C 500mg,Tablet,Vitamins,₹2.80,3,₹8.40,0.0,₹0.00,₹8.40,5.0,₹0.42,₹8.82,Card,Walk-in,Monday,August
2026-08-24,INV-12629,Crocin Advance,Tablet,Pain Relief,₹3.00,5,₹15.00,0.0,₹0.00,₹15.00,5.0,₹0.75,₹15.75,UPI,Walk-in,Monday,August
2026-08-24,INV-12630,Levocetirizine 5mg,Tablet,Allergy,₹2.20,3,₹6.60,0.0,₹0.00,₹6.60,5.0,₹0.33,₹6.93,Card,Chronic,Monday,August
2026-08-24,INV-12631,Omeprazole 20mg,Capsule,Gastro,₹3.80,3,₹11.40,0.0,₹0.00,₹11.40,5.0,₹0.57,₹11.97,Cash,Walk-in,Monday,August
2026-08-24,INV-12632,Pantoprazole 40mg,Tablet,Gastro,₹4.50,3,₹13.50,0.0,₹0.00,₹13.50,12.0,₹1.62,₹15.12,UPI,Chronic,Monday,August
2026-08-24,INV-12633,Digene Gel 200ml,Suspension,Gastro,₹125.00,3,₹375.00,2.0,₹7.50,₹367.50,12.0,₹44.10,₹411.60,UPI,Chronic,Monday,August
2026-08-24,INV-12634,Cetirizine 10mg,Tablet,Allergy,₹1.80,4,₹7.20,0.0,₹0.00,₹7.20,5.0,₹0.36,₹7.56,Cash,Regular,Monday,August
2026-08-24,INV-12635,Paracetamol 500mg,Tablet,Pain Relief,₹2.50,3,₹7.50,0.0,₹0.00,₹7.50,12.0,₹0.90,₹8.40,UPI,Regular,Monday,August
2026-08-24,INV-12636,Calcium + D3,Tablet,Vitamins,₹6.00,1,₹6.00,5.0,₹0.30,₹5.70,5.0,₹0.28,₹5.98,UPI,Chronic,Monday,August
2026-08-24,INV-12637,Glimepiride 1mg,Tablet,Diabetes,₹2.00,2,₹4.00,0.0,₹0.00,₹4.00,12.0,₹0.48,₹4.48,UPI,Walk-in,Monday,August
2026-08-24,INV-12638,Dettol Antiseptic 100ml,Liquid,Antiseptic,₹75.00,3,₹225.00,0.0,₹0.00,₹225.00,5.0,₹11.25,₹236.25,UPI,Chronic,Monday,August
2026-08-24,INV-12639,Glimepiride 1mg,Tablet,Diabetes,₹2.00,4,₹8.00,0.0,₹0.00,₹8.00,12.0,₹0.96,₹8.96,Cash,Walk-in,Monday,August
2026-08-24,INV-12640,Azithromycin 500mg,Tablet,Antibiotic,₹12.50,2,₹25.00,3.0,₹0.75,₹24.25,12.0,₹2.91,₹27.16,UPI,Walk-in,Monday,August
2026-08-24,INV-12641,ORS Orange,Sachet,Hydration,₹20.00,1,₹20.00,2.0,₹0.40,₹19.60,12.0,₹2.35,₹21.95,Cash,Walk-in,Monday,August
2026-08-24,INV-12642,Cetirizine 10mg,Tablet,Allergy,₹1.80,6,₹10.80,0.0,₹0.00,₹10.80,12.0,₹1.30,₹12.10,UPI,Walk-in,Monday,August
2026-08-24,INV-12643,Metformin 500mg,Tablet,Diabetes,₹1.50,3,₹4.50,0.0,₹0.00,₹4.50,5.0,₹0.23,₹4.73,Cash,Walk-in,Monday,August
2026-08-24,INV-12644,Dettol Antiseptic 100ml,Liquid,Antiseptic,₹75.00,1,₹75.00,0.0,₹0.00,₹75.00,5.0,₹3.75,₹78.75,Card,Walk-in,Monday,August
2026-08-24,INV-12645,Vicks Action 500,Tablet,Cough & Cold,₹5.00,2,₹10.00,3.0,₹0.30,₹9.70,5.0,₹0.48,₹10.18,UPI,Regular,Monday,August
2026-08-24,INV-12646,Pantoprazole 40mg,Tablet,Gastro,₹4.50,1,₹4.50,0.0,₹0.00,₹4.50,12.0,₹0.54,₹5.04,UPI,Walk-in,Monday,August
2026-08-24,INV-12647,Paracetamol 500mg,Tablet,Pain Relief,₹2.50,2,₹5.00,0.0,₹0.00,₹5.00,18.0,₹0.90,₹5.90,Cash,New Customer,Monday,August
2026-08-24,INV-12648,B-Complex,Tablet,Vitamins,₹3.50,1,₹3.50,0.0,₹0.00,₹3.50,5.0,₹0.17,₹3.67,UPI,Walk-in,Monday,August
2026-08-24,INV-12649,Betadine 100ml,Solution,Antiseptic,₹85.00,1,₹85.00,3.0,₹2.55,₹82.45,5.0,₹4.12,₹86.57,UPI,Regular,Monday,August
2026-08-24,INV-12650,Amlodipine 5mg,Tablet,Cardiac,₹1.80,5,₹9.00,3.0,₹0.27,₹8.73,5.0,₹0.44,₹9.17,Card,Walk-in,Monday,August
2026-08-24,INV-12651,Amlodipine 5mg,Tablet,Cardiac,₹1.80,3,₹5.40,0.0,₹0.00,₹5.40,18.0,₹0.97,₹6.37,Cash,Walk-in,Monday,August
2026-08-24,INV-12652,B-Complex,Tablet,Vitamins,₹3.50,4,₹14.00,0.0,₹0.00,₹14.00,12.0,₹1.68,₹15.68,Card,Regular,Monday,August
2026-08-24,INV-12653,Vicks Action 500,Tablet,Cough & Cold,₹5.00,2,₹10.00,0.0,₹0.00,₹10.00,12.0,₹1.20,₹11.20,UPI,Walk-in,Monday,August
2026-08-24,INV-12654,Multivitamin Syrup 200ml,Syrup,Vitamins,₹145.00,1,₹145.00,5.0,₹7.25,₹137.75,5.0,₹6.89,₹144.64,Cash,Walk-in,Monday,August
2026-08-24,INV-12655,Calcium + D3,Tablet,Vitamins,₹6.00,2,₹12.00,0.0,₹0.00,₹12.00,12.0,₹1.44,₹13.44,UPI,Regular,Monday,August
2026-08-24,INV-12656,Electral ORS,Sachet,Hydration,₹20.00,3,₹60.00,0.0,₹0.00,₹60.00,5.0,₹3.00,₹63.00,UPI,Chronic,Monday,August
2026-08-24,INV-12657,Levocetirizine 5mg,Tablet,Allergy,₹2.20,2,₹4.40,3.0,₹0.13,₹4.27,18.0,₹0.77,₹5.04,UPI,Walk-in,Monday,August
2026-08-25,INV-12658,Dolo 650,Tablet,Pain Relief,₹3.20,2,₹6.40,0.0,₹0.00,₹6.40,5.0,₹0.32,₹6.72,UPI,Walk-in,Tuesday,August
2026-08-25,INV-12659,Calcium + D3,Tablet,Vitamins,₹6.00,2,₹12.00,0.0,₹0.00,₹12.00,18.0,₹2.16,₹14.16,Card,Walk-in,Tuesday,August
2026-08-25,INV-12660,Cough Syrup 100ml,Syrup,Cough & Cold,₹85.00,1,₹85.00,0.0,₹0.00,₹85.00,12.0,₹10.20,₹95.20,UPI,Chronic,Tuesday,August
2026-08-25,INV-12661,Levocetirizine 5mg,Tablet,Allergy,₹2.20,1,₹2.20,0.0,₹0.00,₹2.20,5.0,₹0.11,₹2.31,UPI,Walk-in,Tuesday,August
2026-08-25,INV-12662,Amoxicillin 500mg,Capsule,Antibiotic,₹8.50,3,₹25.50,0.0,₹0.00,₹25.50,18.0,₹4.59,₹30.09,Cash,Walk-in,Tuesday,August
2026-08-25,INV-12663,Calcium + D3,Tablet,Vitamins,₹6.00,2,₹12.00,3.0,₹0.36,₹11.64,5.0,₹0.58,₹12.22,Cash,Chronic,Tuesday,August
2026-08-25,INV-12664,Omeprazole 20mg,Capsule,Gastro,₹3.80,2,₹7.60,2.0,₹0.15,₹7.45,12.0,₹0.89,₹8.34,UPI,Chronic,Tuesday,August
2026-08-25,INV-12665,ORS Lemon,Sachet,Hydration,₹22.00,1,₹22.00,0.0,₹0.00,₹22.00,5.0,₹1.10,₹23.10,UPI,Chronic,Tuesday,August
2026-08-25,INV-12666,Levocetirizine 5mg,Tablet,Allergy,₹2.20,5,₹11.00,0.0,₹0.00,₹11.00,5.0,₹0.55,₹11.55,UPI,Walk-in,Tuesday,August
2026-08-25,INV-12667,Dettol Antiseptic 100ml,Liquid,Antiseptic,₹75.00,3,₹225.00,0.0,₹0.00,₹225.00,12.0,₹27.00,₹252.00,Card,Regular,Tuesday,August
2026-08-25,INV-12668,Calcium + D3,Tablet,Vitamins,₹6.00,5,₹30.00,0.0,₹0.00,₹30.00,5.0,₹1.50,₹31.50,UPI,Walk-in,Tuesday,August
2026-08-25,INV-12669,Digene Gel 200ml,Suspension,Gastro,₹125.00,3,₹375.00,3.0,₹11.25,₹363.75,12.0,₹43.65,₹407.40,Cash,Walk-in,Tuesday,August
2026-08-25,INV-12670,Calcium + D3,Tablet,Vitamins,₹6.00,1,₹6.00,0.0,₹0.00,₹6.00,18.0,₹1.08,₹7.08,UPI,Walk-in,Tuesday,August
2026-08-25,INV-12671,Digene Gel 200ml,Suspension,Gastro,₹125.00,2,₹250.00,0.0,₹0.00,₹250.00,18.0,₹45.00,₹295.00,Cash,Walk-in,Tuesday,August
2026-08-25,INV-12672,Dettol Antiseptic 100ml,Liquid,Antiseptic,₹75.00,1,₹75.00,0.0,₹0.00,₹75.00,5.0,₹3.75,₹78.75,Cash,Walk-in,Tuesday,August
2026-08-25,INV-12673,Dolo 650,Tablet,Pain Relief,₹3.20,1,₹3.20,3.0,₹0.10,₹3.10,12.0,₹0.37,₹3.47,UPI,Walk-in,Tuesday,August
2026-08-25,INV-12674,Atorvastatin 10mg,Tablet,Cardiac,₹3.20,1,₹3.20,0.0,₹0.00,₹3.20,18.0,₹0.58,₹3.78,Cash,Walk-in,Tuesday,August
2026-08-25,INV-12675,Betadine 100ml,Solution,Antiseptic,₹85.00,1,₹85.00,2.0,₹1.70,₹83.30,12.0,₹10.00,₹93.30,UPI,Walk-in,Tuesday,August
2026-08-25,INV-12676,Cough Syrup 100ml,Syrup,Cough & Cold,₹85.00,2,₹170.00,0.0,₹0.00,₹170.00,18.0,₹30.60,₹200.60,Cash,Walk-in,Tuesday,August
2026-08-25,INV-12677,Azithromycin 500mg,Tablet,Antibiotic,₹12.50,2,₹25.00,0.0,₹0.00,₹25.00,5.0,₹1.25,₹26.25,UPI,Walk-in,Tuesday,August
2026-08-25,INV-12678,B-Complex,Tablet,Vitamins,₹3.50,1,₹3.50,0.0,₹0.00,₹3.50,18.0,₹0.63,₹4.13,Cash,Walk-in,Tuesday,August
2026-08-25,INV-12679,Amlodipine 5mg,Tablet,Cardiac,₹1.80,1,₹1.80,0.0,₹0.00,₹1.80,18.0,₹0.32,₹2.12,UPI,Regular,Tuesday,August
2026-08-25,INV-12680,Crocin Advance,Tablet,Pain Relief,₹3.00,2,₹6.00,0.0,₹0.00,₹6.00,12.0,₹0.72,₹6.72,UPI,Walk-in,Tuesday,August
2026-08-25,INV-12681,Telmisartan 40mg,Tablet,Cardiac,₹4.20,1,₹4.20,0.0,₹0.00,₹4.20,12.0,₹0.50,₹4.70,UPI,Walk-in,Tuesday,August
2026-08-25,INV-12682,Amoxicillin 500mg,Capsule,Antibiotic,₹8.50,1,₹8.50,3.0,₹0.26,₹8.24,5.0,₹0.41,₹8.65,Cash,New Customer,Tuesday,August
2026-08-25,INV-12683,Paracetamol 500mg,Tablet,Pain Relief,₹2.50,4,₹10.00,0.0,₹0.00,₹10.00,5.0,₹0.50,₹10.50,UPI,Walk-in,Tuesday,August
2026-08-25,INV-12684,Omeprazole 20mg,Capsule,Gastro,₹3.80,3,₹11.40,0.0,₹0.00,₹11.40,5.0,₹0.57,₹11.97,UPI,Walk-in,Tuesday,August
2026-08-25,INV-12685,Ondansetron 4mg,Tablet,Gastro,₹2.50,2,₹5.00,0.0,₹0.00,₹5.00,5.0,₹0.25,₹5.25,Cash,Walk-in,Tuesday,August
2026-08-25,INV-12686,Pantoprazole 40mg,Tablet,Gastro,₹4.50,2,₹9.00,0.0,₹0.00,₹9.00,18.0,₹1.62,₹10.62,Card,Walk-in,Tuesday,August
2026-08-25,INV-12687,Crocin Advance,Tablet,Pain Relief,₹3.00,3,₹9.00,3.0,₹0.27,₹8.73,5.0,₹0.44,₹9.17,UPI,Regular,Tuesday,August
2026-08-25,INV-12688,Dolo 650,Tablet,Pain Relief,₹3.20,1,₹3.20,0.0,₹0.00,₹3.20,12.0,₹0.38,₹3.58,Card,New Customer,Tuesday,August
2026-08-25,INV-12689,Paracetamol 500mg,Tablet,Pain Relief,₹2.50,5,₹12.50,3.0,₹0.38,₹12.12,5.0,₹0.61,₹12.73,UPI,Regular,Tuesday,August
2026-08-25,INV-12690,Vitamin C 500mg,Tablet,Vitamins,₹2.80,2,₹5.60,0.0,₹0.00,₹5.60,5.0,₹0.28,₹5.88,UPI,Regular,Tuesday,August
2026-08-25,INV-12691,Vicks Action 500,Tablet,Cough & Cold,₹5.00,4,₹20.00,0.0,₹0.00,₹20.00,12.0,₹2.40,₹22.40,Cash,Chronic,Tuesday,August
2026-08-25,INV-12692,B-Complex,Tablet,Vitamins,₹3.50,1,₹3.50,0.0,₹0.00,₹3.50,12.0,₹0.42,₹3.92,UPI,New Customer,Tuesday,August
2026-08-25,INV-12693,ORS Lemon,Sachet,Hydration,₹22.00,1,₹22.00,0.0,₹0.00,₹22.00,12.0,₹2.64,₹24.64,UPI,Regular,Tuesday,August
2026-08-25,INV-12694,Atorvastatin 10mg,Tablet,Cardiac,₹3.20,1,₹3.20,3.0,₹0.10,₹3.10,5.0,₹0.15,₹3.25,UPI,Regular,Tuesday,August
2026-08-25,INV-12695,Multivitamin Syrup 200ml,Syrup,Vitamins,₹145.00,5,₹725.00,0.0,₹0.00,₹725.00,5.0,₹36.25,₹761.25,UPI,Walk-in,Tuesday,August
2026-08-25,INV-12696,Electral ORS,Sachet,Hydration,₹20.00,2,₹40.00,0.0,₹0.00,₹40.00,5.0,₹2.00,₹42.00,UPI,Regular,Tuesday,August
2026-08-25,INV-12697,Amoxicillin 500mg,Capsule,Antibiotic,₹8.50,4,₹34.00,0.0,₹0.00,₹34.00,12.0,₹4.08,₹38.08,Cash,Chronic,Tuesday,August
2026-08-26,INV-12698,Crocin Advance,Tablet,Pain Relief,₹3.00,1,₹3.00,0.0,₹0.00,₹3.00,5.0,₹0.15,₹3.15,UPI,Regular,Wednesday,August
2026-08-26,INV-12699,Pantoprazole 40mg,Tablet,Gastro,₹4.50,1,₹4.50,0.0,₹0.00,₹4.50,18.0,₹0.81,₹5.31,Card,Walk-in,Wednesday,August
2026-08-26,INV-12700,Dettol Antiseptic 100ml,Liquid,Antiseptic,₹75.00,4,₹300.00,0.0,₹0.00,₹300.00,12.0,₹36.00,₹336.00,UPI,Walk-in,Wednesday,August
2026-08-26,INV-12701,Electral ORS,Sachet,Hydration,₹20.00,1,₹20.00,2.0,₹0.40,₹19.60,5.0,₹0.98,₹20.58,Cash,Chronic,Wednesday,August
2026-08-26,INV-12702,Paracetamol 500mg,Tablet,Pain Relief,₹2.50,5,₹12.50,0.0,₹0.00,₹12.50,5.0,₹0.62,₹13.12,UPI,Walk-in,Wednesday,August
2026-08-26,INV-12703,Calcium + D3,Tablet,Vitamins,₹6.00,3,₹18.00,3.0,₹0.54,₹17.46,12.0,₹2.10,₹19.56,Cash,New Customer,Wednesday,August
2026-08-26,INV-12704,Paracetamol 500mg,Tablet,Pain Relief,₹2.50,4,₹10.00,0.0,₹0.00,₹10.00,5.0,₹0.50,₹10.50,UPI,Chronic,Wednesday,August
2026-08-26,INV-12705,Cetirizine 10mg,Tablet,Allergy,₹1.80,2,₹3.60,0.0,₹0.00,₹3.60,12.0,₹0.43,₹4.03,Cash,Regular,Wednesday,August
2026-08-26,INV-12706,Cheston Cold,Tablet,Cough & Cold,₹4.00,2,₹8.00,0.0,₹0.00,₹8.00,5.0,₹0.40,₹8.40,UPI,Walk-in,Wednesday,August
2026-08-26,INV-12707,Betadine 100ml,Solution,Antiseptic,₹85.00,4,₹340.00,2.0,₹6.80,₹333.20,5.0,₹16.66,₹349.86,Cash,Chronic,Wednesday,August
2026-08-26,INV-12708,Cetirizine 10mg,Tablet,Allergy,₹1.80,3,₹5.40,0.0,₹0.00,₹5.40,5.0,₹0.27,₹5.67,UPI,Walk-in,Wednesday,August
2026-08-26,INV-12709,Crocin Advance,Tablet,Pain Relief,₹3.00,1,₹3.00,0.0,₹0.00,₹3.00,5.0,₹0.15,₹3.15,Cash,Walk-in,Wednesday,August
2026-08-26,INV-12710,ORS Lemon,Sachet,Hydration,₹22.00,3,₹66.00,0.0,₹0.00,₹66.00,18.0,₹11.88,₹77.88,UPI,Walk-in,Wednesday,August
2026-08-26,INV-12711,Vitamin C 500mg,Tablet,Vitamins,₹2.80,5,₹14.00,0.0,₹0.00,₹14.00,18.0,₹2.52,₹16.52,UPI,Walk-in,Wednesday,August
2026-08-26,INV-12712,ORS Lemon,Sachet,Hydration,₹22.00,2,₹44.00,0.0,₹0.00,₹44.00,5.0,₹2.20,₹46.20,UPI,Walk-in,Wednesday,August
2026-08-26,INV-12713,Vicks Action 500,Tablet,Cough & Cold,₹5.00,3,₹15.00,0.0,₹0.00,₹15.00,5.0,₹0.75,₹15.75,UPI,Walk-in,Wednesday,August
2026-08-26,INV-12714,Dolo 650,Tablet,Pain Relief,₹3.20,1,₹3.20,2.0,₹0.06,₹3.14,5.0,₹0.16,₹3.30,Cash,Regular,Wednesday,August
2026-08-26,INV-12715,Ondansetron 4mg,Tablet,Gastro,₹2.50,1,₹2.50,0.0,₹0.00,₹2.50,12.0,₹0.30,₹2.80,UPI,Walk-in,Wednesday,August
2026-08-26,INV-12716,Dettol Antiseptic 100ml,Liquid,Antiseptic,₹75.00,2,₹150.00,0.0,₹0.00,₹150.00,5.0,₹7.50,₹157.50,UPI,Regular,Wednesday,August
2026-08-26,INV-12717,Vicks Action 500,Tablet,Cough & Cold,₹5.00,2,₹10.00,0.0,₹0.00,₹10.00,18.0,₹1.80,₹11.80,Cash,Regular,Wednesday,August
2026-08-26,INV-12718,B-Complex,Tablet,Vitamins,₹3.50,5,₹17.50,0.0,₹0.00,₹17.50,5.0,₹0.88,₹18.38,UPI,Regular,Wednesday,August
2026-08-26,INV-12719,Glimepiride 1mg,Tablet,Diabetes,₹2.00,3,₹6.00,0.0,₹0.00,₹6.00,5.0,₹0.30,₹6.30,Card,Walk-in,Wednesday,August
2026-08-26,INV-12720,B-Complex,Tablet,Vitamins,₹3.50,4,₹14.00,0.0,₹0.00,₹14.00,12.0,₹1.68,₹15.68,Card,Walk-in,Wednesday,August
2026-08-26,INV-12721,Azithromycin 500mg,Tablet,Antibiotic,₹12.50,2,₹25.00,0.0,₹0.00,₹25.00,5.0,₹1.25,₹26.25,UPI,Regular,Wednesday,August
2026-08-26,INV-12722,Azithromycin 500mg,Tablet,Antibiotic,₹12.50,1,₹12.50,0.0,₹0.00,₹12.50,5.0,₹0.62,₹13.12,UPI,Chronic,Wednesday,August
2026-08-26,INV-12723,Multivitamin Syrup 200ml,Syrup,Vitamins,₹145.00,1,₹145.00,5.0,₹7.25,₹137.75,12.0,₹16.53,₹154.28,Card,Walk-in,Wednesday,August
2026-08-26,INV-12724,Electral ORS,Sachet,Hydration,₹20.00,1,₹20.00,0.0,₹0.00,₹20.00,12.0,₹2.40,₹22.40,Cash,Walk-in,Wednesday,August
2026-08-26,INV-12725,Meftal Spas,Tablet,Pain Relief,₹3.80,3,₹11.40,5.0,₹0.57,₹10.83,12.0,₹1.30,₹12.13,UPI,Walk-in,Wednesday,August
2026-08-27,INV-12726,Amoxicillin 500mg,Capsule,Antibiotic,₹8.50,2,₹17.00,5.0,₹0.85,₹16.15,12.0,₹1.94,₹18.09,UPI,Chronic,Thursday,August
2026-08-27,INV-12727,Vitamin C 500mg,Tablet,Vitamins,₹2.80,5,₹14.00,0.0,₹0.00,₹14.00,12.0,₹1.68,₹15.68,Cash,Chronic,Thursday,August
2026-08-27,INV-12728,Cetirizine 10mg,Tablet,Allergy,₹1.80,2,₹3.60,0.0,₹0.00,₹3.60,5.0,₹0.18,₹3.78,Cash,Regular,Thursday,August
2026-08-27,INV-12729,Amlodipine 5mg,Tablet,Cardiac,₹1.80,1,₹1.80,0.0,₹0.00,₹1.80,12.0,₹0.22,₹2.02,Cash,Chronic,Thursday,August
2026-08-27,INV-12730,Volini Gel 30g,Gel,Pain Relief,₹110.00,1,₹110.00,0.0,₹0.00,₹110.00,12.0,₹13.20,₹123.20,UPI,Walk-in,Thursday,August
2026-08-27,INV-12731,Amoxicillin 500mg,Capsule,Antibiotic,₹8.50,4,₹34.00,3.0,₹1.02,₹32.98,12.0,₹3.96,₹36.94,UPI,Walk-in,Thursday,August
2026-08-27,INV-12732,Cetirizine 10mg,Tablet,Allergy,₹1.80,1,₹1.80,0.0,₹0.00,₹1.80,5.0,₹0.09,₹1.89,Cash,Walk-in,Thursday,August
2026-08-27,INV-12733,Omeprazole 20mg,Capsule,Gastro,₹3.80,1,₹3.80,0.0,₹0.00,₹3.80,5.0,₹0.19,₹3.99,Card,Walk-in,Thursday,August
2026-08-27,INV-12734,Metformin 500mg,Tablet,Diabetes,₹1.50,1,₹1.50,3.0,₹0.04,₹1.46,5.0,₹0.07,₹1.53,Cash,Chronic,Thursday,August
2026-08-27,INV-12735,ORS Lemon,Sachet,Hydration,₹22.00,4,₹88.00,0.0,₹0.00,₹88.00,5.0,₹4.40,₹92.40,Cash,Walk-in,Thursday,August
2026-08-27,INV-12736,Atorvastatin 10mg,Tablet,Cardiac,₹3.20,4,₹12.80,0.0,₹0.00,₹12.80,5.0,₹0.64,₹13.44,UPI,New Customer,Thursday,August
2026-08-27,INV-12737,ORS Orange,Sachet,Hydration,₹20.00,6,₹120.00,0.0,₹0.00,₹120.00,5.0,₹6.00,₹126.00,Card,Walk-in,Thursday,August
2026-08-27,INV-12738,Volini Gel 30g,Gel,Pain Relief,₹110.00,2,₹220.00,0.0,₹0.00,₹220.00,18.0,₹39.60,₹259.60,UPI,Walk-in,Thursday,August
2026-08-27,INV-12739,Telmisartan 40mg,Tablet,Cardiac,₹4.20,6,₹25.20,5.0,₹1.26,₹23.94,18.0,₹4.31,₹28.25,Card,Chronic,Thursday,August
2026-08-27,INV-12740,Vitamin C 500mg,Tablet,Vitamins,₹2.80,5,₹14.00,0.0,₹0.00,₹14.00,12.0,₹1.68,₹15.68,UPI,New Customer,Thursday,August
2026-08-27,INV-12741,Omeprazole 20mg,Capsule,Gastro,₹3.80,2,₹7.60,0.0,₹0.00,₹7.60,5.0,₹0.38,₹7.98,UPI,New Customer,Thursday,August
2026-08-27,INV-12742,Metformin 500mg,Tablet,Diabetes,₹1.50,1,₹1.50,0.0,₹0.00,₹1.50,12.0,₹0.18,₹1.68,UPI,Walk-in,Thursday,August
2026-08-27,INV-12743,Calcium + D3,Tablet,Vitamins,₹6.00,6,₹36.00,0.0,₹0.00,₹36.00,12.0,₹4.32,₹40.32,UPI,New Customer,Thursday,August
2026-08-27,INV-12744,Paracetamol 500mg,Tablet,Pain Relief,₹2.50,1,₹2.50,0.0,₹0.00,₹2.50,18.0,₹0.45,₹2.95,UPI,Chronic,Thursday,August
2026-08-27,INV-12745,Atorvastatin 10mg,Tablet,Cardiac,₹3.20,2,₹6.40,0.0,₹0.00,₹6.40,12.0,₹0.77,₹7.17,Cash,Regular,Thursday,August
2026-08-27,INV-12746,Paracetamol 500mg,Tablet,Pain Relief,₹2.50,2,₹5.00,0.0,₹0.00,₹5.00,5.0,₹0.25,₹5.25,Card,New Customer,Thursday,August
2026-08-27,INV-12747,Meftal Spas,Tablet,Pain Relief,₹3.80,4,₹15.20,0.0,₹0.00,₹15.20,5.0,₹0.76,₹15.96,Cash,Walk-in,Thursday,August
2026-08-27,INV-12748,ORS Orange,Sachet,Hydration,₹20.00,1,₹20.00,0.0,₹0.00,₹20.00,5.0,₹1.00,₹21.00,UPI,Walk-in,Thursday,August
2026-08-27,INV-12749,Cheston Cold,Tablet,Cough & Cold,₹4.00,1,₹4.00,0.0,₹0.00,₹4.00,18.0,₹0.72,₹4.72,UPI,Walk-in,Thursday,August
2026-08-27,INV-12750,Vicks Action 500,Tablet,Cough & Cold,₹5.00,2,₹10.00,0.0,₹0.00,₹10.00,12.0,₹1.20,₹11.20,UPI,Chronic,Thursday,August
2026-08-27,INV-12751,B-Complex,Tablet,Vitamins,₹3.50,1,₹3.50,0.0,₹0.00,₹3.50,5.0,₹0.17,₹3.67,Cash,New Customer,Thursday,August
2026-08-27,INV-12752,Multivitamin Syrup 200ml,Syrup,Vitamins,₹145.00,4,₹580.00,0.0,₹0.00,₹580.00,18.0,₹104.40,₹684.40,UPI,New Customer,Thursday,August
2026-08-27,INV-12753,Pantoprazole 40mg,Tablet,Gastro,₹4.50,1,₹4.50,0.0,₹0.00,₹4.50,5.0,₹0.23,₹4.73,UPI,Walk-in,Thursday,August
2026-08-27,INV-12754,Multivitamin Syrup 200ml,Syrup,Vitamins,₹145.00,2,₹290.00,0.0,₹0.00,₹290.00,5.0,₹14.50,₹304.50,Cash,Regular,Thursday,August
2026-08-27,INV-12755,B-Complex,Tablet,Vitamins,₹3.50,1,₹3.50,0.0,₹0.00,₹3.50,5.0,₹0.17,₹3.67,Cash,Walk-in,Thursday,August
2026-08-27,INV-12756,Glimepiride 1mg,Tablet,Diabetes,₹2.00,2,₹4.00,0.0,₹0.00,₹4.00,18.0,₹0.72,₹4.72,UPI,Walk-in,Thursday,August
2026-08-27,INV-12757,Dolo 650,Tablet,Pain Relief,₹3.20,8,₹25.60,0.0,₹0.00,₹25.60,5.0,₹1.28,₹26.88,UPI,Walk-in,Thursday,August
2026-08-27,INV-12758,B-Complex,Tablet,Vitamins,₹3.50,2,₹7.00,0.0,₹0.00,₹7.00,5.0,₹0.35,₹7.35,Cash,New Customer,Thursday,August
2026-08-27,INV-12759,Amlodipine 5mg,Tablet,Cardiac,₹1.80,2,₹3.60,2.0,₹0.07,₹3.53,5.0,₹0.18,₹3.71,Cash,Walk-in,Thursday,August
2026-08-27,INV-12760,Crocin Advance,Tablet,Pain Relief,₹3.00,2,₹6.00,0.0,₹0.00,₹6.00,5.0,₹0.30,₹6.30,Cash,Walk-in,Thursday,August
2026-08-27,INV-12761,B-Complex,Tablet,Vitamins,₹3.50,8,₹28.00,0.0,₹0.00,₹28.00,12.0,₹3.36,₹31.36,Cash,New Customer,Thursday,August
2026-08-27,INV-12762,Telmisartan 40mg,Tablet,Cardiac,₹4.20,2,₹8.40,0.0,₹0.00,₹8.40,12.0,₹1.01,₹9.41,UPI,Walk-in,Thursday,August
2026-08-27,INV-12763,B-Complex,Tablet,Vitamins,₹3.50,6,₹21.00,0.0,₹0.00,₹21.00,5.0,₹1.05,₹22.05,Cash,Regular,Thursday,August
2026-08-27,INV-12764,Telmisartan 40mg,Tablet,Cardiac,₹4.20,2,₹8.40,0.0,₹0.00,₹8.40,18.0,₹1.51,₹9.91,UPI,Regular,Thursday,August
2026-08-27,INV-12765,Azithromycin 500mg,Tablet,Antibiotic,₹12.50,4,₹50.00,0.0,₹0.00,₹50.00,12.0,₹6.00,₹56.00,UPI,Walk-in,Thursday,August
2026-08-27,INV-12766,Telmisartan 40mg,Tablet,Cardiac,₹4.20,1,₹4.20,0.0,₹0.00,₹4.20,12.0,₹0.50,₹4.70,UPI,Walk-in,Thursday,August
2026-08-27,INV-12767,Amlodipine 5mg,Tablet,Cardiac,₹1.80,3,₹5.40,0.0,₹0.00,₹5.40,5.0,₹0.27,₹5.67,UPI,New Customer,Thursday,August
2026-08-27,INV-12768,Digene Gel 200ml,Suspension,Gastro,₹125.00,3,₹375.00,0.0,₹0.00,₹375.00,12.0,₹45.00,₹420.00,Card,Regular,Thursday,August
2026-08-27,INV-12769,Cetirizine 10mg,Tablet,Allergy,₹1.80,5,₹9.00,2.0,₹0.18,₹8.82,5.0,₹0.44,₹9.26,UPI,Walk-in,Thursday,August
2026-08-28,INV-12770,Atorvastatin 10mg,Tablet,Cardiac,₹3.20,1,₹3.20,0.0,₹0.00,₹3.20,5.0,₹0.16,₹3.36,Cash,Walk-in,Friday,August
2026-08-28,INV-12771,Ondansetron 4mg,Tablet,Gastro,₹2.50,3,₹7.50,0.0,₹0.00,₹7.50,12.0,₹0.90,₹8.40,Card,Walk-in,Friday,August
2026-08-28,INV-12772,ORS Orange,Sachet,Hydration,₹20.00,3,₹60.00,0.0,₹0.00,₹60.00,5.0,₹3.00,₹63.00,UPI,Walk-in,Friday,August
2026-08-28,INV-12773,Cheston Cold,Tablet,Cough & Cold,₹4.00,2,₹8.00,0.0,₹0.00,₹8.00,18.0,₹1.44,₹9.44,Cash,Regular,Friday,August
2026-08-28,INV-12774,Pantoprazole 40mg,Tablet,Gastro,₹4.50,2,₹9.00,0.0,₹0.00,₹9.00,5.0,₹0.45,₹9.45,Cash,Chronic,Friday,August
2026-08-28,INV-12775,ORS Lemon,Sachet,Hydration,₹22.00,3,₹66.00,5.0,₹3.30,₹62.70,5.0,₹3.13,₹65.83,UPI,Regular,Friday,August
2026-08-28,INV-12776,Amlodipine 5mg,Tablet,Cardiac,₹1.80,1,₹1.80,2.0,₹0.04,₹1.76,5.0,₹0.09,₹1.85,Cash,Regular,Friday,August
2026-08-28,INV-12777,Metformin 500mg,Tablet,Diabetes,₹1.50,4,₹6.00,0.0,₹0.00,₹6.00,5.0,₹0.30,₹6.30,UPI,Regular,Friday,August
2026-08-28,INV-12778,Cough Syrup 100ml,Syrup,Cough & Cold,₹85.00,2,₹170.00,0.0,₹0.00,₹170.00,5.0,₹8.50,₹178.50,Cash,Walk-in,Friday,August
2026-08-28,INV-12779,B-Complex,Tablet,Vitamins,₹3.50,2,₹7.00,0.0,₹0.00,₹7.00,5.0,₹0.35,₹7.35,Card,Regular,Friday,August
2026-08-28,INV-12780,Betadine 100ml,Solution,Antiseptic,₹85.00,2,₹170.00,3.0,₹5.10,₹164.90,5.0,₹8.24,₹173.14,Cash,Regular,Friday,August
2026-08-28,INV-12781,Multivitamin Syrup 200ml,Syrup,Vitamins,₹145.00,1,₹145.00,2.0,₹2.90,₹142.10,12.0,₹17.05,₹159.15,UPI,Walk-in,Friday,August
2026-08-28,INV-12782,ORS Lemon,Sachet,Hydration,₹22.00,3,₹66.00,3.0,₹1.98,₹64.02,12.0,₹7.68,₹71.70,UPI,Regular,Friday,August
2026-08-28,INV-12783,Omeprazole 20mg,Capsule,Gastro,₹3.80,1,₹3.80,2.0,₹0.08,₹3.72,5.0,₹0.19,₹3.91,UPI,Walk-in,Friday,August
2026-08-28,INV-12784,B-Complex,Tablet,Vitamins,₹3.50,1,₹3.50,0.0,₹0.00,₹3.50,5.0,₹0.17,₹3.67,UPI,New Customer,Friday,August
2026-08-28,INV-12785,Crocin Advance,Tablet,Pain Relief,₹3.00,3,₹9.00,0.0,₹0.00,₹9.00,12.0,₹1.08,₹10.08,UPI,Regular,Friday,August
2026-08-28,INV-12786,Vicks Action 500,Tablet,Cough & Cold,₹5.00,4,₹20.00,3.0,₹0.60,₹19.40,12.0,₹2.33,₹21.73,Cash,Walk-in,Friday,August
2026-08-28,INV-12787,Betadine 100ml,Solution,Antiseptic,₹85.00,2,₹170.00,0.0,₹0.00,₹170.00,5.0,₹8.50,₹178.50,UPI,Walk-in,Friday,August
2026-08-28,INV-12788,Meftal Spas,Tablet,Pain Relief,₹3.80,4,₹15.20,0.0,₹0.00,₹15.20,18.0,₹2.74,₹17.94,Cash,Walk-in,Friday,August
2026-08-28,INV-12789,Crocin Advance,Tablet,Pain Relief,₹3.00,6,₹18.00,0.0,₹0.00,₹18.00,12.0,₹2.16,₹20.16,UPI,New Customer,Friday,August
2026-08-28,INV-12790,Paracetamol 500mg,Tablet,Pain Relief,₹2.50,4,₹10.00,2.0,₹0.20,₹9.80,5.0,₹0.49,₹10.29,UPI,Walk-in,Friday,August
2026-08-28,INV-12791,Dolo 650,Tablet,Pain Relief,₹3.20,1,₹3.20,2.0,₹0.06,₹3.14,5.0,₹0.16,₹3.30,Card,Regular,Friday,August
2026-08-28,INV-12792,Electral ORS,Sachet,Hydration,₹20.00,1,₹20.00,0.0,₹0.00,₹20.00,12.0,₹2.40,₹22.40,UPI,Walk-in,Friday,August
2026-08-28,INV-12793,Calcium + D3,Tablet,Vitamins,₹6.00,1,₹6.00,5.0,₹0.30,₹5.70,5.0,₹0.28,₹5.98,UPI,Chronic,Friday,August
2026-08-28,INV-12794,ORS Lemon,Sachet,Hydration,₹22.00,1,₹22.00,2.0,₹0.44,₹21.56,5.0,₹1.08,₹22.64,UPI,Regular,Friday,August
2026-08-28,INV-12795,Levocetirizine 5mg,Tablet,Allergy,₹2.20,1,₹2.20,0.0,₹0.00,₹2.20,5.0,₹0.11,₹2.31,Card,Walk-in,Friday,August
2026-08-28,INV-12796,Meftal Spas,Tablet,Pain Relief,₹3.80,5,₹19.00,0.0,₹0.00,₹19.00,12.0,₹2.28,₹21.28,UPI,Regular,Friday,August
2026-08-28,INV-12797,Dettol Antiseptic 100ml,Liquid,Antiseptic,₹75.00,2,₹150.00,0.0,₹0.00,₹150.00,12.0,₹18.00,₹168.00,Cash,Regular,Friday,August
2026-08-29,INV-12798,Omeprazole 20mg,Capsule,Gastro,₹3.80,6,₹22.80,0.0,₹0.00,₹22.80,18.0,₹4.10,₹26.90,UPI,Walk-in,Saturday,August
2026-08-29,INV-12799,Vicks Action 500,Tablet,Cough & Cold,₹5.00,2,₹10.00,0.0,₹0.00,₹10.00,5.0,₹0.50,₹10.50,Card,Walk-in,Saturday,August
2026-08-29,INV-12800,Dolo 650,Tablet,Pain Relief,₹3.20,1,₹3.20,0.0,₹0.00,₹3.20,5.0,₹0.16,₹3.36,Cash,New Customer,Saturday,August
2026-08-29,INV-12801,Glimepiride 1mg,Tablet,Diabetes,₹2.00,3,₹6.00,3.0,₹0.18,₹5.82,5.0,₹0.29,₹6.11,Card,Regular,Saturday,August
2026-08-29,INV-12802,Pantoprazole 40mg,Tablet,Gastro,₹4.50,1,₹4.50,0.0,₹0.00,₹4.50,5.0,₹0.23,₹4.73,UPI,Walk-in,Saturday,August
2026-08-29,INV-12803,Volini Gel 30g,Gel,Pain Relief,₹110.00,1,₹110.00,0.0,₹0.00,₹110.00,5.0,₹5.50,₹115.50,UPI,Walk-in,Saturday,August
2026-08-29,INV-12804,Cetirizine 10mg,Tablet,Allergy,₹1.80,2,₹3.60,0.0,₹0.00,₹3.60,5.0,₹0.18,₹3.78,UPI,Chronic,Saturday,August
2026-08-29,INV-12805,Meftal Spas,Tablet,Pain Relief,₹3.80,1,₹3.80,0.0,₹0.00,₹3.80,5.0,₹0.19,₹3.99,UPI,Regular,Saturday,August
2026-08-29,INV-12806,B-Complex,Tablet,Vitamins,₹3.50,3,₹10.50,0.0,₹0.00,₹10.50,12.0,₹1.26,₹11.76,Card,Regular,Saturday,August
2026-08-29,INV-12807,Paracetamol 500mg,Tablet,Pain Relief,₹2.50,2,₹5.00,5.0,₹0.25,₹4.75,5.0,₹0.24,₹4.99,Card,Regular,Saturday,August
2026-08-29,INV-12808,Telmisartan 40mg,Tablet,Cardiac,₹4.20,2,₹8.40,0.0,₹0.00,₹8.40,18.0,₹1.51,₹9.91,UPI,Walk-in,Saturday,August
2026-08-29,INV-12809,Metformin 500mg,Tablet,Diabetes,₹1.50,2,₹3.00,2.0,₹0.06,₹2.94,5.0,₹0.15,₹3.09,UPI,Regular,Saturday,August
2026-08-29,INV-12810,Paracetamol 500mg,Tablet,Pain Relief,₹2.50,3,₹7.50,0.0,₹0.00,₹7.50,5.0,₹0.38,₹7.88,UPI,Chronic,Saturday,August
2026-08-29,INV-12811,ORS Lemon,Sachet,Hydration,₹22.00,2,₹44.00,0.0,₹0.00,₹44.00,12.0,₹5.28,₹49.28,UPI,Walk-in,Saturday,August
2026-08-29,INV-12812,Paracetamol 500mg,Tablet,Pain Relief,₹2.50,1,₹2.50,0.0,₹0.00,₹2.50,12.0,₹0.30,₹2.80,Card,Walk-in,Saturday,August
2026-08-29,INV-12813,Dettol Antiseptic 100ml,Liquid,Antiseptic,₹75.00,1,₹75.00,0.0,₹0.00,₹75.00,12.0,₹9.00,₹84.00,UPI,Regular,Saturday,August
2026-08-29,INV-12814,Vitamin C 500mg,Tablet,Vitamins,₹2.80,3,₹8.40,0.0,₹0.00,₹8.40,12.0,₹1.01,₹9.41,UPI,Walk-in,Saturday,August
2026-08-29,INV-12815,Electral ORS,Sachet,Hydration,₹20.00,4,₹80.00,0.0,₹0.00,₹80.00,18.0,₹14.40,₹94.40,Cash,Walk-in,Saturday,August
2026-08-29,INV-12816,ORS Orange,Sachet,Hydration,₹20.00,4,₹80.00,0.0,₹0.00,₹80.00,12.0,₹9.60,₹89.60,UPI,Walk-in,Saturday,August
2026-08-29,INV-12817,Atorvastatin 10mg,Tablet,Cardiac,₹3.20,3,₹9.60,0.0,₹0.00,₹9.60,5.0,₹0.48,₹10.08,Card,Regular,Saturday,August
2026-08-29,INV-12818,Azithromycin 500mg,Tablet,Antibiotic,₹12.50,3,₹37.50,0.0,₹0.00,₹37.50,5.0,₹1.88,₹39.38,Card,Walk-in,Saturday,August
2026-08-29,INV-12819,ORS Orange,Sachet,Hydration,₹20.00,3,₹60.00,0.0,₹0.00,₹60.00,5.0,₹3.00,₹63.00,UPI,New Customer,Saturday,August
2026-08-29,INV-12820,Meftal Spas,Tablet,Pain Relief,₹3.80,1,₹3.80,3.0,₹0.11,₹3.69,12.0,₹0.44,₹4.13,Cash,Walk-in,Saturday,August
2026-08-29,INV-12821,Levocetirizine 5mg,Tablet,Allergy,₹2.20,1,₹2.20,5.0,₹0.11,₹2.09,5.0,₹0.10,₹2.19,UPI,Regular,Saturday,August
2026-08-29,INV-12822,Vitamin C 500mg,Tablet,Vitamins,₹2.80,1,₹2.80,0.0,₹0.00,₹2.80,5.0,₹0.14,₹2.94,UPI,Chronic,Saturday,August
2026-08-29,INV-12823,B-Complex,Tablet,Vitamins,₹3.50,3,₹10.50,0.0,₹0.00,₹10.50,5.0,₹0.53,₹11.03,UPI,Regular,Saturday,August
2026-08-29,INV-12824,Amoxicillin 500mg,Capsule,Antibiotic,₹8.50,2,₹17.00,0.0,₹0.00,₹17.00,5.0,₹0.85,₹17.85,UPI,Regular,Saturday,August
2026-08-29,INV-12825,Dettol Antiseptic 100ml,Liquid,Antiseptic,₹75.00,5,₹375.00,0.0,₹0.00,₹375.00,18.0,₹67.50,₹442.50,Card,Walk-in,Saturday,August
2026-08-29,INV-12826,Cetirizine 10mg,Tablet,Allergy,₹1.80,1,₹1.80,0.0,₹0.00,₹1.80,5.0,₹0.09,₹1.89,Card,Walk-in,Saturday,August
2026-08-29,INV-12827,Dolo 650,Tablet,Pain Relief,₹3.20,4,₹12.80,0.0,₹0.00,₹12.80,12.0,₹1.54,₹14.34,UPI,Walk-in,Saturday,August
2026-08-29,INV-12828,Cheston Cold,Tablet,Cough & Cold,₹4.00,1,₹4.00,3.0,₹0.12,₹3.88,5.0,₹0.19,₹4.07,UPI,Regular,Saturday,August
2026-08-29,INV-12829,Levocetirizine 5mg,Tablet,Allergy,₹2.20,5,₹11.00,0.0,₹0.00,₹11.00,12.0,₹1.32,₹12.32,UPI,Walk-in,Saturday,August
2026-08-29,INV-12830,Calcium + D3,Tablet,Vitamins,₹6.00,2,₹12.00,0.0,₹0.00,₹12.00,5.0,₹0.60,₹12.60,UPI,Walk-in,Saturday,August
2026-08-29,INV-12831,Digene Gel 200ml,Suspension,Gastro,₹125.00,2,₹250.00,0.0,₹0.00,₹250.00,5.0,₹12.50,₹262.50,UPI,Regular,Saturday,August
2026-08-29,INV-12832,Vicks Action 500,Tablet,Cough & Cold,₹5.00,3,₹15.00,3.0,₹0.45,₹14.55,5.0,₹0.73,₹15.28,UPI,Walk-in,Saturday,August
2026-08-29,INV-12833,Dettol Antiseptic 100ml,Liquid,Antiseptic,₹75.00,3,₹225.00,0.0,₹0.00,₹225.00,12.0,₹27.00,₹252.00,UPI,Walk-in,Saturday,August
2026-08-29,INV-12834,Calcium + D3,Tablet,Vitamins,₹6.00,2,₹12.00,0.0,₹0.00,₹12.00,12.0,₹1.44,₹13.44,Cash,Walk-in,Saturday,August
2026-08-29,INV-12835,ORS Lemon,Sachet,Hydration,₹22.00,3,₹66.00,5.0,₹3.30,₹62.70,12.0,₹7.52,₹70.22,Cash,New Customer,Saturday,August
2026-08-29,INV-12836,Azithromycin 500mg,Tablet,Antibiotic,₹12.50,2,₹25.00,3.0,₹0.75,₹24.25,18.0,₹4.37,₹28.62,UPI,Walk-in,Saturday,August
2026-08-29,INV-12837,Crocin Advance,Tablet,Pain Relief,₹3.00,3,₹9.00,0.0,₹0.00,₹9.00,12.0,₹1.08,₹10.08,Card,Walk-in,Saturday,August
2026-08-29,INV-12838,Digene Gel 200ml,Suspension,Gastro,₹125.00,3,₹375.00,0.0,₹0.00,₹375.00,5.0,₹18.75,₹393.75,Cash,Chronic,Saturday,August
2026-08-30,INV-12839,Crocin Advance,Tablet,Pain Relief,₹3.00,1,₹3.00,0.0,₹0.00,₹3.00,12.0,₹0.36,₹3.36,UPI,Walk-in,Sunday,August
2026-08-30,INV-12840,Volini Gel 30g,Gel,Pain Relief,₹110.00,2,₹220.00,0.0,₹0.00,₹220.00,12.0,₹26.40,₹246.40,Cash,Walk-in,Sunday,August
2026-08-30,INV-12841,Azithromycin 500mg,Tablet,Antibiotic,₹12.50,5,₹62.50,0.0,₹0.00,₹62.50,12.0,₹7.50,₹70.00,Cash,Walk-in,Sunday,August
2026-08-30,INV-12842,Glimepiride 1mg,Tablet,Diabetes,₹2.00,3,₹6.00,0.0,₹0.00,₹6.00,18.0,₹1.08,₹7.08,UPI,Regular,Sunday,August
2026-08-30,INV-12843,Levocetirizine 5mg,Tablet,Allergy,₹2.20,1,₹2.20,0.0,₹0.00,₹2.20,12.0,₹0.26,₹2.46,Cash,Chronic,Sunday,August
2026-08-30,INV-12844,Vicks Action 500,Tablet,Cough & Cold,₹5.00,2,₹10.00,0.0,₹0.00,₹10.00,12.0,₹1.20,₹11.20,Cash,Walk-in,Sunday,August
2026-08-30,INV-12845,Calcium + D3,Tablet,Vitamins,₹6.00,1,₹6.00,0.0,₹0.00,₹6.00,5.0,₹0.30,₹6.30,UPI,Walk-in,Sunday,August
2026-08-30,INV-12846,Glimepiride 1mg,Tablet,Diabetes,₹2.00,1,₹2.00,2.0,₹0.04,₹1.96,5.0,₹0.10,₹2.06,UPI,New Customer,Sunday,August
2026-08-30,INV-12847,ORS Orange,Sachet,Hydration,₹20.00,6,₹120.00,3.0,₹3.60,₹116.40,5.0,₹5.82,₹122.22,UPI,New Customer,Sunday,August
2026-08-30,INV-12848,Amlodipine 5mg,Tablet,Cardiac,₹1.80,2,₹3.60,0.0,₹0.00,₹3.60,12.0,₹0.43,₹4.03,UPI,Regular,Sunday,August
2026-08-30,INV-12849,Glimepiride 1mg,Tablet,Diabetes,₹2.00,1,₹2.00,0.0,₹0.00,₹2.00,5.0,₹0.10,₹2.10,Cash,Regular,Sunday,August
2026-08-30,INV-12850,Glimepiride 1mg,Tablet,Diabetes,₹2.00,5,₹10.00,0.0,₹0.00,₹10.00,5.0,₹0.50,₹10.50,Cash,Chronic,Sunday,August
2026-08-30,INV-12851,Dolo 650,Tablet,Pain Relief,₹3.20,1,₹3.20,0.0,₹0.00,₹3.20,12.0,₹0.38,₹3.58,Cash,New Customer,Sunday,August
2026-08-30,INV-12852,ORS Lemon,Sachet,Hydration,₹22.00,1,₹22.00,0.0,₹0.00,₹22.00,18.0,₹3.96,₹25.96,Cash,Chronic,Sunday,August
2026-08-30,INV-12853,Levocetirizine 5mg,Tablet,Allergy,₹2.20,4,₹8.80,0.0,₹0.00,₹8.80,12.0,₹1.06,₹9.86,UPI,Walk-in,Sunday,August
2026-08-30,INV-12854,Digene Gel 200ml,Suspension,Gastro,₹125.00,2,₹250.00,0.0,₹0.00,₹250.00,5.0,₹12.50,₹262.50,Card,Walk-in,Sunday,August
2026-08-30,INV-12855,Betadine 100ml,Solution,Antiseptic,₹85.00,1,₹85.00,0.0,₹0.00,₹85.00,5.0,₹4.25,₹89.25,Cash,Regular,Sunday,August
2026-08-30,INV-12856,Metformin 500mg,Tablet,Diabetes,₹1.50,1,₹1.50,2.0,₹0.03,₹1.47,5.0,₹0.07,₹1.54,Cash,Regular,Sunday,August
2026-08-30,INV-12857,Dettol Antiseptic 100ml,Liquid,Antiseptic,₹75.00,2,₹150.00,3.0,₹4.50,₹145.50,18.0,₹26.19,₹171.69,Cash,Regular,Sunday,August
2026-08-30,INV-12858,Omeprazole 20mg,Capsule,Gastro,₹3.80,2,₹7.60,0.0,₹0.00,₹7.60,18.0,₹1.37,₹8.97,UPI,Regular,Sunday,August
2026-08-30,INV-12859,Levocetirizine 5mg,Tablet,Allergy,₹2.20,1,₹2.20,0.0,₹0.00,₹2.20,5.0,₹0.11,₹2.31,UPI,Walk-in,Sunday,August
2026-08-30,INV-12860,Betadine 100ml,Solution,Antiseptic,₹85.00,1,₹85.00,0.0,₹0.00,₹85.00,5.0,₹4.25,₹89.25,Cash,New Customer,Sunday,August
2026-08-30,INV-12861,Ondansetron 4mg,Tablet,Gastro,₹2.50,1,₹2.50,0.0,₹0.00,₹2.50,12.0,₹0.30,₹2.80,Card,Chronic,Sunday,August
2026-08-30,INV-12862,Glimepiride 1mg,Tablet,Diabetes,₹2.00,1,₹2.00,2.0,₹0.04,₹1.96,12.0,₹0.24,₹2.20,UPI,Walk-in,Sunday,August
2026-08-30,INV-12863,Volini Gel 30g,Gel,Pain Relief,₹110.00,4,₹440.00,2.0,₹8.80,₹431.20,5.0,₹21.56,₹452.76,Card,New Customer,Sunday,August
2026-08-30,INV-12864,Crocin Advance,Tablet,Pain Relief,₹3.00,2,₹6.00,0.0,₹0.00,₹6.00,18.0,₹1.08,₹7.08,Card,Walk-in,Sunday,August
2026-08-30,INV-12865,Atorvastatin 10mg,Tablet,Cardiac,₹3.20,2,₹6.40,0.0,₹0.00,₹6.40,18.0,₹1.15,₹7.55,Cash,Walk-in,Sunday,August
2026-08-30,INV-12866,Meftal Spas,Tablet,Pain Relief,₹3.80,1,₹3.80,0.0,₹0.00,₹3.80,5.0,₹0.19,₹3.99,Cash,Walk-in,Sunday,August
2026-08-30,INV-12867,Pantoprazole 40mg,Tablet,Gastro,₹4.50,1,₹4.50,3.0,₹0.14,₹4.36,12.0,₹0.52,₹4.88,UPI,Walk-in,Sunday,August
2026-08-30,INV-12868,Dolo 650,Tablet,Pain Relief,₹3.20,1,₹3.20,0.0,₹0.00,₹3.20,12.0,₹0.38,₹3.58,UPI,Walk-in,Sunday,August
2026-08-30,INV-12869,Digene Gel 200ml,Suspension,Gastro,₹125.00,2,₹250.00,2.0,₹5.00,₹245.00,5.0,₹12.25,₹257.25,Card,Walk-in,Sunday,August
2026-08-30,INV-12870,Cough Syrup 100ml,Syrup,Cough & Cold,₹85.00,2,₹170.00,0.0,₹0.00,₹170.00,5.0,₹8.50,₹178.50,UPI,Chronic,Sunday,August
2026-08-30,INV-12871,Volini Gel 30g,Gel,Pain Relief,₹110.00,2,₹220.00,0.0,₹0.00,₹220.00,12.0,₹26.40,₹246.40,UPI,Chronic,Sunday,August
2026-08-30,INV-12872,Betadine 100ml,Solution,Antiseptic,₹85.00,1,₹85.00,0.0,₹0.00,₹85.00,5.0,₹4.25,₹89.25,UPI,Regular,Sunday,August
2026-08-30,INV-12873,Digene Gel 200ml,Suspension,Gastro,₹125.00,2,₹250.00,0.0,₹0.00,₹250.00,18.0,₹45.00,₹295.00,Card,Walk-in,Sunday,August
2026-08-30,INV-12874,ORS Orange,Sachet,Hydration,₹20.00,2,₹40.00,0.0,₹0.00,₹40.00,12.0,₹4.80,₹44.80,UPI,Walk-in,Sunday,August
2026-08-30,INV-12875,Crocin Advance,Tablet,Pain Relief,₹3.00,1,₹3.00,0.0,₹0.00,₹3.00,18.0,₹0.54,₹3.54,UPI,Chronic,Sunday,August
2026-08-30,INV-12876,Pantoprazole 40mg,Tablet,Gastro,₹4.50,3,₹13.50,0.0,₹0.00,₹13.50,5.0,₹0.68,₹14.18,UPI,New Customer,Sunday,August
2026-08-30,INV-12877,Betadine 100ml,Solution,Antiseptic,₹85.00,3,₹255.00,0.0,₹0.00,₹255.00,18.0,₹45.90,₹300.90,UPI,Walk-in,Sunday,August
2026-08-30,INV-12878,Dolo 650,Tablet,Pain Relief,₹3.20,2,₹6.40,3.0,₹0.19,₹6.21,12.0,₹0.75,₹6.96,Cash,Regular,Sunday,August
2026-08-30,INV-12879,Multivitamin Syrup 200ml,Syrup,Vitamins,₹145.00,3,₹435.00,3.0,₹13.05,₹421.95,5.0,₹21.10,₹443.05,Cash,Walk-in,Sunday,August
2026-08-31,INV-12880,Amoxicillin 500mg,Capsule,Antibiotic,₹8.50,1,₹8.50,3.0,₹0.26,₹8.24,18.0,₹1.48,₹9.72,UPI,Walk-in,Monday,August
2026-08-31,INV-12881,Cheston Cold,Tablet,Cough & Cold,₹4.00,2,₹8.00,2.0,₹0.16,₹7.84,12.0,₹0.94,₹8.78,UPI,Walk-in,Monday,August
2026-08-31,INV-12882,Dolo 650,Tablet,Pain Relief,₹3.20,2,₹6.40,0.0,₹0.00,₹6.40,5.0,₹0.32,₹6.72,Cash,Chronic,Monday,August
2026-08-31,INV-12883,Metformin 500mg,Tablet,Diabetes,₹1.50,4,₹6.00,0.0,₹0.00,₹6.00,5.0,₹0.30,₹6.30,UPI,New Customer,Monday,August
2026-08-31,INV-12884,Electral ORS,Sachet,Hydration,₹20.00,2,₹40.00,2.0,₹0.80,₹39.20,12.0,₹4.70,₹43.90,UPI,Regular,Monday,August
2026-08-31,INV-12885,Vicks Action 500,Tablet,Cough & Cold,₹5.00,3,₹15.00,2.0,₹0.30,₹14.70,18.0,₹2.65,₹17.35,UPI,Walk-in,Monday,August
2026-08-31,INV-12886,ORS Lemon,Sachet,Hydration,₹22.00,2,₹44.00,0.0,₹0.00,₹44.00,5.0,₹2.20,₹46.20,UPI,Walk-in,Monday,August
2026-08-31,INV-12887,Cough Syrup 100ml,Syrup,Cough & Cold,₹85.00,1,₹85.00,0.0,₹0.00,₹85.00,5.0,₹4.25,₹89.25,UPI,Walk-in,Monday,August
2026-08-31,INV-12888,Multivitamin Syrup 200ml,Syrup,Vitamins,₹145.00,1,₹145.00,0.0,₹0.00,₹145.00,18.0,₹26.10,₹171.10,Cash,Regular,Monday,August
2026-08-31,INV-12889,Paracetamol 500mg,Tablet,Pain Relief,₹2.50,4,₹10.00,3.0,₹0.30,₹9.70,5.0,₹0.48,₹10.18,Cash,Walk-in,Monday,August
2026-08-31,INV-12890,Telmisartan 40mg,Tablet,Cardiac,₹4.20,3,₹12.60,0.0,₹0.00,₹12.60,5.0,₹0.63,₹13.23,UPI,Walk-in,Monday,August
2026-08-31,INV-12891,Calcium + D3,Tablet,Vitamins,₹6.00,8,₹48.00,2.0,₹0.96,₹47.04,18.0,₹8.47,₹55.51,UPI,Regular,Monday,August
2026-08-31,INV-12892,Digene Gel 200ml,Suspension,Gastro,₹125.00,3,₹375.00,3.0,₹11.25,₹363.75,12.0,₹43.65,₹407.40,Cash,Regular,Monday,August
2026-08-31,INV-12893,Volini Gel 30g,Gel,Pain Relief,₹110.00,2,₹220.00,3.0,₹6.60,₹213.40,5.0,₹10.67,₹224.07,Card,Walk-in,Monday,August
2026-08-31,INV-12894,Meftal Spas,Tablet,Pain Relief,₹3.80,2,₹7.60,3.0,₹0.23,₹7.37,5.0,₹0.37,₹7.74,UPI,Walk-in,Monday,August
2026-08-31,INV-12895,ORS Orange,Sachet,Hydration,₹20.00,1,₹20.00,2.0,₹0.40,₹19.60,12.0,₹2.35,₹21.95,UPI,Walk-in,Monday,August
2026-08-31,INV-12896,Vicks Action 500,Tablet,Cough & Cold,₹5.00,1,₹5.00,0.0,₹0.00,₹5.00,5.0,₹0.25,₹5.25,UPI,Walk-in,Monday,August
2026-08-31,INV-12897,Calcium + D3,Tablet,Vitamins,₹6.00,8,₹48.00,2.0,₹0.96,₹47.04,5.0,₹2.35,₹49.39,Card,New Customer,Monday,August
2026-08-31,INV-12898,Paracetamol 500mg,Tablet,Pain Relief,₹2.50,1,₹2.50,0.0,₹0.00,₹2.50,5.0,₹0.12,₹2.62,UPI,Regular,Monday,August
2026-08-31,INV-12899,Digene Gel 200ml,Suspension,Gastro,₹125.00,2,₹250.00,0.0,₹0.00,₹250.00,5.0,₹12.50,₹262.50,UPI,Chronic,Monday,August
2026-08-31,INV-12900,ORS Orange,Sachet,Hydration,₹20.00,5,₹100.00,0.0,₹0.00,₹100.00,18.0,₹18.00,₹118.00,UPI,New Customer,Monday,August
2026-08-31,INV-12901,Omeprazole 20mg,Capsule,Gastro,₹3.80,1,₹3.80,0.0,₹0.00,₹3.80,12.0,₹0.46,₹4.26,UPI,Walk-in,Monday,August
2026-08-31,INV-12902,Atorvastatin 10mg,Tablet,Cardiac,₹3.20,6,₹19.20,0.0,₹0.00,₹19.20,18.0,₹3.46,₹22.66,UPI,Walk-in,Monday,August
2026-08-31,INV-12903,Calcium + D3,Tablet,Vitamins,₹6.00,6,₹36.00,0.0,₹0.00,₹36.00,12.0,₹4.32,₹40.32,Cash,Chronic,Monday,August
2026-08-31,INV-12904,B-Complex,Tablet,Vitamins,₹3.50,2,₹7.00,3.0,₹0.21,₹6.79,12.0,₹0.81,₹7.60,Card,Regular,Monday,August
2026-08-31,INV-12905,B-Complex,Tablet,Vitamins,₹3.50,1,₹3.50,0.0,₹0.00,₹3.50,5.0,₹0.17,₹3.67,UPI,Walk-in,Monday,August
2026-08-31,INV-12906,Cetirizine 10mg,Tablet,Allergy,₹1.80,1,₹1.80,0.0,₹0.00,₹1.80,12.0,₹0.22,₹2.02,UPI,Regular,Monday,August
2026-08-31,INV-12907,Levocetirizine 5mg,Tablet,Allergy,₹2.20,2,₹4.40,0.0,₹0.00,₹4.40,18.0,₹0.79,₹5.19,UPI,Walk-in,Monday,August
2026-08-31,INV-12908,Dolo 650,Tablet,Pain Relief,₹3.20,2,₹6.40,0.0,₹0.00,₹6.40,18.0,₹1.15,₹7.55,Cash,Regular,Monday,August
2026-08-31,INV-12909,Volini Gel 30g,Gel,Pain Relief,₹110.00,6,₹660.00,5.0,₹33.00,₹627.00,5.0,₹31.35,₹658.35,Cash,Regular,Monday,August
2026-08-31,INV-12910,Pantoprazole 40mg,Tablet,Gastro,₹4.50,2,₹9.00,0.0,₹0.00,₹9.00,5.0,₹0.45,₹9.45,UPI,New Customer,Monday,August
2026-08-31,INV-12911,Ondansetron 4mg,Tablet,Gastro,₹2.50,1,₹2.50,0.0,₹0.00,₹2.50,18.0,₹0.45,₹2.95,UPI,Walk-in,Monday,August
2026-08-31,INV-12912,Cetirizine 10mg,Tablet,Allergy,₹1.80,3,₹5.40,0.0,₹0.00,₹5.40,18.0,₹0.97,₹6.37,UPI,Walk-in,Monday,August
2026-08-31,INV-12913,Digene Gel 200ml,Suspension,Gastro,₹125.00,3,₹375.00,5.0,₹18.75,₹356.25,5.0,₹17.81,₹374.06,UPI,Regular,Monday,August
2026-08-31,INV-12914,Crocin Advance,Tablet,Pain Relief,₹3.00,3,₹9.00,2.0,₹0.18,₹8.82,5.0,₹0.44,₹9.26,UPI,Chronic,Monday,August
2026-08-31,INV-12915,Amlodipine 5mg,Tablet,Cardiac,₹1.80,6,₹10.80,5.0,₹0.54,₹10.26,5.0,₹0.51,₹10.77,Cash,New Customer,Monday,August
2026-08-31,INV-12916,Amlodipine 5mg,Tablet,Cardiac,₹1.80,3,₹5.40,0.0,₹0.00,₹5.40,5.0,₹0.27,₹5.67,Card,Walk-in,Monday,August
2026-08-31,INV-12917,Vicks Action 500,Tablet,Cough & Cold,₹5.00,2,₹10.00,0.0,₹0.00,₹10.00,12.0,₹1.20,₹11.20,UPI,Walk-in,Monday,August
2026-08-31,INV-12918,Meftal Spas,Tablet,Pain Relief,₹3.80,8,₹30.40,2.0,₹0.61,₹29.79,5.0,₹1.49,₹31.28,UPI,Walk-in,Monday,August
2026-08-31,INV-12919,Cetirizine 10mg,Tablet,Allergy,₹1.80,2,₹3.60,0.0,₹0.00,₹3.60,18.0,₹0.65,₹4.25,Card,Walk-in,Monday,August
2026-08-31,INV-12920,Electral ORS,Sachet,Hydration,₹20.00,1,₹20.00,2.0,₹0.40,₹19.60,12.0,₹2.35,₹21.95,Cash,Walk-in,Monday,August
2026-09-01,INV-12921,Cough Syrup 100ml,Syrup,Cough & Cold,₹85.00,2,₹170.00,0.0,₹0.00,₹170.00,5.0,₹8.50,₹178.50,UPI,Regular,Tuesday,September
2026-09-01,INV-12922,Cetirizine 10mg,Tablet,Allergy,₹1.80,2,₹3.60,0.0,₹0.00,₹3.60,12.0,₹0.43,₹4.03,UPI,Walk-in,Tuesday,September
2026-09-01,INV-12923,Omeprazole 20mg,Capsule,Gastro,₹3.80,3,₹11.40,0.0,₹0.00,₹11.40,5.0,₹0.57,₹11.97,UPI,Walk-in,Tuesday,September
2026-09-01,INV-12924,Cough Syrup 100ml,Syrup,Cough & Cold,₹85.00,2,₹170.00,0.0,₹0.00,₹170.00,5.0,₹8.50,₹178.50,Card,Chronic,Tuesday,September
2026-09-01,INV-12925,Dettol Antiseptic 100ml,Liquid,Antiseptic,₹75.00,2,₹150.00,3.0,₹4.50,₹145.50,5.0,₹7.28,₹152.78,Cash,Regular,Tuesday,September
2026-09-01,INV-12926,Multivitamin Syrup 200ml,Syrup,Vitamins,₹145.00,2,₹290.00,3.0,₹8.70,₹281.30,18.0,₹50.63,₹331.93,UPI,Regular,Tuesday,September
2026-09-01,INV-12927,Volini Gel 30g,Gel,Pain Relief,₹110.00,3,₹330.00,0.0,₹0.00,₹330.00,12.0,₹39.60,₹369.60,UPI,Regular,Tuesday,September
2026-09-01,INV-12928,Azithromycin 500mg,Tablet,Antibiotic,₹12.50,6,₹75.00,2.0,₹1.50,₹73.50,12.0,₹8.82,₹82.32,UPI,Walk-in,Tuesday,September
2026-09-01,INV-12929,Volini Gel 30g,Gel,Pain Relief,₹110.00,3,₹330.00,2.0,₹6.60,₹323.40,5.0,₹16.17,₹339.57,Cash,New Customer,Tuesday,September
2026-09-01,INV-12930,Dettol Antiseptic 100ml,Liquid,Antiseptic,₹75.00,1,₹75.00,0.0,₹0.00,₹75.00,12.0,₹9.00,₹84.00,UPI,Walk-in,Tuesday,September
2026-09-01,INV-12931,Amoxicillin 500mg,Capsule,Antibiotic,₹8.50,2,₹17.00,0.0,₹0.00,₹17.00,5.0,₹0.85,₹17.85,Cash,Chronic,Tuesday,September
2026-09-01,INV-12932,Telmisartan 40mg,Tablet,Cardiac,₹4.20,1,₹4.20,0.0,₹0.00,₹4.20,18.0,₹0.76,₹4.96,UPI,Chronic,Tuesday,September
2026-09-01,INV-12933,ORS Lemon,Sachet,Hydration,₹22.00,4,₹88.00,0.0,₹0.00,₹88.00,5.0,₹4.40,₹92.40,UPI,Regular,Tuesday,September
2026-09-01,INV-12934,Amlodipine 5mg,Tablet,Cardiac,₹1.80,1,₹1.80,0.0,₹0.00,₹1.80,12.0,₹0.22,₹2.02,Cash,New Customer,Tuesday,September
2026-09-01,INV-12935,Metformin 500mg,Tablet,Diabetes,₹1.50,1,₹1.50,0.0,₹0.00,₹1.50,12.0,₹0.18,₹1.68,Card,Walk-in,Tuesday,September
2026-09-01,INV-12936,Digene Gel 200ml,Suspension,Gastro,₹125.00,2,₹250.00,3.0,₹7.50,₹242.50,5.0,₹12.12,₹254.62,UPI,Walk-in,Tuesday,September
2026-09-01,INV-12937,ORS Orange,Sachet,Hydration,₹20.00,2,₹40.00,3.0,₹1.20,₹38.80,5.0,₹1.94,₹40.74,Cash,Regular,Tuesday,September
2026-09-01,INV-12938,Paracetamol 500mg,Tablet,Pain Relief,₹2.50,5,₹12.50,2.0,₹0.25,₹12.25,5.0,₹0.61,₹12.86,UPI,Walk-in,Tuesday,September
2026-09-01,INV-12939,Amoxicillin 500mg,Capsule,Antibiotic,₹8.50,3,₹25.50,0.0,₹0.00,₹25.50,5.0,₹1.27,₹26.77,Cash,New Customer,Tuesday,September
2026-09-01,INV-12940,Amoxicillin 500mg,Capsule,Antibiotic,₹8.50,3,₹25.50,0.0,₹0.00,₹25.50,12.0,₹3.06,₹28.56,Cash,Walk-in,Tuesday,September
2026-09-01,INV-12941,Pantoprazole 40mg,Tablet,Gastro,₹4.50,2,₹9.00,3.0,₹0.27,₹8.73,18.0,₹1.57,₹10.30,UPI,Walk-in,Tuesday,September
2026-09-01,INV-12942,Vicks Action 500,Tablet,Cough & Cold,₹5.00,2,₹10.00,0.0,₹0.00,₹10.00,12.0,₹1.20,₹11.20,Cash,Chronic,Tuesday,September
2026-09-01,INV-12943,Vicks Action 500,Tablet,Cough & Cold,₹5.00,1,₹5.00,0.0,₹0.00,₹5.00,5.0,₹0.25,₹5.25,UPI,New Customer,Tuesday,September
2026-09-01,INV-12944,Vicks Action 500,Tablet,Cough & Cold,₹5.00,4,₹20.00,0.0,₹0.00,₹20.00,5.0,₹1.00,₹21.00,Cash,Walk-in,Tuesday,September
2026-09-01,INV-12945,Cough Syrup 100ml,Syrup,Cough & Cold,₹85.00,2,₹170.00,3.0,₹5.10,₹164.90,5.0,₹8.24,₹173.14,Cash,Walk-in,Tuesday,September
2026-09-01,INV-12946,Metformin 500mg,Tablet,Diabetes,₹1.50,3,₹4.50,3.0,₹0.14,₹4.36,5.0,₹0.22,₹4.58,Cash,Walk-in,Tuesday,September
2026-09-01,INV-12947,Atorvastatin 10mg,Tablet,Cardiac,₹3.20,2,₹6.40,0.0,₹0.00,₹6.40,12.0,₹0.77,₹7.17,UPI,Regular,Tuesday,September
2026-09-01,INV-12948,Telmisartan 40mg,Tablet,Cardiac,₹4.20,1,₹4.20,0.0,₹0.00,₹4.20,5.0,₹0.21,₹4.41,UPI,Regular,Tuesday,September
2026-09-01,INV-12949,ORS Orange,Sachet,Hydration,₹20.00,4,₹80.00,0.0,₹0.00,₹80.00,18.0,₹14.40,₹94.40,Cash,Walk-in,Tuesday,September
2026-09-01,INV-12950,B-Complex,Tablet,Vitamins,₹3.50,1,₹3.50,3.0,₹0.10,₹3.40,12.0,₹0.41,₹3.81,UPI,Walk-in,Tuesday,September
2026-09-01,INV-12951,Volini Gel 30g,Gel,Pain Relief,₹110.00,1,₹110.00,0.0,₹0.00,₹110.00,5.0,₹5.50,₹115.50,Cash,Chronic,Tuesday,September
2026-09-01,INV-12952,Dettol Antiseptic 100ml,Liquid,Antiseptic,₹75.00,2,₹150.00,0.0,₹0.00,₹150.00,5.0,₹7.50,₹157.50,UPI,Walk-in,Tuesday,September
2026-09-01,INV-12953,Betadine 100ml,Solution,Antiseptic,₹85.00,1,₹85.00,0.0,₹0.00,₹85.00,12.0,₹10.20,₹95.20,UPI,Regular,Tuesday,September
2026-09-01,INV-12954,Vicks Action 500,Tablet,Cough & Cold,₹5.00,6,₹30.00,2.0,₹0.60,₹29.40,18.0,₹5.29,₹34.69,UPI,Regular,Tuesday,September
2026-09-02,INV-12955,Cough Syrup 100ml,Syrup,Cough & Cold,₹85.00,4,₹340.00,3.0,₹10.20,₹329.80,12.0,₹39.58,₹369.38,Card,Walk-in,Wednesday,September
2026-09-02,INV-12956,Amlodipine 5mg,Tablet,Cardiac,₹1.80,1,₹1.80,0.0,₹0.00,₹1.80,18.0,₹0.32,₹2.12,UPI,Walk-in,Wednesday,September
2026-09-02,INV-12957,Vicks Action 500,Tablet,Cough & Cold,₹5.00,3,₹15.00,2.0,₹0.30,₹14.70,5.0,₹0.73,₹15.43,Cash,Regular,Wednesday,September
2026-09-02,INV-12958,Azithromycin 500mg,Tablet,Antibiotic,₹12.50,4,₹50.00,0.0,₹0.00,₹50.00,5.0,₹2.50,₹52.50,UPI,Walk-in,Wednesday,September
2026-09-02,INV-12959,Omeprazole 20mg,Capsule,Gastro,₹3.80,2,₹7.60,0.0,₹0.00,₹7.60,5.0,₹0.38,₹7.98,UPI,Walk-in,Wednesday,September
2026-09-02,INV-12960,Calcium + D3,Tablet,Vitamins,₹6.00,2,₹12.00,0.0,₹0.00,₹12.00,5.0,₹0.60,₹12.60,UPI,Chronic,Wednesday,September
2026-09-02,INV-12961,Crocin Advance,Tablet,Pain Relief,₹3.00,1,₹3.00,0.0,₹0.00,₹3.00,5.0,₹0.15,₹3.15,UPI,Regular,Wednesday,September
2026-09-02,INV-12962,Paracetamol 500mg,Tablet,Pain Relief,₹2.50,4,₹10.00,0.0,₹0.00,₹10.00,12.0,₹1.20,₹11.20,UPI,Walk-in,Wednesday,September
2026-09-02,INV-12963,Betadine 100ml,Solution,Antiseptic,₹85.00,6,₹510.00,0.0,₹0.00,₹510.00,5.0,₹25.50,₹535.50,Card,Walk-in,Wednesday,September
2026-09-02,INV-12964,ORS Orange,Sachet,Hydration,₹20.00,1,₹20.00,0.0,₹0.00,₹20.00,5.0,₹1.00,₹21.00,Cash,Walk-in,Wednesday,September
2026-09-02,INV-12965,Electral ORS,Sachet,Hydration,₹20.00,2,₹40.00,0.0,₹0.00,₹40.00,5.0,₹2.00,₹42.00,Cash,Chronic,Wednesday,September
2026-09-02,INV-12966,Paracetamol 500mg,Tablet,Pain Relief,₹2.50,3,₹7.50,0.0,₹0.00,₹7.50,5.0,₹0.38,₹7.88,UPI,Walk-in,Wednesday,September
2026-09-02,INV-12967,Vitamin C 500mg,Tablet,Vitamins,₹2.80,2,₹5.60,0.0,₹0.00,₹5.60,18.0,₹1.01,₹6.61,Cash,Walk-in,Wednesday,September
2026-09-02,INV-12968,Digene Gel 200ml,Suspension,Gastro,₹125.00,2,₹250.00,0.0,₹0.00,₹250.00,5.0,₹12.50,₹262.50,UPI,Chronic,Wednesday,September
2026-09-02,INV-12969,Omeprazole 20mg,Capsule,Gastro,₹3.80,2,₹7.60,3.0,₹0.23,₹7.37,5.0,₹0.37,₹7.74,UPI,Walk-in,Wednesday,September
2026-09-02,INV-12970,Amoxicillin 500mg,Capsule,Antibiotic,₹8.50,4,₹34.00,2.0,₹0.68,₹33.32,12.0,₹4.00,₹37.32,UPI,Regular,Wednesday,September
2026-09-02,INV-12971,Metformin 500mg,Tablet,Diabetes,₹1.50,2,₹3.00,0.0,₹0.00,₹3.00,12.0,₹0.36,₹3.36,Cash,New Customer,Wednesday,September
2026-09-02,INV-12972,Amlodipine 5mg,Tablet,Cardiac,₹1.80,3,₹5.40,0.0,₹0.00,₹5.40,12.0,₹0.65,₹6.05,Cash,Walk-in,Wednesday,September
2026-09-02,INV-12973,Omeprazole 20mg,Capsule,Gastro,₹3.80,3,₹11.40,0.0,₹0.00,₹11.40,5.0,₹0.57,₹11.97,UPI,Chronic,Wednesday,September
2026-09-02,INV-12974,B-Complex,Tablet,Vitamins,₹3.50,2,₹7.00,2.0,₹0.14,₹6.86,5.0,₹0.34,₹7.20,UPI,Regular,Wednesday,September
2026-09-02,INV-12975,Dettol Antiseptic 100ml,Liquid,Antiseptic,₹75.00,8,₹600.00,0.0,₹0.00,₹600.00,5.0,₹30.00,₹630.00,UPI,Walk-in,Wednesday,September
2026-09-02,INV-12976,B-Complex,Tablet,Vitamins,₹3.50,2,₹7.00,0.0,₹0.00,₹7.00,5.0,₹0.35,₹7.35,Card,New Customer,Wednesday,September
2026-09-02,INV-12977,Ondansetron 4mg,Tablet,Gastro,₹2.50,3,₹7.50,0.0,₹0.00,₹7.50,5.0,₹0.38,₹7.88,UPI,Regular,Wednesday,September
2026-09-02,INV-12978,B-Complex,Tablet,Vitamins,₹3.50,3,₹10.50,0.0,₹0.00,₹10.50,18.0,₹1.89,₹12.39,UPI,New Customer,Wednesday,September
2026-09-02,INV-12979,Betadine 100ml,Solution,Antiseptic,₹85.00,2,₹170.00,0.0,₹0.00,₹170.00,5.0,₹8.50,₹178.50,Card,Walk-in,Wednesday,September
2026-09-02,INV-12980,ORS Lemon,Sachet,Hydration,₹22.00,1,₹22.00,3.0,₹0.66,₹21.34,18.0,₹3.84,₹25.18,UPI,Walk-in,Wednesday,September
2026-09-02,INV-12981,ORS Lemon,Sachet,Hydration,₹22.00,3,₹66.00,3.0,₹1.98,₹64.02,12.0,₹7.68,₹71.70,Cash,Regular,Wednesday,September
2026-09-02,INV-12982,Vicks Action 500,Tablet,Cough & Cold,₹5.00,2,₹10.00,0.0,₹0.00,₹10.00,12.0,₹1.20,₹11.20,UPI,Walk-in,Wednesday,September
2026-09-02,INV-12983,Levocetirizine 5mg,Tablet,Allergy,₹2.20,1,₹2.20,0.0,₹0.00,₹2.20,5.0,₹0.11,₹2.31,Cash,Walk-in,Wednesday,September
2026-09-02,INV-12984,Dettol Antiseptic 100ml,Liquid,Antiseptic,₹75.00,4,₹300.00,0.0,₹0.00,₹300.00,5.0,₹15.00,₹315.00,UPI,Regular,Wednesday,September
2026-09-02,INV-12985,Vicks Action 500,Tablet,Cough & Cold,₹5.00,1,₹5.00,0.0,₹0.00,₹5.00,5.0,₹0.25,₹5.25,UPI,Chronic,Wednesday,September
2026-09-02,INV-12986,Amoxicillin 500mg,Capsule,Antibiotic,₹8.50,3,₹25.50,0.0,₹0.00,₹25.50,12.0,₹3.06,₹28.56,Card,Walk-in,Wednesday,September
2026-09-02,INV-12987,Cough Syrup 100ml,Syrup,Cough & Cold,₹85.00,3,₹255.00,5.0,₹12.75,₹242.25,5.0,₹12.11,₹254.36,Cash,Regular,Wednesday,September
2026-09-02,INV-12988,Levocetirizine 5mg,Tablet,Allergy,₹2.20,2,₹4.40,0.0,₹0.00,₹4.40,5.0,₹0.22,₹4.62,Cash,Regular,Wednesday,September
2026-09-02,INV-12989,Cough Syrup 100ml,Syrup,Cough & Cold,₹85.00,1,₹85.00,0.0,₹0.00,₹85.00,12.0,₹10.20,₹95.20,Cash,New Customer,Wednesday,September
2026-09-02,INV-12990,ORS Lemon,Sachet,Hydration,₹22.00,4,₹88.00,0.0,₹0.00,₹88.00,12.0,₹10.56,₹98.56,Card,Walk-in,Wednesday,September
2026-09-02,INV-12991,ORS Lemon,Sachet,Hydration,₹22.00,2,₹44.00,0.0,₹0.00,₹44.00,5.0,₹2.20,₹46.20,UPI,Walk-in,Wednesday,September
2026-09-02,INV-12992,Volini Gel 30g,Gel,Pain Relief,₹110.00,3,₹330.00,0.0,₹0.00,₹330.00,5.0,₹16.50,₹346.50,Cash,Walk-in,Wednesday,September
2026-09-02,INV-12993,Digene Gel 200ml,Suspension,Gastro,₹125.00,4,₹500.00,0.0,₹0.00,₹500.00,12.0,₹60.00,₹560.00,UPI,Chronic,Wednesday,September
2026-09-02,INV-12994,Cheston Cold,Tablet,Cough & Cold,₹4.00,1,₹4.00,2.0,₹0.08,₹3.92,18.0,₹0.71,₹4.63,UPI,Walk-in,Wednesday,September
2026-09-02,INV-12995,Ondansetron 4mg,Tablet,Gastro,₹2.50,6,₹15.00,0.0,₹0.00,₹15.00,5.0,₹0.75,₹15.75,Cash,Walk-in,Wednesday,September
2026-09-02,INV-12996,Dettol Antiseptic 100ml,Liquid,Antiseptic,₹75.00,1,₹75.00,0.0,₹0.00,₹75.00,5.0,₹3.75,₹78.75,Card,Chronic,Wednesday,September
2026-09-02,INV-12997,B-Complex,Tablet,Vitamins,₹3.50,2,₹7.00,0.0,₹0.00,₹7.00,12.0,₹0.84,₹7.84,Cash,Walk-in,Wednesday,September
2026-09-02,INV-12998,Metformin 500mg,Tablet,Diabetes,₹1.50,1,₹1.50,3.0,₹0.04,₹1.46,5.0,₹0.07,₹1.53,UPI,Walk-in,Wednesday,September
2026-09-03,INV-12999,Dolo 650,Tablet,Pain Relief,₹3.20,5,₹16.00,0.0,₹0.00,₹16.00,12.0,₹1.92,₹17.92,Cash,Walk-in,Thursday,September
2026-09-03,INV-13000,ORS Lemon,Sachet,Hydration,₹22.00,2,₹44.00,0.0,₹0.00,₹44.00,12.0,₹5.28,₹49.28,UPI,Walk-in,Thursday,September
2026-09-03,INV-13001,Meftal Spas,Tablet,Pain Relief,₹3.80,1,₹3.80,2.0,₹0.08,₹3.72,5.0,₹0.19,₹3.91,UPI,Regular,Thursday,September
2026-09-03,INV-13002,Metformin 500mg,Tablet,Diabetes,₹1.50,3,₹4.50,0.0,₹0.00,₹4.50,5.0,₹0.23,₹4.73,UPI,Walk-in,Thursday,September
2026-09-03,INV-13003,Vicks Action 500,Tablet,Cough & Cold,₹5.00,2,₹10.00,0.0,₹0.00,₹10.00,18.0,₹1.80,₹11.80,Cash,New Customer,Thursday,September
2026-09-03,INV-13004,Vitamin C 500mg,Tablet,Vitamins,₹2.80,3,₹8.40,0.0,₹0.00,₹8.40,5.0,₹0.42,₹8.82,UPI,Walk-in,Thursday,September
2026-09-03,INV-13005,Electral ORS,Sachet,Hydration,₹20.00,5,₹100.00,5.0,₹5.00,₹95.00,5.0,₹4.75,₹99.75,Card,Walk-in,Thursday,September
2026-09-03,INV-13006,Atorvastatin 10mg,Tablet,Cardiac,₹3.20,1,₹3.20,0.0,₹0.00,₹3.20,12.0,₹0.38,₹3.58,Cash,Walk-in,Thursday,September
2026-09-03,INV-13007,Amlodipine 5mg,Tablet,Cardiac,₹1.80,3,₹5.40,0.0,₹0.00,₹5.40,5.0,₹0.27,₹5.67,UPI,Walk-in,Thursday,September
2026-09-03,INV-13008,Calcium + D3,Tablet,Vitamins,₹6.00,4,₹24.00,0.0,₹0.00,₹24.00,5.0,₹1.20,₹25.20,UPI,Walk-in,Thursday,September
2026-09-03,INV-13009,Atorvastatin 10mg,Tablet,Cardiac,₹3.20,3,₹9.60,3.0,₹0.29,₹9.31,5.0,₹0.47,₹9.78,Card,Regular,Thursday,September
2026-09-03,INV-13010,Metformin 500mg,Tablet,Diabetes,₹1.50,4,₹6.00,0.0,₹0.00,₹6.00,12.0,₹0.72,₹6.72,UPI,New Customer,Thursday,September
2026-09-03,INV-13011,Vitamin C 500mg,Tablet,Vitamins,₹2.80,5,₹14.00,0.0,₹0.00,₹14.00,5.0,₹0.70,₹14.70,UPI,Chronic,Thursday,September
2026-09-03,INV-13012,Betadine 100ml,Solution,Antiseptic,₹85.00,4,₹340.00,0.0,₹0.00,₹340.00,5.0,₹17.00,₹357.00,UPI,Regular,Thursday,September
2026-09-03,INV-13013,Glimepiride 1mg,Tablet,Diabetes,₹2.00,2,₹4.00,0.0,₹0.00,₹4.00,18.0,₹0.72,₹4.72,UPI,Walk-in,Thursday,September
2026-09-03,INV-13014,Meftal Spas,Tablet,Pain Relief,₹3.80,2,₹7.60,0.0,₹0.00,₹7.60,5.0,₹0.38,₹7.98,Cash,New Customer,Thursday,September
2026-09-03,INV-13015,Cetirizine 10mg,Tablet,Allergy,₹1.80,2,₹3.60,2.0,₹0.07,₹3.53,5.0,₹0.18,₹3.71,Cash,Regular,Thursday,September
2026-09-03,INV-13016,Dolo 650,Tablet,Pain Relief,₹3.20,3,₹9.60,0.0,₹0.00,₹9.60,12.0,₹1.15,₹10.75,UPI,Chronic,Thursday,September
2026-09-03,INV-13017,Dolo 650,Tablet,Pain Relief,₹3.20,3,₹9.60,0.0,₹0.00,₹9.60,18.0,₹1.73,₹11.33,UPI,Regular,Thursday,September
2026-09-03,INV-13018,Glimepiride 1mg,Tablet,Diabetes,₹2.00,2,₹4.00,0.0,₹0.00,₹4.00,5.0,₹0.20,₹4.20,UPI,Walk-in,Thursday,September
2026-09-03,INV-13019,Dolo 650,Tablet,Pain Relief,₹3.20,2,₹6.40,0.0,₹0.00,₹6.40,12.0,₹0.77,₹7.17,UPI,Walk-in,Thursday,September
2026-09-03,INV-13020,Pantoprazole 40mg,Tablet,Gastro,₹4.50,4,₹18.00,5.0,₹0.90,₹17.10,18.0,₹3.08,₹20.18,UPI,Walk-in,Thursday,September
2026-09-03,INV-13021,Multivitamin Syrup 200ml,Syrup,Vitamins,₹145.00,3,₹435.00,0.0,₹0.00,₹435.00,5.0,₹21.75,₹456.75,Cash,Walk-in,Thursday,September
2026-09-03,INV-13022,Levocetirizine 5mg,Tablet,Allergy,₹2.20,1,₹2.20,3.0,₹0.07,₹2.13,12.0,₹0.26,₹2.39,UPI,Regular,Thursday,September
2026-09-03,INV-13023,Paracetamol 500mg,Tablet,Pain Relief,₹2.50,4,₹10.00,3.0,₹0.30,₹9.70,18.0,₹1.75,₹11.45,Card,Walk-in,Thursday,September
2026-09-03,INV-13024,Azithromycin 500mg,Tablet,Antibiotic,₹12.50,3,₹37.50,0.0,₹0.00,₹37.50,18.0,₹6.75,₹44.25,UPI,Regular,Thursday,September
2026-09-03,INV-13025,Electral ORS,Sachet,Hydration,₹20.00,2,₹40.00,0.0,₹0.00,₹40.00,5.0,₹2.00,₹42.00,Cash,Walk-in,Thursday,September
2026-09-03,INV-13026,Cough Syrup 100ml,Syrup,Cough & Cold,₹85.00,2,₹170.00,2.0,₹3.40,₹166.60,5.0,₹8.33,₹174.93,Cash,Regular,Thursday,September
2026-09-03,INV-13027,Levocetirizine 5mg,Tablet,Allergy,₹2.20,1,₹2.20,0.0,₹0.00,₹2.20,5.0,₹0.11,₹2.31,Cash,Regular,Thursday,September
2026-09-04,INV-13028,Azithromycin 500mg,Tablet,Antibiotic,₹12.50,2,₹25.00,0.0,₹0.00,₹25.00,18.0,₹4.50,₹29.50,UPI,Walk-in,Friday,September
2026-09-04,INV-13029,Volini Gel 30g,Gel,Pain Relief,₹110.00,1,₹110.00,0.0,₹0.00,₹110.00,5.0,₹5.50,₹115.50,UPI,Walk-in,Friday,September
2026-09-04,INV-13030,Metformin 500mg,Tablet,Diabetes,₹1.50,5,₹7.50,5.0,₹0.38,₹7.12,5.0,₹0.36,₹7.48,UPI,Chronic,Friday,September
2026-09-04,INV-13031,Azithromycin 500mg,Tablet,Antibiotic,₹12.50,3,₹37.50,0.0,₹0.00,₹37.50,5.0,₹1.88,₹39.38,UPI,Walk-in,Friday,September
2026-09-04,INV-13032,Multivitamin Syrup 200ml,Syrup,Vitamins,₹145.00,2,₹290.00,2.0,₹5.80,₹284.20,12.0,₹34.10,₹318.30,UPI,New Customer,Friday,September
2026-09-04,INV-13033,Electral ORS,Sachet,Hydration,₹20.00,1,₹20.00,0.0,₹0.00,₹20.00,18.0,₹3.60,₹23.60,UPI,New Customer,Friday,September
2026-09-04,INV-13034,Cetirizine 10mg,Tablet,Allergy,₹1.80,3,₹5.40,0.0,₹0.00,₹5.40,5.0,₹0.27,₹5.67,UPI,Walk-in,Friday,September
2026-09-04,INV-13035,Azithromycin 500mg,Tablet,Antibiotic,₹12.50,3,₹37.50,3.0,₹1.12,₹36.38,12.0,₹4.37,₹40.75,Card,Walk-in,Friday,September
2026-09-04,INV-13036,Omeprazole 20mg,Capsule,Gastro,₹3.80,4,₹15.20,0.0,₹0.00,₹15.20,12.0,₹1.82,₹17.02,UPI,Regular,Friday,September
2026-09-04,INV-13037,Omeprazole 20mg,Capsule,Gastro,₹3.80,3,₹11.40,0.0,₹0.00,₹11.40,5.0,₹0.57,₹11.97,UPI,Walk-in,Friday,September
2026-09-04,INV-13038,Crocin Advance,Tablet,Pain Relief,₹3.00,2,₹6.00,0.0,₹0.00,₹6.00,5.0,₹0.30,₹6.30,Card,Walk-in,Friday,September
2026-09-04,INV-13039,Meftal Spas,Tablet,Pain Relief,₹3.80,4,₹15.20,0.0,₹0.00,₹15.20,5.0,₹0.76,₹15.96,UPI,Regular,Friday,September
2026-09-04,INV-13040,Dettol Antiseptic 100ml,Liquid,Antiseptic,₹75.00,5,₹375.00,0.0,₹0.00,₹375.00,5.0,₹18.75,₹393.75,UPI,Walk-in,Friday,September
2026-09-04,INV-13041,Amoxicillin 500mg,Capsule,Antibiotic,₹8.50,5,₹42.50,2.0,₹0.85,₹41.65,12.0,₹5.00,₹46.65,Cash,Regular,Friday,September
2026-09-04,INV-13042,Metformin 500mg,Tablet,Diabetes,₹1.50,5,₹7.50,0.0,₹0.00,₹7.50,12.0,₹0.90,₹8.40,Card,Regular,Friday,September
2026-09-04,INV-13043,Dettol Antiseptic 100ml,Liquid,Antiseptic,₹75.00,6,₹450.00,0.0,₹0.00,₹450.00,5.0,₹22.50,₹472.50,Cash,Walk-in,Friday,September
2026-09-04,INV-13044,Omeprazole 20mg,Capsule,Gastro,₹3.80,1,₹3.80,0.0,₹0.00,₹3.80,5.0,₹0.19,₹3.99,UPI,Walk-in,Friday,September
2026-09-04,INV-13045,Dolo 650,Tablet,Pain Relief,₹3.20,1,₹3.20,0.0,₹0.00,₹3.20,18.0,₹0.58,₹3.78,UPI,Walk-in,Friday,September
2026-09-04,INV-13046,Crocin Advance,Tablet,Pain Relief,₹3.00,2,₹6.00,3.0,₹0.18,₹5.82,12.0,₹0.70,₹6.52,Cash,Chronic,Friday,September
2026-09-04,INV-13047,Volini Gel 30g,Gel,Pain Relief,₹110.00,4,₹440.00,0.0,₹0.00,₹440.00,12.0,₹52.80,₹492.80,Card,Regular,Friday,September
2026-09-04,INV-13048,Cheston Cold,Tablet,Cough & Cold,₹4.00,4,₹16.00,0.0,₹0.00,₹16.00,18.0,₹2.88,₹18.88,UPI,Walk-in,Friday,September
2026-09-04,INV-13049,Vitamin C 500mg,Tablet,Vitamins,₹2.80,2,₹5.60,0.0,₹0.00,₹5.60,12.0,₹0.67,₹6.27,Cash,Walk-in,Friday,September
2026-09-04,INV-13050,Glimepiride 1mg,Tablet,Diabetes,₹2.00,2,₹4.00,0.0,₹0.00,₹4.00,12.0,₹0.48,₹4.48,Cash,Walk-in,Friday,September
2026-09-04,INV-13051,Amoxicillin 500mg,Capsule,Antibiotic,₹8.50,1,₹8.50,0.0,₹0.00,₹8.50,5.0,₹0.42,₹8.92,UPI,New Customer,Friday,September
2026-09-04,INV-13052,ORS Lemon,Sachet,Hydration,₹22.00,1,₹22.00,0.0,₹0.00,₹22.00,12.0,₹2.64,₹24.64,UPI,Walk-in,Friday,September
2026-09-04,INV-13053,Dettol Antiseptic 100ml,Liquid,Antiseptic,₹75.00,2,₹150.00,0.0,₹0.00,₹150.00,5.0,₹7.50,₹157.50,Cash,Chronic,Friday,September
2026-09-04,INV-13054,Metformin 500mg,Tablet,Diabetes,₹1.50,1,₹1.50,0.0,₹0.00,₹1.50,5.0,₹0.07,₹1.57,UPI,Chronic,Friday,September
2026-09-04,INV-13055,Calcium + D3,Tablet,Vitamins,₹6.00,1,₹6.00,0.0,₹0.00,₹6.00,18.0,₹1.08,₹7.08,UPI,Walk-in,Friday,September
2026-09-04,INV-13056,Calcium + D3,Tablet,Vitamins,₹6.00,1,₹6.00,0.0,₹0.00,₹6.00,12.0,₹0.72,₹6.72,Cash,Chronic,Friday,September
2026-09-04,INV-13057,Meftal Spas,Tablet,Pain Relief,₹3.80,6,₹22.80,0.0,₹0.00,₹22.80,5.0,₹1.14,₹23.94,Cash,Regular,Friday,September
2026-09-04,INV-13058,B-Complex,Tablet,Vitamins,₹3.50,2,₹7.00,0.0,₹0.00,₹7.00,12.0,₹0.84,₹7.84,Cash,Walk-in,Friday,September
2026-09-04,INV-13059,Glimepiride 1mg,Tablet,Diabetes,₹2.00,2,₹4.00,2.0,₹0.08,₹3.92,5.0,₹0.20,₹4.12,Cash,Chronic,Friday,September
2026-09-04,INV-13060,Multivitamin Syrup 200ml,Syrup,Vitamins,₹145.00,1,₹145.00,5.0,₹7.25,₹137.75,12.0,₹16.53,₹154.28,UPI,Regular,Friday,September
2026-09-04,INV-13061,Pantoprazole 40mg,Tablet,Gastro,₹4.50,2,₹9.00,0.0,₹0.00,₹9.00,12.0,₹1.08,₹10.08,Card,Walk-in,Friday,September
2026-09-04,INV-13062,Pantoprazole 40mg,Tablet,Gastro,₹4.50,3,₹13.50,0.0,₹0.00,₹13.50,12.0,₹1.62,₹15.12,UPI,Walk-in,Friday,September
2026-09-04,INV-13063,Multivitamin Syrup 200ml,Syrup,Vitamins,₹145.00,4,₹580.00,0.0,₹0.00,₹580.00,12.0,₹69.60,₹649.60,Cash,Regular,Friday,September
2026-09-04,INV-13064,Atorvastatin 10mg,Tablet,Cardiac,₹3.20,2,₹6.40,2.0,₹0.13,₹6.27,5.0,₹0.31,₹6.58,UPI,Walk-in,Friday,September
2026-09-04,INV-13065,Multivitamin Syrup 200ml,Syrup,Vitamins,₹145.00,2,₹290.00,0.0,₹0.00,₹290.00,5.0,₹14.50,₹304.50,Card,Regular,Friday,September
2026-09-04,INV-13066,Atorvastatin 10mg,Tablet,Cardiac,₹3.20,1,₹3.20,2.0,₹0.06,₹3.14,5.0,₹0.16,₹3.30,Cash,Regular,Friday,September
2026-09-04,INV-13067,Crocin Advance,Tablet,Pain Relief,₹3.00,1,₹3.00,0.0,₹0.00,₹3.00,5.0,₹0.15,₹3.15,Cash,Regular,Friday,September
2026-09-04,INV-13068,Paracetamol 500mg,Tablet,Pain Relief,₹2.50,5,₹12.50,0.0,₹0.00,₹12.50,12.0,₹1.50,₹14.00,UPI,Walk-in,Friday,September
2026-09-04,INV-13069,Atorvastatin 10mg,Tablet,Cardiac,₹3.20,1,₹3.20,5.0,₹0.16,₹3.04,12.0,₹0.36,₹3.40,UPI,Walk-in,Friday,September
2026-09-05,INV-13070,Glimepiride 1mg,Tablet,Diabetes,₹2.00,1,₹2.00,0.0,₹0.00,₹2.00,18.0,₹0.36,₹2.36,UPI,Walk-in,Saturday,September
2026-09-05,INV-13071,ORS Lemon,Sachet,Hydration,₹22.00,2,₹44.00,0.0,₹0.00,₹44.00,5.0,₹2.20,₹46.20,UPI,Chronic,Saturday,September
2026-09-05,INV-13072,Betadine 100ml,Solution,Antiseptic,₹85.00,3,₹255.00,0.0,₹0.00,₹255.00,5.0,₹12.75,₹267.75,UPI,Walk-in,Saturday,September
2026-09-05,INV-13073,Digene Gel 200ml,Suspension,Gastro,₹125.00,1,₹125.00,0.0,₹0.00,₹125.00,5.0,₹6.25,₹131.25,Cash,Regular,Saturday,September
2026-09-05,INV-13074,Vitamin C 500mg,Tablet,Vitamins,₹2.80,1,₹2.80,0.0,₹0.00,₹2.80,5.0,₹0.14,₹2.94,Cash,Walk-in,Saturday,September
2026-09-05,INV-13075,Electral ORS,Sachet,Hydration,₹20.00,2,₹40.00,0.0,₹0.00,₹40.00,5.0,₹2.00,₹42.00,UPI,Regular,Saturday,September
2026-09-05,INV-13076,Digene Gel 200ml,Suspension,Gastro,₹125.00,1,₹125.00,0.0,₹0.00,₹125.00,12.0,₹15.00,₹140.00,Cash,Walk-in,Saturday,September
2026-09-05,INV-13077,ORS Orange,Sachet,Hydration,₹20.00,1,₹20.00,5.0,₹1.00,₹19.00,12.0,₹2.28,₹21.28,Cash,Chronic,Saturday,September
2026-09-05,INV-13078,Calcium + D3,Tablet,Vitamins,₹6.00,2,₹12.00,0.0,₹0.00,₹12.00,5.0,₹0.60,₹12.60,UPI,Chronic,Saturday,September
2026-09-05,INV-13079,Vicks Action 500,Tablet,Cough & Cold,₹5.00,1,₹5.00,0.0,₹0.00,₹5.00,12.0,₹0.60,₹5.60,Cash,New Customer,Saturday,September
2026-09-05,INV-13080,Cough Syrup 100ml,Syrup,Cough & Cold,₹85.00,1,₹85.00,0.0,₹0.00,₹85.00,18.0,₹15.30,₹100.30,Cash,Chronic,Saturday,September
2026-09-05,INV-13081,B-Complex,Tablet,Vitamins,₹3.50,1,₹3.50,0.0,₹0.00,₹3.50,5.0,₹0.17,₹3.67,Card,Walk-in,Saturday,September
2026-09-05,INV-13082,Dolo 650,Tablet,Pain Relief,₹3.20,2,₹6.40,0.0,₹0.00,₹6.40,12.0,₹0.77,₹7.17,Cash,New Customer,Saturday,September
2026-09-05,INV-13083,Betadine 100ml,Solution,Antiseptic,₹85.00,2,₹170.00,0.0,₹0.00,₹170.00,5.0,₹8.50,₹178.50,UPI,Walk-in,Saturday,September
2026-09-05,INV-13084,Cough Syrup 100ml,Syrup,Cough & Cold,₹85.00,1,₹85.00,0.0,₹0.00,₹85.00,5.0,₹4.25,₹89.25,Cash,Walk-in,Saturday,September
2026-09-05,INV-13085,Levocetirizine 5mg,Tablet,Allergy,₹2.20,1,₹2.20,5.0,₹0.11,₹2.09,5.0,₹0.10,₹2.19,UPI,Walk-in,Saturday,September
2026-09-05,INV-13086,Paracetamol 500mg,Tablet,Pain Relief,₹2.50,2,₹5.00,0.0,₹0.00,₹5.00,5.0,₹0.25,₹5.25,UPI,Regular,Saturday,September
2026-09-05,INV-13087,Multivitamin Syrup 200ml,Syrup,Vitamins,₹145.00,6,₹870.00,0.0,₹0.00,₹870.00,12.0,₹104.40,₹974.40,UPI,Regular,Saturday,September
2026-09-05,INV-13088,Digene Gel 200ml,Suspension,Gastro,₹125.00,3,₹375.00,0.0,₹0.00,₹375.00,5.0,₹18.75,₹393.75,UPI,Walk-in,Saturday,September
2026-09-05,INV-13089,Crocin Advance,Tablet,Pain Relief,₹3.00,3,₹9.00,0.0,₹0.00,₹9.00,5.0,₹0.45,₹9.45,Cash,New Customer,Saturday,September
2026-09-05,INV-13090,ORS Orange,Sachet,Hydration,₹20.00,1,₹20.00,0.0,₹0.00,₹20.00,5.0,₹1.00,₹21.00,UPI,Walk-in,Saturday,September
2026-09-05,INV-13091,ORS Orange,Sachet,Hydration,₹20.00,1,₹20.00,0.0,₹0.00,₹20.00,5.0,₹1.00,₹21.00,Cash,Walk-in,Saturday,September
2026-09-05,INV-13092,Cough Syrup 100ml,Syrup,Cough & Cold,₹85.00,1,₹85.00,0.0,₹0.00,₹85.00,5.0,₹4.25,₹89.25,Card,Chronic,Saturday,September
2026-09-05,INV-13093,Vitamin C 500mg,Tablet,Vitamins,₹2.80,1,₹2.80,0.0,₹0.00,₹2.80,5.0,₹0.14,₹2.94,UPI,New Customer,Saturday,September
2026-09-05,INV-13094,Amoxicillin 500mg,Capsule,Antibiotic,₹8.50,3,₹25.50,3.0,₹0.77,₹24.73,5.0,₹1.24,₹25.97,UPI,Walk-in,Saturday,September
2026-09-05,INV-13095,Vitamin C 500mg,Tablet,Vitamins,₹2.80,1,₹2.80,0.0,₹0.00,₹2.80,5.0,₹0.14,₹2.94,UPI,Walk-in,Saturday,September
2026-09-05,INV-13096,ORS Orange,Sachet,Hydration,₹20.00,4,₹80.00,0.0,₹0.00,₹80.00,5.0,₹4.00,₹84.00,Cash,Walk-in,Saturday,September
2026-09-05,INV-13097,Crocin Advance,Tablet,Pain Relief,₹3.00,1,₹3.00,2.0,₹0.06,₹2.94,5.0,₹0.15,₹3.09,Cash,Regular,Saturday,September
2026-09-05,INV-13098,Cough Syrup 100ml,Syrup,Cough & Cold,₹85.00,6,₹510.00,0.0,₹0.00,₹510.00,12.0,₹61.20,₹571.20,Card,Walk-in,Saturday,September
2026-09-05,INV-13099,Amoxicillin 500mg,Capsule,Antibiotic,₹8.50,4,₹34.00,0.0,₹0.00,₹34.00,5.0,₹1.70,₹35.70,Cash,Walk-in,Saturday,September
2026-09-05,INV-13100,Dettol Antiseptic 100ml,Liquid,Antiseptic,₹75.00,1,₹75.00,0.0,₹0.00,₹75.00,5.0,₹3.75,₹78.75,UPI,Regular,Saturday,September
2026-09-05,INV-13101,Paracetamol 500mg,Tablet,Pain Relief,₹2.50,1,₹2.50,0.0,₹0.00,₹2.50,5.0,₹0.12,₹2.62,UPI,Regular,Saturday,September
2026-09-05,INV-13102,Glimepiride 1mg,Tablet,Diabetes,₹2.00,3,₹6.00,0.0,₹0.00,₹6.00,5.0,₹0.30,₹6.30,Card,Walk-in,Saturday,September
2026-09-05,INV-13103,Multivitamin Syrup 200ml,Syrup,Vitamins,₹145.00,1,₹145.00,0.0,₹0.00,₹145.00,5.0,₹7.25,₹152.25,UPI,Regular,Saturday,September
2026-09-05,INV-13104,Omeprazole 20mg,Capsule,Gastro,₹3.80,1,₹3.80,0.0,₹0.00,₹3.80,12.0,₹0.46,₹4.26,UPI,Walk-in,Saturday,September
2026-09-05,INV-13105,ORS Lemon,Sachet,Hydration,₹22.00,2,₹44.00,0.0,₹0.00,₹44.00,12.0,₹5.28,₹49.28,UPI,Chronic,Saturday,September
2026-09-05,INV-13106,ORS Orange,Sachet,Hydration,₹20.00,1,₹20.00,0.0,₹0.00,₹20.00,12.0,₹2.40,₹22.40,Card,Walk-in,Saturday,September
2026-09-05,INV-13107,ORS Lemon,Sachet,Hydration,₹22.00,4,₹88.00,0.0,₹0.00,₹88.00,5.0,₹4.40,₹92.40,UPI,Walk-in,Saturday,September
2026-09-05,INV-13108,B-Complex,Tablet,Vitamins,₹3.50,1,₹3.50,5.0,₹0.17,₹3.33,5.0,₹0.17,₹3.50,UPI,Regular,Saturday,September
2026-09-05,INV-13109,Glimepiride 1mg,Tablet,Diabetes,₹2.00,1,₹2.00,0.0,₹0.00,₹2.00,5.0,₹0.10,₹2.10,Cash,Walk-in,Saturday,September
2026-09-05,INV-13110,Multivitamin Syrup 200ml,Syrup,Vitamins,₹145.00,2,₹290.00,0.0,₹0.00,₹290.00,12.0,₹34.80,₹324.80,Card,Walk-in,Saturday,September
2026-09-05,INV-13111,Cough Syrup 100ml,Syrup,Cough & Cold,₹85.00,1,₹85.00,0.0,₹0.00,₹85.00,5.0,₹4.25,₹89.25,Cash,Regular,Saturday,September
2026-09-05,INV-13112,ORS Orange,Sachet,Hydration,₹20.00,1,₹20.00,2.0,₹0.40,₹19.60,5.0,₹0.98,₹20.58,Cash,Walk-in,Saturday,September
2026-09-05,INV-13113,Digene Gel 200ml,Suspension,Gastro,₹125.00,2,₹250.00,0.0,₹0.00,₹250.00,5.0,₹12.50,₹262.50,UPI,Walk-in,Saturday,September
2026-09-06,INV-13114,Electral ORS,Sachet,Hydration,₹20.00,3,₹60.00,0.0,₹0.00,₹60.00,5.0,₹3.00,₹63.00,Cash,New Customer,Sunday,September
2026-09-06,INV-13115,Cetirizine 10mg,Tablet,Allergy,₹1.80,8,₹14.40,0.0,₹0.00,₹14.40,5.0,₹0.72,₹15.12,Cash,Walk-in,Sunday,September
2026-09-06,INV-13116,Paracetamol 500mg,Tablet,Pain Relief,₹2.50,3,₹7.50,0.0,₹0.00,₹7.50,5.0,₹0.38,₹7.88,UPI,Walk-in,Sunday,September
2026-09-06,INV-13117,Cetirizine 10mg,Tablet,Allergy,₹1.80,3,₹5.40,0.0,₹0.00,₹5.40,5.0,₹0.27,₹5.67,UPI,Regular,Sunday,September
2026-09-06,INV-13118,Amoxicillin 500mg,Capsule,Antibiotic,₹8.50,4,₹34.00,0.0,₹0.00,₹34.00,5.0,₹1.70,₹35.70,UPI,Walk-in,Sunday,September
2026-09-06,INV-13119,Levocetirizine 5mg,Tablet,Allergy,₹2.20,2,₹4.40,0.0,₹0.00,₹4.40,12.0,₹0.53,₹4.93,Cash,Chronic,Sunday,September
2026-09-06,INV-13120,Vicks Action 500,Tablet,Cough & Cold,₹5.00,2,₹10.00,0.0,₹0.00,₹10.00,12.0,₹1.20,₹11.20,Card,Walk-in,Sunday,September
2026-09-06,INV-13121,Vitamin C 500mg,Tablet,Vitamins,₹2.80,6,₹16.80,0.0,₹0.00,₹16.80,5.0,₹0.84,₹17.64,Card,Regular,Sunday,September
2026-09-06,INV-13122,Vitamin C 500mg,Tablet,Vitamins,₹2.80,1,₹2.80,0.0,₹0.00,₹2.80,5.0,₹0.14,₹2.94,Cash,Regular,Sunday,September
2026-09-06,INV-13123,Levocetirizine 5mg,Tablet,Allergy,₹2.20,4,₹8.80,0.0,₹0.00,₹8.80,5.0,₹0.44,₹9.24,UPI,New Customer,Sunday,September
2026-09-06,INV-13124,Dolo 650,Tablet,Pain Relief,₹3.20,3,₹9.60,2.0,₹0.19,₹9.41,5.0,₹0.47,₹9.88,Cash,Regular,Sunday,September
2026-09-06,INV-13125,Dettol Antiseptic 100ml,Liquid,Antiseptic,₹75.00,3,₹225.00,0.0,₹0.00,₹225.00,5.0,₹11.25,₹236.25,UPI,Chronic,Sunday,September
2026-09-06,INV-13126,Paracetamol 500mg,Tablet,Pain Relief,₹2.50,3,₹7.50,3.0,₹0.23,₹7.27,5.0,₹0.36,₹7.63,Card,Chronic,Sunday,September
2026-09-06,INV-13127,Multivitamin Syrup 200ml,Syrup,Vitamins,₹145.00,8,"₹1,160.00",0.0,₹0.00,"₹1,160.00",18.0,₹208.80,"₹1,368.80",UPI,Walk-in,Sunday,September
2026-09-06,INV-13128,Meftal Spas,Tablet,Pain Relief,₹3.80,3,₹11.40,2.0,₹0.23,₹11.17,12.0,₹1.34,₹12.51,Cash,Chronic,Sunday,September
2026-09-06,INV-13129,Digene Gel 200ml,Suspension,Gastro,₹125.00,3,₹375.00,0.0,₹0.00,₹375.00,5.0,₹18.75,₹393.75,UPI,Walk-in,Sunday,September
2026-09-06,INV-13130,Amlodipine 5mg,Tablet,Cardiac,₹1.80,1,₹1.80,0.0,₹0.00,₹1.80,5.0,₹0.09,₹1.89,Cash,Walk-in,Sunday,September
2026-09-06,INV-13131,Vitamin C 500mg,Tablet,Vitamins,₹2.80,5,₹14.00,0.0,₹0.00,₹14.00,12.0,₹1.68,₹15.68,UPI,Regular,Sunday,September
2026-09-06,INV-13132,Levocetirizine 5mg,Tablet,Allergy,₹2.20,5,₹11.00,0.0,₹0.00,₹11.00,5.0,₹0.55,₹11.55,Cash,New Customer,Sunday,September
2026-09-06,INV-13133,Telmisartan 40mg,Tablet,Cardiac,₹4.20,1,₹4.20,0.0,₹0.00,₹4.20,5.0,₹0.21,₹4.41,Cash,New Customer,Sunday,September
2026-09-06,INV-13134,Vicks Action 500,Tablet,Cough & Cold,₹5.00,5,₹25.00,5.0,₹1.25,₹23.75,5.0,₹1.19,₹24.94,UPI,Walk-in,Sunday,September
2026-09-06,INV-13135,Crocin Advance,Tablet,Pain Relief,₹3.00,2,₹6.00,0.0,₹0.00,₹6.00,18.0,₹1.08,₹7.08,UPI,Walk-in,Sunday,September
2026-09-06,INV-13136,ORS Orange,Sachet,Hydration,₹20.00,2,₹40.00,0.0,₹0.00,₹40.00,5.0,₹2.00,₹42.00,Card,Walk-in,Sunday,September
2026-09-06,INV-13137,ORS Lemon,Sachet,Hydration,₹22.00,1,₹22.00,0.0,₹0.00,₹22.00,5.0,₹1.10,₹23.10,UPI,Walk-in,Sunday,September
2026-09-06,INV-13138,ORS Orange,Sachet,Hydration,₹20.00,8,₹160.00,0.0,₹0.00,₹160.00,5.0,₹8.00,₹168.00,UPI,Walk-in,Sunday,September
2026-09-06,INV-13139,Betadine 100ml,Solution,Antiseptic,₹85.00,2,₹170.00,3.0,₹5.10,₹164.90,5.0,₹8.24,₹173.14,UPI,Walk-in,Sunday,September
2026-09-06,INV-13140,Betadine 100ml,Solution,Antiseptic,₹85.00,1,₹85.00,0.0,₹0.00,₹85.00,5.0,₹4.25,₹89.25,UPI,Walk-in,Sunday,September
2026-09-06,INV-13141,Electral ORS,Sachet,Hydration,₹20.00,3,₹60.00,0.0,₹0.00,₹60.00,5.0,₹3.00,₹63.00,Cash,New Customer,Sunday,September
2026-09-06,INV-13142,Amoxicillin 500mg,Capsule,Antibiotic,₹8.50,3,₹25.50,0.0,₹0.00,₹25.50,5.0,₹1.27,₹26.77,UPI,Walk-in,Sunday,September
2026-09-06,INV-13143,Dolo 650,Tablet,Pain Relief,₹3.20,1,₹3.20,0.0,₹0.00,₹3.20,5.0,₹0.16,₹3.36,Card,Regular,Sunday,September
2026-09-06,INV-13144,Pantoprazole 40mg,Tablet,Gastro,₹4.50,2,₹9.00,3.0,₹0.27,₹8.73,18.0,₹1.57,₹10.30,UPI,Walk-in,Sunday,September
2026-09-06,INV-13145,Calcium + D3,Tablet,Vitamins,₹6.00,2,₹12.00,0.0,₹0.00,₹12.00,18.0,₹2.16,₹14.16,UPI,Chronic,Sunday,September
2026-09-06,INV-13146,Pantoprazole 40mg,Tablet,Gastro,₹4.50,5,₹22.50,0.0,₹0.00,₹22.50,5.0,₹1.12,₹23.62,Card,Walk-in,Sunday,September
2026-09-06,INV-13147,Meftal Spas,Tablet,Pain Relief,₹3.80,2,₹7.60,0.0,₹0.00,₹7.60,18.0,₹1.37,₹8.97,UPI,Walk-in,Sunday,September
2026-09-06,INV-13148,Cetirizine 10mg,Tablet,Allergy,₹1.80,1,₹1.80,0.0,₹0.00,₹1.80,12.0,₹0.22,₹2.02,Card,Walk-in,Sunday,September
2026-09-06,INV-13149,Paracetamol 500mg,Tablet,Pain Relief,₹2.50,3,₹7.50,0.0,₹0.00,₹7.50,18.0,₹1.35,₹8.85,UPI,Walk-in,Sunday,September
2026-09-06,INV-13150,Ondansetron 4mg,Tablet,Gastro,₹2.50,1,₹2.50,0.0,₹0.00,₹2.50,12.0,₹0.30,₹2.80,Cash,Regular,Sunday,September
2026-09-06,INV-13151,Paracetamol 500mg,Tablet,Pain Relief,₹2.50,6,₹15.00,0.0,₹0.00,₹15.00,5.0,₹0.75,₹15.75,UPI,New Customer,Sunday,September
2026-09-06,INV-13152,Pantoprazole 40mg,Tablet,Gastro,₹4.50,2,₹9.00,0.0,₹0.00,₹9.00,5.0,₹0.45,₹9.45,UPI,Chronic,Sunday,September
2026-09-06,INV-13153,Electral ORS,Sachet,Hydration,₹20.00,2,₹40.00,0.0,₹0.00,₹40.00,5.0,₹2.00,₹42.00,Card,Chronic,Sunday,September
2026-09-06,INV-13154,Amlodipine 5mg,Tablet,Cardiac,₹1.80,3,₹5.40,0.0,₹0.00,₹5.40,18.0,₹0.97,₹6.37,UPI,New Customer,Sunday,September
2026-09-06,INV-13155,Ondansetron 4mg,Tablet,Gastro,₹2.50,5,₹12.50,0.0,₹0.00,₹12.50,5.0,₹0.62,₹13.12,UPI,New Customer,Sunday,September
2026-09-07,INV-13156,Dettol Antiseptic 100ml,Liquid,Antiseptic,₹75.00,3,₹225.00,0.0,₹0.00,₹225.00,12.0,₹27.00,₹252.00,UPI,Chronic,Monday,September
2026-09-07,INV-13157,B-Complex,Tablet,Vitamins,₹3.50,4,₹14.00,3.0,₹0.42,₹13.58,5.0,₹0.68,₹14.26,Card,Regular,Monday,September
2026-09-07,INV-13158,Glimepiride 1mg,Tablet,Diabetes,₹2.00,2,₹4.00,2.0,₹0.08,₹3.92,5.0,₹0.20,₹4.12,Cash,Walk-in,Monday,September
2026-09-07,INV-13159,Vicks Action 500,Tablet,Cough & Cold,₹5.00,3,₹15.00,0.0,₹0.00,₹15.00,12.0,₹1.80,₹16.80,UPI,Walk-in,Monday,September
2026-09-07,INV-13160,Electral ORS,Sachet,Hydration,₹20.00,2,₹40.00,0.0,₹0.00,₹40.00,5.0,₹2.00,₹42.00,UPI,Regular,Monday,September
2026-09-07,INV-13161,B-Complex,Tablet,Vitamins,₹3.50,3,₹10.50,0.0,₹0.00,₹10.50,5.0,₹0.53,₹11.03,UPI,Walk-in,Monday,September
2026-09-07,INV-13162,Cetirizine 10mg,Tablet,Allergy,₹1.80,4,₹7.20,0.0,₹0.00,₹7.20,12.0,₹0.86,₹8.06,Cash,Walk-in,Monday,September
2026-09-07,INV-13163,Volini Gel 30g,Gel,Pain Relief,₹110.00,3,₹330.00,0.0,₹0.00,₹330.00,5.0,₹16.50,₹346.50,UPI,Walk-in,Monday,September
2026-09-07,INV-13164,Cough Syrup 100ml,Syrup,Cough & Cold,₹85.00,1,₹85.00,0.0,₹0.00,₹85.00,5.0,₹4.25,₹89.25,Cash,Walk-in,Monday,September
2026-09-07,INV-13165,Atorvastatin 10mg,Tablet,Cardiac,₹3.20,2,₹6.40,0.0,₹0.00,₹6.40,5.0,₹0.32,₹6.72,UPI,Chronic,Monday,September
2026-09-07,INV-13166,Amoxicillin 500mg,Capsule,Antibiotic,₹8.50,3,₹25.50,0.0,₹0.00,₹25.50,18.0,₹4.59,₹30.09,UPI,Regular,Monday,September
2026-09-07,INV-13167,ORS Orange,Sachet,Hydration,₹20.00,1,₹20.00,0.0,₹0.00,₹20.00,18.0,₹3.60,₹23.60,UPI,New Customer,Monday,September
2026-09-07,INV-13168,Atorvastatin 10mg,Tablet,Cardiac,₹3.20,2,₹6.40,0.0,₹0.00,₹6.40,12.0,₹0.77,₹7.17,UPI,Regular,Monday,September
2026-09-07,INV-13169,Paracetamol 500mg,Tablet,Pain Relief,₹2.50,4,₹10.00,0.0,₹0.00,₹10.00,12.0,₹1.20,₹11.20,UPI,Walk-in,Monday,September
2026-09-07,INV-13170,Betadine 100ml,Solution,Antiseptic,₹85.00,2,₹170.00,0.0,₹0.00,₹170.00,5.0,₹8.50,₹178.50,Cash,Walk-in,Monday,September
2026-09-07,INV-13171,Amoxicillin 500mg,Capsule,Antibiotic,₹8.50,4,₹34.00,0.0,₹0.00,₹34.00,5.0,₹1.70,₹35.70,UPI,Walk-in,Monday,September
2026-09-07,INV-13172,Amoxicillin 500mg,Capsule,Antibiotic,₹8.50,6,₹51.00,3.0,₹1.53,₹49.47,5.0,₹2.47,₹51.94,Cash,Regular,Monday,September
2026-09-07,INV-13173,Levocetirizine 5mg,Tablet,Allergy,₹2.20,8,₹17.60,0.0,₹0.00,₹17.60,12.0,₹2.11,₹19.71,Cash,Regular,Monday,September
2026-09-07,INV-13174,Glimepiride 1mg,Tablet,Diabetes,₹2.00,1,₹2.00,0.0,₹0.00,₹2.00,5.0,₹0.10,₹2.10,Cash,New Customer,Monday,September
2026-09-07,INV-13175,Amlodipine 5mg,Tablet,Cardiac,₹1.80,5,₹9.00,0.0,₹0.00,₹9.00,18.0,₹1.62,₹10.62,UPI,New Customer,Monday,September
2026-09-07,INV-13176,Cetirizine 10mg,Tablet,Allergy,₹1.80,3,₹5.40,0.0,₹0.00,₹5.40,5.0,₹0.27,₹5.67,UPI,Regular,Monday,September
2026-09-07,INV-13177,Dolo 650,Tablet,Pain Relief,₹3.20,2,₹6.40,0.0,₹0.00,₹6.40,5.0,₹0.32,₹6.72,UPI,Regular,Monday,September
2026-09-07,INV-13178,B-Complex,Tablet,Vitamins,₹3.50,2,₹7.00,0.0,₹0.00,₹7.00,12.0,₹0.84,₹7.84,UPI,Walk-in,Monday,September
2026-09-07,INV-13179,ORS Lemon,Sachet,Hydration,₹22.00,1,₹22.00,0.0,₹0.00,₹22.00,5.0,₹1.10,₹23.10,UPI,Regular,Monday,September
2026-09-07,INV-13180,Cheston Cold,Tablet,Cough & Cold,₹4.00,2,₹8.00,5.0,₹0.40,₹7.60,12.0,₹0.91,₹8.51,Cash,Chronic,Monday,September
2026-09-07,INV-13181,Cough Syrup 100ml,Syrup,Cough & Cold,₹85.00,3,₹255.00,0.0,₹0.00,₹255.00,5.0,₹12.75,₹267.75,Cash,New Customer,Monday,September
2026-09-07,INV-13182,Electral ORS,Sachet,Hydration,₹20.00,1,₹20.00,0.0,₹0.00,₹20.00,12.0,₹2.40,₹22.40,Cash,Chronic,Monday,September
2026-09-07,INV-13183,Volini Gel 30g,Gel,Pain Relief,₹110.00,4,₹440.00,2.0,₹8.80,₹431.20,12.0,₹51.74,₹482.94,Cash,Walk-in,Monday,September
2026-09-07,INV-13184,Cheston Cold,Tablet,Cough & Cold,₹4.00,2,₹8.00,5.0,₹0.40,₹7.60,18.0,₹1.37,₹8.97,UPI,Walk-in,Monday,September
2026-09-07,INV-13185,Dolo 650,Tablet,Pain Relief,₹3.20,1,₹3.20,0.0,₹0.00,₹3.20,5.0,₹0.16,₹3.36,UPI,Chronic,Monday,September
2026-09-07,INV-13186,Pantoprazole 40mg,Tablet,Gastro,₹4.50,1,₹4.50,0.0,₹0.00,₹4.50,5.0,₹0.23,₹4.73,UPI,Walk-in,Monday,September
2026-09-07,INV-13187,Ondansetron 4mg,Tablet,Gastro,₹2.50,3,₹7.50,3.0,₹0.23,₹7.27,12.0,₹0.87,₹8.14,Cash,Walk-in,Monday,September
2026-09-07,INV-13188,Vicks Action 500,Tablet,Cough & Cold,₹5.00,3,₹15.00,3.0,₹0.45,₹14.55,5.0,₹0.73,₹15.28,Cash,Walk-in,Monday,September
2026-09-07,INV-13189,Telmisartan 40mg,Tablet,Cardiac,₹4.20,3,₹12.60,0.0,₹0.00,₹12.60,5.0,₹0.63,₹13.23,UPI,Walk-in,Monday,September
2026-09-07,INV-13190,Cough Syrup 100ml,Syrup,Cough & Cold,₹85.00,3,₹255.00,0.0,₹0.00,₹255.00,5.0,₹12.75,₹267.75,UPI,Walk-in,Monday,September
2026-09-07,INV-13191,Atorvastatin 10mg,Tablet,Cardiac,₹3.20,2,₹6.40,0.0,₹0.00,₹6.40,12.0,₹0.77,₹7.17,Cash,Regular,Monday,September
2026-09-07,INV-13192,Glimepiride 1mg,Tablet,Diabetes,₹2.00,2,₹4.00,0.0,₹0.00,₹4.00,5.0,₹0.20,₹4.20,Card,Walk-in,Monday,September
2026-09-07,INV-13193,Digene Gel 200ml,Suspension,Gastro,₹125.00,2,₹250.00,0.0,₹0.00,₹250.00,5.0,₹12.50,₹262.50,Cash,Regular,Monday,September
2026-09-07,INV-13194,ORS Lemon,Sachet,Hydration,₹22.00,1,₹22.00,0.0,₹0.00,₹22.00,5.0,₹1.10,₹23.10,UPI,Regular,Monday,September
2026-09-07,INV-13195,Amoxicillin 500mg,Capsule,Antibiotic,₹8.50,1,₹8.50,0.0,₹0.00,₹8.50,12.0,₹1.02,₹9.52,UPI,Walk-in,Monday,September
2026-09-07,INV-13196,Calcium + D3,Tablet,Vitamins,₹6.00,1,₹6.00,0.0,₹0.00,₹6.00,5.0,₹0.30,₹6.30,Cash,Chronic,Monday,September
2026-09-07,INV-13197,Ondansetron 4mg,Tablet,Gastro,₹2.50,4,₹10.00,0.0,₹0.00,₹10.00,5.0,₹0.50,₹10.50,UPI,Walk-in,Monday,September
2026-09-07,INV-13198,Telmisartan 40mg,Tablet,Cardiac,₹4.20,6,₹25.20,0.0,₹0.00,₹25.20,5.0,₹1.26,₹26.46,UPI,Walk-in,Monday,September
2026-09-08,INV-13199,Digene Gel 200ml,Suspension,Gastro,₹125.00,6,₹750.00,3.0,₹22.50,₹727.50,18.0,₹130.95,₹858.45,Cash,Walk-in,Tuesday,September
2026-09-08,INV-13200,Betadine 100ml,Solution,Antiseptic,₹85.00,2,₹170.00,0.0,₹0.00,₹170.00,5.0,₹8.50,₹178.50,UPI,Walk-in,Tuesday,September
2026-09-08,INV-13201,Paracetamol 500mg,Tablet,Pain Relief,₹2.50,4,₹10.00,0.0,₹0.00,₹10.00,12.0,₹1.20,₹11.20,Cash,Walk-in,Tuesday,September
2026-09-08,INV-13202,Atorvastatin 10mg,Tablet,Cardiac,₹3.20,1,₹3.20,0.0,₹0.00,₹3.20,5.0,₹0.16,₹3.36,UPI,Chronic,Tuesday,September
2026-09-08,INV-13203,Volini Gel 30g,Gel,Pain Relief,₹110.00,4,₹440.00,0.0,₹0.00,₹440.00,5.0,₹22.00,₹462.00,UPI,Walk-in,Tuesday,September
2026-09-08,INV-13204,Crocin Advance,Tablet,Pain Relief,₹3.00,3,₹9.00,0.0,₹0.00,₹9.00,12.0,₹1.08,₹10.08,Cash,Walk-in,Tuesday,September
2026-09-08,INV-13205,Volini Gel 30g,Gel,Pain Relief,₹110.00,1,₹110.00,0.0,₹0.00,₹110.00,5.0,₹5.50,₹115.50,Cash,Walk-in,Tuesday,September
2026-09-08,INV-13206,Telmisartan 40mg,Tablet,Cardiac,₹4.20,1,₹4.20,0.0,₹0.00,₹4.20,12.0,₹0.50,₹4.70,UPI,Chronic,Tuesday,September
2026-09-08,INV-13207,Cheston Cold,Tablet,Cough & Cold,₹4.00,4,₹16.00,0.0,₹0.00,₹16.00,18.0,₹2.88,₹18.88,Card,Walk-in,Tuesday,September
2026-09-08,INV-13208,Cough Syrup 100ml,Syrup,Cough & Cold,₹85.00,1,₹85.00,0.0,₹0.00,₹85.00,12.0,₹10.20,₹95.20,UPI,Walk-in,Tuesday,September
2026-09-08,INV-13209,Vicks Action 500,Tablet,Cough & Cold,₹5.00,3,₹15.00,5.0,₹0.75,₹14.25,5.0,₹0.71,₹14.96,UPI,Walk-in,Tuesday,September
2026-09-08,INV-13210,Vitamin C 500mg,Tablet,Vitamins,₹2.80,8,₹22.40,0.0,₹0.00,₹22.40,5.0,₹1.12,₹23.52,UPI,Walk-in,Tuesday,September
2026-09-08,INV-13211,Pantoprazole 40mg,Tablet,Gastro,₹4.50,6,₹27.00,0.0,₹0.00,₹27.00,12.0,₹3.24,₹30.24,Cash,Walk-in,Tuesday,September
2026-09-08,INV-13212,Pantoprazole 40mg,Tablet,Gastro,₹4.50,1,₹4.50,0.0,₹0.00,₹4.50,5.0,₹0.23,₹4.73,Cash,Regular,Tuesday,September
2026-09-08,INV-13213,Metformin 500mg,Tablet,Diabetes,₹1.50,1,₹1.50,5.0,₹0.07,₹1.43,12.0,₹0.17,₹1.60,Card,Walk-in,Tuesday,September
2026-09-08,INV-13214,Electral ORS,Sachet,Hydration,₹20.00,2,₹40.00,0.0,₹0.00,₹40.00,5.0,₹2.00,₹42.00,Cash,Walk-in,Tuesday,September
2026-09-08,INV-13215,Cough Syrup 100ml,Syrup,Cough & Cold,₹85.00,1,₹85.00,2.0,₹1.70,₹83.30,5.0,₹4.17,₹87.47,UPI,Regular,Tuesday,September
2026-09-08,INV-13216,Paracetamol 500mg,Tablet,Pain Relief,₹2.50,2,₹5.00,0.0,₹0.00,₹5.00,12.0,₹0.60,₹5.60,UPI,Chronic,Tuesday,September
2026-09-08,INV-13217,ORS Orange,Sachet,Hydration,₹20.00,2,₹40.00,0.0,₹0.00,₹40.00,5.0,₹2.00,₹42.00,Card,Regular,Tuesday,September
2026-09-08,INV-13218,Glimepiride 1mg,Tablet,Diabetes,₹2.00,3,₹6.00,0.0,₹0.00,₹6.00,5.0,₹0.30,₹6.30,Card,Regular,Tuesday,September
2026-09-08,INV-13219,Multivitamin Syrup 200ml,Syrup,Vitamins,₹145.00,1,₹145.00,0.0,₹0.00,₹145.00,5.0,₹7.25,₹152.25,Card,Walk-in,Tuesday,September
2026-09-08,INV-13220,Calcium + D3,Tablet,Vitamins,₹6.00,5,₹30.00,0.0,₹0.00,₹30.00,5.0,₹1.50,₹31.50,UPI,Regular,Tuesday,September
2026-09-08,INV-13221,Levocetirizine 5mg,Tablet,Allergy,₹2.20,1,₹2.20,0.0,₹0.00,₹2.20,5.0,₹0.11,₹2.31,UPI,New Customer,Tuesday,September
2026-09-08,INV-13222,Cetirizine 10mg,Tablet,Allergy,₹1.80,1,₹1.80,0.0,₹0.00,₹1.80,18.0,₹0.32,₹2.12,UPI,Walk-in,Tuesday,September
2026-09-08,INV-13223,Cheston Cold,Tablet,Cough & Cold,₹4.00,1,₹4.00,3.0,₹0.12,₹3.88,5.0,₹0.19,₹4.07,UPI,Regular,Tuesday,September
2026-09-08,INV-13224,Azithromycin 500mg,Tablet,Antibiotic,₹12.50,4,₹50.00,0.0,₹0.00,₹50.00,18.0,₹9.00,₹59.00,Cash,Walk-in,Tuesday,September
2026-09-08,INV-13225,Vicks Action 500,Tablet,Cough & Cold,₹5.00,3,₹15.00,0.0,₹0.00,₹15.00,12.0,₹1.80,₹16.80,UPI,Walk-in,Tuesday,September
2026-09-08,INV-13226,Pantoprazole 40mg,Tablet,Gastro,₹4.50,4,₹18.00,0.0,₹0.00,₹18.00,18.0,₹3.24,₹21.24,UPI,New Customer,Tuesday,September
2026-09-08,INV-13227,Vicks Action 500,Tablet,Cough & Cold,₹5.00,3,₹15.00,0.0,₹0.00,₹15.00,5.0,₹0.75,₹15.75,UPI,Regular,Tuesday,September
2026-09-08,INV-13228,Telmisartan 40mg,Tablet,Cardiac,₹4.20,2,₹8.40,0.0,₹0.00,₹8.40,5.0,₹0.42,₹8.82,UPI,Walk-in,Tuesday,September
2026-09-08,INV-13229,Digene Gel 200ml,Suspension,Gastro,₹125.00,3,₹375.00,0.0,₹0.00,₹375.00,18.0,₹67.50,₹442.50,Cash,Walk-in,Tuesday,September
2026-09-08,INV-13230,Crocin Advance,Tablet,Pain Relief,₹3.00,3,₹9.00,0.0,₹0.00,₹9.00,18.0,₹1.62,₹10.62,Card,Walk-in,Tuesday,September
2026-09-08,INV-13231,Azithromycin 500mg,Tablet,Antibiotic,₹12.50,1,₹12.50,0.0,₹0.00,₹12.50,5.0,₹0.62,₹13.12,UPI,Walk-in,Tuesday,September
2026-09-08,INV-13232,B-Complex,Tablet,Vitamins,₹3.50,4,₹14.00,2.0,₹0.28,₹13.72,5.0,₹0.69,₹14.41,UPI,Walk-in,Tuesday,September
2026-09-08,INV-13233,Cheston Cold,Tablet,Cough & Cold,₹4.00,1,₹4.00,0.0,₹0.00,₹4.00,5.0,₹0.20,₹4.20,Cash,Regular,Tuesday,September
2026-09-08,INV-13234,Betadine 100ml,Solution,Antiseptic,₹85.00,1,₹85.00,0.0,₹0.00,₹85.00,12.0,₹10.20,₹95.20,Cash,Walk-in,Tuesday,September
2026-09-08,INV-13235,Dolo 650,Tablet,Pain Relief,₹3.20,2,₹6.40,0.0,₹0.00,₹6.40,12.0,₹0.77,₹7.17,UPI,Walk-in,Tuesday,September
2026-09-08,INV-13236,Electral ORS,Sachet,Hydration,₹20.00,2,₹40.00,0.0,₹0.00,₹40.00,5.0,₹2.00,₹42.00,UPI,Regular,Tuesday,September
2026-09-08,INV-13237,Glimepiride 1mg,Tablet,Diabetes,₹2.00,1,₹2.00,3.0,₹0.06,₹1.94,12.0,₹0.23,₹2.17,Cash,Regular,Tuesday,September
2026-09-08,INV-13238,ORS Lemon,Sachet,Hydration,₹22.00,3,₹66.00,2.0,₹1.32,₹64.68,12.0,₹7.76,₹72.44,UPI,Regular,Tuesday,September
2026-09-09,INV-13239,Cheston Cold,Tablet,Cough & Cold,₹4.00,2,₹8.00,0.0,₹0.00,₹8.00,18.0,₹1.44,₹9.44,Cash,Walk-in,Wednesday,September
2026-09-09,INV-13240,ORS Orange,Sachet,Hydration,₹20.00,3,₹60.00,3.0,₹1.80,₹58.20,12.0,₹6.98,₹65.18,UPI,Regular,Wednesday,September
2026-09-09,INV-13241,Telmisartan 40mg,Tablet,Cardiac,₹4.20,3,₹12.60,0.0,₹0.00,₹12.60,12.0,₹1.51,₹14.11,Cash,Walk-in,Wednesday,September
2026-09-09,INV-13242,Digene Gel 200ml,Suspension,Gastro,₹125.00,1,₹125.00,0.0,₹0.00,₹125.00,12.0,₹15.00,₹140.00,UPI,Walk-in,Wednesday,September
2026-09-09,INV-13243,Dettol Antiseptic 100ml,Liquid,Antiseptic,₹75.00,1,₹75.00,2.0,₹1.50,₹73.50,18.0,₹13.23,₹86.73,UPI,New Customer,Wednesday,September
2026-09-09,INV-13244,Meftal Spas,Tablet,Pain Relief,₹3.80,5,₹19.00,0.0,₹0.00,₹19.00,12.0,₹2.28,₹21.28,UPI,New Customer,Wednesday,September
2026-09-09,INV-13245,Paracetamol 500mg,Tablet,Pain Relief,₹2.50,5,₹12.50,0.0,₹0.00,₹12.50,12.0,₹1.50,₹14.00,UPI,Walk-in,Wednesday,September
2026-09-09,INV-13246,Pantoprazole 40mg,Tablet,Gastro,₹4.50,3,₹13.50,0.0,₹0.00,₹13.50,12.0,₹1.62,₹15.12,Cash,Regular,Wednesday,September
2026-09-09,INV-13247,ORS Lemon,Sachet,Hydration,₹22.00,1,₹22.00,0.0,₹0.00,₹22.00,18.0,₹3.96,₹25.96,Cash,Walk-in,Wednesday,September
2026-09-09,INV-13248,B-Complex,Tablet,Vitamins,₹3.50,3,₹10.50,0.0,₹0.00,₹10.50,12.0,₹1.26,₹11.76,UPI,Walk-in,Wednesday,September
2026-09-09,INV-13249,Amoxicillin 500mg,Capsule,Antibiotic,₹8.50,6,₹51.00,0.0,₹0.00,₹51.00,18.0,₹9.18,₹60.18,UPI,Regular,Wednesday,September
2026-09-09,INV-13250,Vicks Action 500,Tablet,Cough & Cold,₹5.00,1,₹5.00,0.0,₹0.00,₹5.00,5.0,₹0.25,₹5.25,Card,New Customer,Wednesday,September
2026-09-09,INV-13251,Omeprazole 20mg,Capsule,Gastro,₹3.80,2,₹7.60,0.0,₹0.00,₹7.60,5.0,₹0.38,₹7.98,UPI,New Customer,Wednesday,September
2026-09-09,INV-13252,ORS Lemon,Sachet,Hydration,₹22.00,2,₹44.00,3.0,₹1.32,₹42.68,5.0,₹2.13,₹44.81,UPI,Chronic,Wednesday,September
2026-09-09,INV-13253,Calcium + D3,Tablet,Vitamins,₹6.00,4,₹24.00,5.0,₹1.20,₹22.80,18.0,₹4.10,₹26.90,UPI,Chronic,Wednesday,September
2026-09-09,INV-13254,Ondansetron 4mg,Tablet,Gastro,₹2.50,8,₹20.00,0.0,₹0.00,₹20.00,5.0,₹1.00,₹21.00,UPI,Walk-in,Wednesday,September
2026-09-09,INV-13255,Multivitamin Syrup 200ml,Syrup,Vitamins,₹145.00,2,₹290.00,0.0,₹0.00,₹290.00,18.0,₹52.20,₹342.20,UPI,Regular,Wednesday,September
2026-09-09,INV-13256,Electral ORS,Sachet,Hydration,₹20.00,4,₹80.00,0.0,₹0.00,₹80.00,5.0,₹4.00,₹84.00,UPI,Chronic,Wednesday,September
2026-09-09,INV-13257,Calcium + D3,Tablet,Vitamins,₹6.00,1,₹6.00,3.0,₹0.18,₹5.82,18.0,₹1.05,₹6.87,Cash,Chronic,Wednesday,September
2026-09-09,INV-13258,Multivitamin Syrup 200ml,Syrup,Vitamins,₹145.00,2,₹290.00,2.0,₹5.80,₹284.20,12.0,₹34.10,₹318.30,UPI,Chronic,Wednesday,September
2026-09-09,INV-13259,Crocin Advance,Tablet,Pain Relief,₹3.00,1,₹3.00,0.0,₹0.00,₹3.00,18.0,₹0.54,₹3.54,UPI,Walk-in,Wednesday,September
2026-09-09,INV-13260,ORS Orange,Sachet,Hydration,₹20.00,2,₹40.00,0.0,₹0.00,₹40.00,12.0,₹4.80,₹44.80,Cash,Regular,Wednesday,September
2026-09-09,INV-13261,Cheston Cold,Tablet,Cough & Cold,₹4.00,2,₹8.00,2.0,₹0.16,₹7.84,5.0,₹0.39,₹8.23,UPI,Walk-in,Wednesday,September
2026-09-09,INV-13262,Glimepiride 1mg,Tablet,Diabetes,₹2.00,1,₹2.00,0.0,₹0.00,₹2.00,18.0,₹0.36,₹2.36,Cash,New Customer,Wednesday,September
2026-09-09,INV-13263,Cough Syrup 100ml,Syrup,Cough & Cold,₹85.00,1,₹85.00,0.0,₹0.00,₹85.00,5.0,₹4.25,₹89.25,Cash,Chronic,Wednesday,September
2026-09-09,INV-13264,Multivitamin Syrup 200ml,Syrup,Vitamins,₹145.00,3,₹435.00,0.0,₹0.00,₹435.00,5.0,₹21.75,₹456.75,UPI,Walk-in,Wednesday,September
2026-09-09,INV-13265,Atorvastatin 10mg,Tablet,Cardiac,₹3.20,1,₹3.20,0.0,₹0.00,₹3.20,5.0,₹0.16,₹3.36,Card,Walk-in,Wednesday,September
2026-09-09,INV-13266,Amoxicillin 500mg,Capsule,Antibiotic,₹8.50,5,₹42.50,0.0,₹0.00,₹42.50,12.0,₹5.10,₹47.60,Cash,Chronic,Wednesday,September
2026-09-09,INV-13267,Volini Gel 30g,Gel,Pain Relief,₹110.00,2,₹220.00,2.0,₹4.40,₹215.60,12.0,₹25.87,₹241.47,UPI,Walk-in,Wednesday,September
2026-09-09,INV-13268,Levocetirizine 5mg,Tablet,Allergy,₹2.20,3,₹6.60,5.0,₹0.33,₹6.27,12.0,₹0.75,₹7.02,Card,Walk-in,Wednesday,September
2026-09-09,INV-13269,Atorvastatin 10mg,Tablet,Cardiac,₹3.20,1,₹3.20,0.0,₹0.00,₹3.20,12.0,₹0.38,₹3.58,UPI,Regular,Wednesday,September
2026-09-09,INV-13270,Cough Syrup 100ml,Syrup,Cough & Cold,₹85.00,2,₹170.00,2.0,₹3.40,₹166.60,5.0,₹8.33,₹174.93,UPI,Regular,Wednesday,September
2026-09-09,INV-13271,Vicks Action 500,Tablet,Cough & Cold,₹5.00,4,₹20.00,3.0,₹0.60,₹19.40,18.0,₹3.49,₹22.89,Cash,Walk-in,Wednesday,September
2026-09-09,INV-13272,Electral ORS,Sachet,Hydration,₹20.00,2,₹40.00,0.0,₹0.00,₹40.00,5.0,₹2.00,₹42.00,Cash,Regular,Wednesday,September
2026-09-09,INV-13273,Vitamin C 500mg,Tablet,Vitamins,₹2.80,1,₹2.80,0.0,₹0.00,₹2.80,18.0,₹0.50,₹3.30,Cash,Regular,Wednesday,September
2026-09-10,INV-13274,Calcium + D3,Tablet,Vitamins,₹6.00,1,₹6.00,0.0,₹0.00,₹6.00,5.0,₹0.30,₹6.30,Cash,Walk-in,Thursday,September
2026-09-10,INV-13275,ORS Orange,Sachet,Hydration,₹20.00,1,₹20.00,0.0,₹0.00,₹20.00,5.0,₹1.00,₹21.00,UPI,Walk-in,Thursday,September
2026-09-10,INV-13276,Digene Gel 200ml,Suspension,Gastro,₹125.00,1,₹125.00,0.0,₹0.00,₹125.00,5.0,₹6.25,₹131.25,UPI,Walk-in,Thursday,September
2026-09-10,INV-13277,Meftal Spas,Tablet,Pain Relief,₹3.80,1,₹3.80,2.0,₹0.08,₹3.72,12.0,₹0.45,₹4.17,Card,Walk-in,Thursday,September
2026-09-10,INV-13278,B-Complex,Tablet,Vitamins,₹3.50,1,₹3.50,0.0,₹0.00,₹3.50,5.0,₹0.17,₹3.67,Cash,Chronic,Thursday,September
2026-09-10,INV-13279,Telmisartan 40mg,Tablet,Cardiac,₹4.20,8,₹33.60,0.0,₹0.00,₹33.60,18.0,₹6.05,₹39.65,Cash,Chronic,Thursday,September
2026-09-10,INV-13280,Vitamin C 500mg,Tablet,Vitamins,₹2.80,4,₹11.20,0.0,₹0.00,₹11.20,5.0,₹0.56,₹11.76,UPI,Walk-in,Thursday,September
2026-09-10,INV-13281,Vicks Action 500,Tablet,Cough & Cold,₹5.00,2,₹10.00,5.0,₹0.50,₹9.50,5.0,₹0.47,₹9.97,UPI,Chronic,Thursday,September
2026-09-10,INV-13282,Telmisartan 40mg,Tablet,Cardiac,₹4.20,3,₹12.60,3.0,₹0.38,₹12.22,12.0,₹1.47,₹13.69,UPI,Walk-in,Thursday,September
2026-09-10,INV-13283,Volini Gel 30g,Gel,Pain Relief,₹110.00,2,₹220.00,5.0,₹11.00,₹209.00,5.0,₹10.45,₹219.45,UPI,Walk-in,Thursday,September
2026-09-10,INV-13284,Azithromycin 500mg,Tablet,Antibiotic,₹12.50,1,₹12.50,0.0,₹0.00,₹12.50,18.0,₹2.25,₹14.75,Cash,New Customer,Thursday,September
2026-09-10,INV-13285,Dettol Antiseptic 100ml,Liquid,Antiseptic,₹75.00,1,₹75.00,0.0,₹0.00,₹75.00,5.0,₹3.75,₹78.75,UPI,Chronic,Thursday,September
2026-09-10,INV-13286,Azithromycin 500mg,Tablet,Antibiotic,₹12.50,1,₹12.50,0.0,₹0.00,₹12.50,12.0,₹1.50,₹14.00,UPI,Walk-in,Thursday,September
2026-09-10,INV-13287,Crocin Advance,Tablet,Pain Relief,₹3.00,6,₹18.00,0.0,₹0.00,₹18.00,5.0,₹0.90,₹18.90,UPI,Walk-in,Thursday,September
2026-09-10,INV-13288,Volini Gel 30g,Gel,Pain Relief,₹110.00,1,₹110.00,0.0,₹0.00,₹110.00,5.0,₹5.50,₹115.50,UPI,Regular,Thursday,September
2026-09-10,INV-13289,Cetirizine 10mg,Tablet,Allergy,₹1.80,1,₹1.80,0.0,₹0.00,₹1.80,5.0,₹0.09,₹1.89,Cash,Walk-in,Thursday,September
2026-09-10,INV-13290,Amoxicillin 500mg,Capsule,Antibiotic,₹8.50,5,₹42.50,0.0,₹0.00,₹42.50,12.0,₹5.10,₹47.60,UPI,Walk-in,Thursday,September
2026-09-10,INV-13291,Electral ORS,Sachet,Hydration,₹20.00,2,₹40.00,2.0,₹0.80,₹39.20,5.0,₹1.96,₹41.16,UPI,Walk-in,Thursday,September
2026-09-10,INV-13292,Digene Gel 200ml,Suspension,Gastro,₹125.00,1,₹125.00,0.0,₹0.00,₹125.00,12.0,₹15.00,₹140.00,Card,Regular,Thursday,September
2026-09-10,INV-13293,Omeprazole 20mg,Capsule,Gastro,₹3.80,1,₹3.80,0.0,₹0.00,₹3.80,5.0,₹0.19,₹3.99,UPI,Walk-in,Thursday,September
2026-09-10,INV-13294,Crocin Advance,Tablet,Pain Relief,₹3.00,3,₹9.00,0.0,₹0.00,₹9.00,5.0,₹0.45,₹9.45,UPI,Chronic,Thursday,September
2026-09-10,INV-13295,ORS Orange,Sachet,Hydration,₹20.00,4,₹80.00,0.0,₹0.00,₹80.00,5.0,₹4.00,₹84.00,Cash,Walk-in,Thursday,September
2026-09-10,INV-13296,Omeprazole 20mg,Capsule,Gastro,₹3.80,3,₹11.40,3.0,₹0.34,₹11.06,5.0,₹0.55,₹11.61,Cash,Walk-in,Thursday,September
2026-09-10,INV-13297,ORS Orange,Sachet,Hydration,₹20.00,3,₹60.00,0.0,₹0.00,₹60.00,5.0,₹3.00,₹63.00,UPI,Regular,Thursday,September
2026-09-10,INV-13298,Vitamin C 500mg,Tablet,Vitamins,₹2.80,8,₹22.40,0.0,₹0.00,₹22.40,5.0,₹1.12,₹23.52,Card,Walk-in,Thursday,September
2026-09-10,INV-13299,Crocin Advance,Tablet,Pain Relief,₹3.00,3,₹9.00,0.0,₹0.00,₹9.00,18.0,₹1.62,₹10.62,UPI,Walk-in,Thursday,September
2026-09-10,INV-13300,Cough Syrup 100ml,Syrup,Cough & Cold,₹85.00,1,₹85.00,0.0,₹0.00,₹85.00,12.0,₹10.20,₹95.20,Cash,Chronic,Thursday,September
2026-09-10,INV-13301,Atorvastatin 10mg,Tablet,Cardiac,₹3.20,2,₹6.40,0.0,₹0.00,₹6.40,5.0,₹0.32,₹6.72,Cash,Walk-in,Thursday,September
2026-09-10,INV-13302,Cheston Cold,Tablet,Cough & Cold,₹4.00,3,₹12.00,0.0,₹0.00,₹12.00,5.0,₹0.60,₹12.60,Card,Walk-in,Thursday,September
2026-09-10,INV-13303,Vitamin C 500mg,Tablet,Vitamins,₹2.80,2,₹5.60,0.0,₹0.00,₹5.60,12.0,₹0.67,₹6.27,UPI,New Customer,Thursday,September
2026-09-10,INV-13304,Digene Gel 200ml,Suspension,Gastro,₹125.00,1,₹125.00,0.0,₹0.00,₹125.00,5.0,₹6.25,₹131.25,UPI,Regular,Thursday,September
2026-09-10,INV-13305,Amlodipine 5mg,Tablet,Cardiac,₹1.80,1,₹1.80,0.0,₹0.00,₹1.80,5.0,₹0.09,₹1.89,UPI,Walk-in,Thursday,September
2026-09-10,INV-13306,Azithromycin 500mg,Tablet,Antibiotic,₹12.50,2,₹25.00,3.0,₹0.75,₹24.25,5.0,₹1.21,₹25.46,Cash,Regular,Thursday,September
2026-09-10,INV-13307,ORS Lemon,Sachet,Hydration,₹22.00,1,₹22.00,0.0,₹0.00,₹22.00,12.0,₹2.64,₹24.64,Cash,Regular,Thursday,September
2026-09-10,INV-13308,Amlodipine 5mg,Tablet,Cardiac,₹1.80,1,₹1.80,0.0,₹0.00,₹1.80,5.0,₹0.09,₹1.89,UPI,Walk-in,Thursday,September
2026-09-10,INV-13309,Multivitamin Syrup 200ml,Syrup,Vitamins,₹145.00,2,₹290.00,3.0,₹8.70,₹281.30,5.0,₹14.06,₹295.36,UPI,Regular,Thursday,September
2026-09-10,INV-13310,Pantoprazole 40mg,Tablet,Gastro,₹4.50,1,₹4.50,0.0,₹0.00,₹4.50,12.0,₹0.54,₹5.04,Cash,Regular,Thursday,September
2026-09-10,INV-13311,Omeprazole 20mg,Capsule,Gastro,₹3.80,2,₹7.60,0.0,₹0.00,₹7.60,18.0,₹1.37,₹8.97,Cash,Walk-in,Thursday,September
2026-09-11,INV-13312,B-Complex,Tablet,Vitamins,₹3.50,1,₹3.50,3.0,₹0.10,₹3.40,5.0,₹0.17,₹3.57,Card,Walk-in,Friday,September
2026-09-11,INV-13313,Glimepiride 1mg,Tablet,Diabetes,₹2.00,3,₹6.00,0.0,₹0.00,₹6.00,5.0,₹0.30,₹6.30,UPI,Walk-in,Friday,September
2026-09-11,INV-13314,Electral ORS,Sachet,Hydration,₹20.00,2,₹40.00,0.0,₹0.00,₹40.00,5.0,₹2.00,₹42.00,UPI,Walk-in,Friday,September
2026-09-11,INV-13315,Cough Syrup 100ml,Syrup,Cough & Cold,₹85.00,4,₹340.00,0.0,₹0.00,₹340.00,12.0,₹40.80,₹380.80,UPI,Walk-in,Friday,September
2026-09-11,INV-13316,Betadine 100ml,Solution,Antiseptic,₹85.00,5,₹425.00,0.0,₹0.00,₹425.00,5.0,₹21.25,₹446.25,Card,Regular,Friday,September
2026-09-11,INV-13317,Glimepiride 1mg,Tablet,Diabetes,₹2.00,5,₹10.00,0.0,₹0.00,₹10.00,12.0,₹1.20,₹11.20,Cash,Regular,Friday,September
2026-09-11,INV-13318,Cough Syrup 100ml,Syrup,Cough & Cold,₹85.00,3,₹255.00,0.0,₹0.00,₹255.00,18.0,₹45.90,₹300.90,Card,Regular,Friday,September
2026-09-11,INV-13319,Dolo 650,Tablet,Pain Relief,₹3.20,2,₹6.40,0.0,₹0.00,₹6.40,18.0,₹1.15,₹7.55,UPI,Walk-in,Friday,September
2026-09-11,INV-13320,Azithromycin 500mg,Tablet,Antibiotic,₹12.50,1,₹12.50,0.0,₹0.00,₹12.50,5.0,₹0.62,₹13.12,Card,New Customer,Friday,September
2026-09-11,INV-13321,Betadine 100ml,Solution,Antiseptic,₹85.00,1,₹85.00,2.0,₹1.70,₹83.30,12.0,₹10.00,₹93.30,Card,Regular,Friday,September
2026-09-11,INV-13322,Dettol Antiseptic 100ml,Liquid,Antiseptic,₹75.00,3,₹225.00,0.0,₹0.00,₹225.00,12.0,₹27.00,₹252.00,Card,Walk-in,Friday,September
2026-09-11,INV-13323,Digene Gel 200ml,Suspension,Gastro,₹125.00,2,₹250.00,0.0,₹0.00,₹250.00,12.0,₹30.00,₹280.00,UPI,New Customer,Friday,September
2026-09-11,INV-13324,Azithromycin 500mg,Tablet,Antibiotic,₹12.50,4,₹50.00,0.0,₹0.00,₹50.00,5.0,₹2.50,₹52.50,UPI,Walk-in,Friday,September
2026-09-11,INV-13325,Dettol Antiseptic 100ml,Liquid,Antiseptic,₹75.00,1,₹75.00,0.0,₹0.00,₹75.00,5.0,₹3.75,₹78.75,Card,Regular,Friday,September
2026-09-11,INV-13326,Atorvastatin 10mg,Tablet,Cardiac,₹3.20,1,₹3.20,0.0,₹0.00,₹3.20,12.0,₹0.38,₹3.58,Cash,Walk-in,Friday,September
2026-09-11,INV-13327,Paracetamol 500mg,Tablet,Pain Relief,₹2.50,6,₹15.00,0.0,₹0.00,₹15.00,12.0,₹1.80,₹16.80,Cash,Chronic,Friday,September
2026-09-11,INV-13328,Paracetamol 500mg,Tablet,Pain Relief,₹2.50,4,₹10.00,0.0,₹0.00,₹10.00,5.0,₹0.50,₹10.50,UPI,New Customer,Friday,September
2026-09-11,INV-13329,Multivitamin Syrup 200ml,Syrup,Vitamins,₹145.00,3,₹435.00,0.0,₹0.00,₹435.00,5.0,₹21.75,₹456.75,UPI,Chronic,Friday,September
2026-09-11,INV-13330,Amoxicillin 500mg,Capsule,Antibiotic,₹8.50,4,₹34.00,0.0,₹0.00,₹34.00,5.0,₹1.70,₹35.70,Card,Walk-in,Friday,September
2026-09-11,INV-13331,Vicks Action 500,Tablet,Cough & Cold,₹5.00,2,₹10.00,0.0,₹0.00,₹10.00,12.0,₹1.20,₹11.20,UPI,Walk-in,Friday,September
2026-09-11,INV-13332,Vitamin C 500mg,Tablet,Vitamins,₹2.80,4,₹11.20,2.0,₹0.22,₹10.98,12.0,₹1.32,₹12.30,UPI,Chronic,Friday,September
2026-09-11,INV-13333,Cetirizine 10mg,Tablet,Allergy,₹1.80,1,₹1.80,0.0,₹0.00,₹1.80,5.0,₹0.09,₹1.89,Card,Walk-in,Friday,September
2026-09-11,INV-13334,Cetirizine 10mg,Tablet,Allergy,₹1.80,5,₹9.00,0.0,₹0.00,₹9.00,18.0,₹1.62,₹10.62,UPI,Chronic,Friday,September
2026-09-11,INV-13335,Digene Gel 200ml,Suspension,Gastro,₹125.00,1,₹125.00,0.0,₹0.00,₹125.00,5.0,₹6.25,₹131.25,Card,Walk-in,Friday,September
2026-09-11,INV-13336,Atorvastatin 10mg,Tablet,Cardiac,₹3.20,3,₹9.60,0.0,₹0.00,₹9.60,5.0,₹0.48,₹10.08,Card,Regular,Friday,September
2026-09-11,INV-13337,Volini Gel 30g,Gel,Pain Relief,₹110.00,1,₹110.00,0.0,₹0.00,₹110.00,5.0,₹5.50,₹115.50,Cash,Regular,Friday,September
2026-09-11,INV-13338,Vicks Action 500,Tablet,Cough & Cold,₹5.00,2,₹10.00,3.0,₹0.30,₹9.70,18.0,₹1.75,₹11.45,UPI,Walk-in,Friday,September
2026-09-11,INV-13339,B-Complex,Tablet,Vitamins,₹3.50,1,₹3.50,3.0,₹0.10,₹3.40,12.0,₹0.41,₹3.81,UPI,Regular,Friday,September
2026-09-11,INV-13340,Pantoprazole 40mg,Tablet,Gastro,₹4.50,2,₹9.00,2.0,₹0.18,₹8.82,5.0,₹0.44,₹9.26,UPI,Walk-in,Friday,September
2026-09-11,INV-13341,Ondansetron 4mg,Tablet,Gastro,₹2.50,5,₹12.50,0.0,₹0.00,₹12.50,12.0,₹1.50,₹14.00,UPI,Regular,Friday,September
2026-09-12,INV-13342,Vicks Action 500,Tablet,Cough & Cold,₹5.00,1,₹5.00,0.0,₹0.00,₹5.00,12.0,₹0.60,₹5.60,UPI,Regular,Saturday,September
2026-09-12,INV-13343,Dettol Antiseptic 100ml,Liquid,Antiseptic,₹75.00,2,₹150.00,0.0,₹0.00,₹150.00,5.0,₹7.50,₹157.50,UPI,Walk-in,Saturday,September
2026-09-12,INV-13344,Cheston Cold,Tablet,Cough & Cold,₹4.00,2,₹8.00,0.0,₹0.00,₹8.00,5.0,₹0.40,₹8.40,UPI,Regular,Saturday,September
2026-09-12,INV-13345,Digene Gel 200ml,Suspension,Gastro,₹125.00,1,₹125.00,0.0,₹0.00,₹125.00,18.0,₹22.50,₹147.50,UPI,Walk-in,Saturday,September
2026-09-12,INV-13346,Omeprazole 20mg,Capsule,Gastro,₹3.80,2,₹7.60,0.0,₹0.00,₹7.60,5.0,₹0.38,₹7.98,UPI,Walk-in,Saturday,September
2026-09-12,INV-13347,Crocin Advance,Tablet,Pain Relief,₹3.00,2,₹6.00,0.0,₹0.00,₹6.00,5.0,₹0.30,₹6.30,UPI,Chronic,Saturday,September
2026-09-12,INV-13348,Digene Gel 200ml,Suspension,Gastro,₹125.00,2,₹250.00,0.0,₹0.00,₹250.00,5.0,₹12.50,₹262.50,UPI,Walk-in,Saturday,September
2026-09-12,INV-13349,B-Complex,Tablet,Vitamins,₹3.50,2,₹7.00,0.0,₹0.00,₹7.00,5.0,₹0.35,₹7.35,UPI,Regular,Saturday,September
2026-09-12,INV-13350,B-Complex,Tablet,Vitamins,₹3.50,3,₹10.50,0.0,₹0.00,₹10.50,5.0,₹0.53,₹11.03,Cash,Walk-in,Saturday,September
2026-09-12,INV-13351,Omeprazole 20mg,Capsule,Gastro,₹3.80,3,₹11.40,3.0,₹0.34,₹11.06,5.0,₹0.55,₹11.61,Cash,Walk-in,Saturday,September
2026-09-12,INV-13352,Amlodipine 5mg,Tablet,Cardiac,₹1.80,4,₹7.20,2.0,₹0.14,₹7.06,12.0,₹0.85,₹7.91,Cash,Regular,Saturday,September
2026-09-12,INV-13353,Amoxicillin 500mg,Capsule,Antibiotic,₹8.50,1,₹8.50,0.0,₹0.00,₹8.50,5.0,₹0.42,₹8.92,UPI,Walk-in,Saturday,September
2026-09-12,INV-13354,Electral ORS,Sachet,Hydration,₹20.00,1,₹20.00,0.0,₹0.00,₹20.00,5.0,₹1.00,₹21.00,UPI,Regular,Saturday,September
2026-09-12,INV-13355,Dolo 650,Tablet,Pain Relief,₹3.20,1,₹3.20,0.0,₹0.00,₹3.20,5.0,₹0.16,₹3.36,UPI,Regular,Saturday,September
2026-09-12,INV-13356,Atorvastatin 10mg,Tablet,Cardiac,₹3.20,3,₹9.60,3.0,₹0.29,₹9.31,12.0,₹1.12,₹10.43,Card,Walk-in,Saturday,September
2026-09-12,INV-13357,Meftal Spas,Tablet,Pain Relief,₹3.80,1,₹3.80,2.0,₹0.08,₹3.72,5.0,₹0.19,₹3.91,Cash,Chronic,Saturday,September
2026-09-12,INV-13358,Cough Syrup 100ml,Syrup,Cough & Cold,₹85.00,4,₹340.00,0.0,₹0.00,₹340.00,5.0,₹17.00,₹357.00,UPI,New Customer,Saturday,September
2026-09-12,INV-13359,Cheston Cold,Tablet,Cough & Cold,₹4.00,6,₹24.00,2.0,₹0.48,₹23.52,5.0,₹1.18,₹24.70,Card,Walk-in,Saturday,September
2026-09-12,INV-13360,Azithromycin 500mg,Tablet,Antibiotic,₹12.50,3,₹37.50,3.0,₹1.12,₹36.38,5.0,₹1.82,₹38.20,Cash,Walk-in,Saturday,September
2026-09-12,INV-13361,Vicks Action 500,Tablet,Cough & Cold,₹5.00,4,₹20.00,2.0,₹0.40,₹19.60,12.0,₹2.35,₹21.95,UPI,Walk-in,Saturday,September
2026-09-12,INV-13362,Betadine 100ml,Solution,Antiseptic,₹85.00,1,₹85.00,0.0,₹0.00,₹85.00,18.0,₹15.30,₹100.30,UPI,Regular,Saturday,September
2026-09-12,INV-13363,Amlodipine 5mg,Tablet,Cardiac,₹1.80,2,₹3.60,0.0,₹0.00,₹3.60,18.0,₹0.65,₹4.25,UPI,Walk-in,Saturday,September
2026-09-12,INV-13364,Ondansetron 4mg,Tablet,Gastro,₹2.50,1,₹2.50,2.0,₹0.05,₹2.45,5.0,₹0.12,₹2.57,Cash,Walk-in,Saturday,September
2026-09-12,INV-13365,Cough Syrup 100ml,Syrup,Cough & Cold,₹85.00,6,₹510.00,5.0,₹25.50,₹484.50,5.0,₹24.23,₹508.73,Cash,Walk-in,Saturday,September
2026-09-12,INV-13366,Pantoprazole 40mg,Tablet,Gastro,₹4.50,2,₹9.00,2.0,₹0.18,₹8.82,12.0,₹1.06,₹9.88,UPI,Chronic,Saturday,September
2026-09-12,INV-13367,Telmisartan 40mg,Tablet,Cardiac,₹4.20,2,₹8.40,2.0,₹0.17,₹8.23,12.0,₹0.99,₹9.22,Cash,Walk-in,Saturday,September
2026-09-12,INV-13368,Vitamin C 500mg,Tablet,Vitamins,₹2.80,1,₹2.80,0.0,₹0.00,₹2.80,5.0,₹0.14,₹2.94,Card,Regular,Saturday,September
2026-09-12,INV-13369,Dettol Antiseptic 100ml,Liquid,Antiseptic,₹75.00,3,₹225.00,0.0,₹0.00,₹225.00,12.0,₹27.00,₹252.00,Card,Walk-in,Saturday,September
2026-09-12,INV-13370,Electral ORS,Sachet,Hydration,₹20.00,3,₹60.00,0.0,₹0.00,₹60.00,12.0,₹7.20,₹67.20,UPI,New Customer,Saturday,September
2026-09-12,INV-13371,Glimepiride 1mg,Tablet,Diabetes,₹2.00,2,₹4.00,0.0,₹0.00,₹4.00,12.0,₹0.48,₹4.48,Card,Walk-in,Saturday,September
2026-09-12,INV-13372,Amoxicillin 500mg,Capsule,Antibiotic,₹8.50,2,₹17.00,0.0,₹0.00,₹17.00,12.0,₹2.04,₹19.04,Cash,New Customer,Saturday,September
2026-09-12,INV-13373,Dettol Antiseptic 100ml,Liquid,Antiseptic,₹75.00,1,₹75.00,3.0,₹2.25,₹72.75,5.0,₹3.64,₹76.39,UPI,Chronic,Saturday,September
2026-09-12,INV-13374,Crocin Advance,Tablet,Pain Relief,₹3.00,5,₹15.00,0.0,₹0.00,₹15.00,5.0,₹0.75,₹15.75,UPI,Walk-in,Saturday,September
2026-09-12,INV-13375,Vitamin C 500mg,Tablet,Vitamins,₹2.80,1,₹2.80,3.0,₹0.08,₹2.72,5.0,₹0.14,₹2.86,Cash,Regular,Saturday,September
2026-09-12,INV-13376,Metformin 500mg,Tablet,Diabetes,₹1.50,1,₹1.50,0.0,₹0.00,₹1.50,18.0,₹0.27,₹1.77,UPI,Chronic,Saturday,September
2026-09-12,INV-13377,Glimepiride 1mg,Tablet,Diabetes,₹2.00,5,₹10.00,0.0,₹0.00,₹10.00,18.0,₹1.80,₹11.80,UPI,Walk-in,Saturday,September
2026-09-12,INV-13378,B-Complex,Tablet,Vitamins,₹3.50,1,₹3.50,2.0,₹0.07,₹3.43,5.0,₹0.17,₹3.60,Cash,Walk-in,Saturday,September
2026-09-12,INV-13379,Levocetirizine 5mg,Tablet,Allergy,₹2.20,1,₹2.20,0.0,₹0.00,₹2.20,5.0,₹0.11,₹2.31,UPI,Chronic,Saturday,September
2026-09-12,INV-13380,Metformin 500mg,Tablet,Diabetes,₹1.50,1,₹1.50,0.0,₹0.00,₹1.50,5.0,₹0.07,₹1.57,Card,Walk-in,Saturday,September
2026-09-12,INV-13381,Crocin Advance,Tablet,Pain Relief,₹3.00,1,₹3.00,0.0,₹0.00,₹3.00,5.0,₹0.15,₹3.15,Cash,Walk-in,Saturday,September
2026-09-12,INV-13382,Vitamin C 500mg,Tablet,Vitamins,₹2.80,1,₹2.80,0.0,₹0.00,₹2.80,5.0,₹0.14,₹2.94,UPI,Walk-in,Saturday,September
2026-09-12,INV-13383,Pantoprazole 40mg,Tablet,Gastro,₹4.50,1,₹4.50,3.0,₹0.14,₹4.36,5.0,₹0.22,₹4.58,UPI,Regular,Saturday,September
2026-09-12,INV-13384,Digene Gel 200ml,Suspension,Gastro,₹125.00,1,₹125.00,0.0,₹0.00,₹125.00,18.0,₹22.50,₹147.50,UPI,Regular,Saturday,September
2026-09-12,INV-13385,ORS Orange,Sachet,Hydration,₹20.00,5,₹100.00,0.0,₹0.00,₹100.00,5.0,₹5.00,₹105.00,UPI,Walk-in,Saturday,September
2026-09-12,INV-13386,Vitamin C 500mg,Tablet,Vitamins,₹2.80,5,₹14.00,0.0,₹0.00,₹14.00,5.0,₹0.70,₹14.70,Card,Regular,Saturday,September
2026-09-12,INV-13387,Amlodipine 5mg,Tablet,Cardiac,₹1.80,1,₹1.80,0.0,₹0.00,₹1.80,5.0,₹0.09,₹1.89,UPI,Walk-in,Saturday,September
2026-09-12,INV-13388,Crocin Advance,Tablet,Pain Relief,₹3.00,1,₹3.00,0.0,₹0.00,₹3.00,12.0,₹0.36,₹3.36,Cash,Regular,Saturday,September
